cve_ent,poblacion,nombre,26/02/2020,27/02/2020,28/02/2020,29/02/2020,01/03/2020,02/03/2020,03/03/2020,04/03/2020,05/03/2020,06/03/2020,07/03/2020,08/03/2020,09/03/2020,10/03/2020,11/03/2020,12/03/2020,13/03/2020,14/03/2020,15/03/2020,16/03/2020,17/03/2020,18/03/2020,19/03/2020,20/03/2020,21/03/2020,22/03/2020,23/03/2020,24/03/2020,25/03/2020,26/03/2020,27/03/2020,28/03/2020,29/03/2020,30/03/2020,31/03/2020,01/04/2020,02/04/2020,03/04/2020,04/04/2020,05/04/2020,06/04/2020,07/04/2020,08/04/2020,09/04/2020,10/04/2020,11/04/2020,12/04/2020,13/04/2020,14/04/2020,15/04/2020,16/04/2020,17/04/2020,18/04/2020,19/04/2020,20/04/2020,21/04/2020,22/04/2020,23/04/2020,24/04/2020,25/04/2020,26/04/2020,27/04/2020,28/04/2020,29/04/2020,30/04/2020,01/05/2020,02/05/2020,03/05/2020,04/05/2020,05/05/2020,06/05/2020,07/05/2020,08/05/2020,09/05/2020,10/05/2020,11/05/2020,12/05/2020,13/05/2020,14/05/2020,15/05/2020,16/05/2020,17/05/2020,18/05/2020,19/05/2020,20/05/2020,21/05/2020,22/05/2020,23/05/2020,24/05/2020,25/05/2020,26/05/2020,27/05/2020,28/05/2020,29/05/2020,30/05/2020,31/05/2020,01/06/2020,02/06/2020,03/06/2020,04/06/2020,05/06/2020,06/06/2020,07/06/2020,08/06/2020,09/06/2020,10/06/2020,11/06/2020,12/06/2020,13/06/2020,14/06/2020,15/06/2020,16/06/2020,17/06/2020,18/06/2020,19/06/2020,20/06/2020,21/06/2020,22/06/2020,23/06/2020,24/06/2020,25/06/2020,26/06/2020,27/06/2020,28/06/2020,29/06/2020,30/06/2020,01/07/2020,02/07/2020,03/07/2020,04/07/2020,05/07/2020,06/07/2020,07/07/2020,08/07/2020,09/07/2020,10/07/2020,11/07/2020,12/07/2020,13/07/2020,14/07/2020,15/07/2020,16/07/2020,17/07/2020,18/07/2020,19/07/2020,20/07/2020,21/07/2020,22/07/2020,23/07/2020,24/07/2020,25/07/2020,26/07/2020,27/07/2020,28/07/2020,29/07/2020,30/07/2020,31/07/2020,01/08/2020,02/08/2020,03/08/2020,04/08/2020,05/08/2020,06/08/2020,07/08/2020,08/08/2020,09/08/2020,10/08/2020,11/08/2020,12/08/2020,13/08/2020,14/08/2020,15/08/2020,16/08/2020,17/08/2020,18/08/2020,19/08/2020,20/08/2020,21/08/2020,22/08/2020,23/08/2020,24/08/2020,25/08/2020,26/08/2020,27/08/2020,28/08/2020,29/08/2020,30/08/2020,31/08/2020,01/09/2020,02/09/2020,03/09/2020,04/09/2020,05/09/2020,06/09/2020,07/09/2020,08/09/2020,09/09/2020,10/09/2020,11/09/2020,12/09/2020,13/09/2020,14/09/2020,15/09/2020,16/09/2020,17/09/2020,18/09/2020,19/09/2020,20/09/2020,21/09/2020,22/09/2020,23/09/2020,24/09/2020,25/09/2020,26/09/2020,27/09/2020,28/09/2020,29/09/2020,30/09/2020,01/10/2020,02/10/2020,03/10/2020,04/10/2020,05/10/2020,06/10/2020,07/10/2020,08/10/2020,09/10/2020,10/10/2020,11/10/2020,12/10/2020,13/10/2020,14/10/2020,15/10/2020,16/10/2020,17/10/2020,18/10/2020,19/10/2020,20/10/2020,21/10/2020,22/10/2020,23/10/2020,24/10/2020,25/10/2020,26/10/2020,27/10/2020,28/10/2020,29/10/2020,30/10/2020,31/10/2020,01/11/2020,02/11/2020,03/11/2020,04/11/2020,05/11/2020,06/11/2020,07/11/2020,08/11/2020,09/11/2020,10/11/2020,11/11/2020,12/11/2020,13/11/2020,14/11/2020,15/11/2020,16/11/2020,17/11/2020,18/11/2020,19/11/2020,20/11/2020,21/11/2020,22/11/2020,23/11/2020,24/11/2020,25/11/2020,26/11/2020,27/11/2020,28/11/2020,29/11/2020,30/11/2020,01/12/2020,02/12/2020,03/12/2020,04/12/2020,05/12/2020,06/12/2020,07/12/2020,08/12/2020,09/12/2020,10/12/2020,11/12/2020,12/12/2020,13/12/2020,14/12/2020,15/12/2020,16/12/2020,17/12/2020,18/12/2020,19/12/2020,20/12/2020,21/12/2020,22/12/2020,23/12/2020,24/12/2020,25/12/2020,26/12/2020,27/12/2020,28/12/2020,29/12/2020,30/12/2020,31/12/2020,01/01/2021,02/01/2021,03/01/2021,04/01/2021,05/01/2021,06/01/2021,07/01/2021,08/01/2021,09/01/2021,10/01/2021,11/01/2021,12/01/2021,13/01/2021,14/01/2021,15/01/2021,16/01/2021,17/01/2021,18/01/2021,19/01/2021,20/01/2021,21/01/2021,22/01/2021,23/01/2021,24/01/2021,25/01/2021,26/01/2021,27/01/2021,28/01/2021,29/01/2021,30/01/2021,31/01/2021,01/02/2021,02/02/2021,03/02/2021,04/02/2021,05/02/2021,06/02/2021,07/02/2021,08/02/2021,09/02/2021,10/02/2021,11/02/2021,12/02/2021,13/02/2021,14/02/2021,15/02/2021,16/02/2021,17/02/2021,18/02/2021,19/02/2021,20/02/2021,21/02/2021,22/02/2021,23/02/2021,24/02/2021,25/02/2021,26/02/2021,27/02/2021,28/02/2021,01/03/2021,02/03/2021,03/03/2021,04/03/2021,05/03/2021,06/03/2021,07/03/2021,08/03/2021,09/03/2021,10/03/2021,11/03/2021,12/03/2021,13/03/2021,14/03/2021,15/03/2021,16/03/2021,17/03/2021,18/03/2021,19/03/2021,20/03/2021,21/03/2021,22/03/2021,23/03/2021,24/03/2021,25/03/2021,26/03/2021,27/03/2021,28/03/2021,29/03/2021,30/03/2021,31/03/2021,01/04/2021,02/04/2021,03/04/2021,04/04/2021,05/04/2021,06/04/2021,07/04/2021,08/04/2021,09/04/2021,10/04/2021,11/04/2021,12/04/2021,13/04/2021,14/04/2021,15/04/2021,16/04/2021,17/04/2021,18/04/2021,19/04/2021,20/04/2021,21/04/2021,22/04/2021,23/04/2021,24/04/2021,25/04/2021,26/04/2021,27/04/2021,28/04/2021,29/04/2021,30/04/2021,01/05/2021,02/05/2021,03/05/2021,04/05/2021,05/05/2021,06/05/2021,07/05/2021,08/05/2021,09/05/2021,10/05/2021,11/05/2021,12/05/2021,13/05/2021,14/05/2021,15/05/2021,16/05/2021,17/05/2021,18/05/2021,19/05/2021,20/05/2021,21/05/2021,22/05/2021,23/05/2021,24/05/2021,25/05/2021,26/05/2021,27/05/2021,28/05/2021,29/05/2021,30/05/2021,31/05/2021,01/06/2021,02/06/2021,03/06/2021,04/06/2021,05/06/2021,06/06/2021,07/06/2021,08/06/2021,09/06/2021,10/06/2021,11/06/2021,12/06/2021,13/06/2021,14/06/2021,15/06/2021,16/06/2021,17/06/2021,18/06/2021,19/06/2021,20/06/2021,21/06/2021,22/06/2021,23/06/2021,24/06/2021,25/06/2021,26/06/2021,27/06/2021,28/06/2021,29/06/2021,30/06/2021,01/07/2021,02/07/2021,03/07/2021,04/07/2021,05/07/2021,06/07/2021,07/07/2021,08/07/2021,09/07/2021,10/07/2021,11/07/2021,12/07/2021,13/07/2021,14/07/2021,15/07/2021,16/07/2021,17/07/2021,18/07/2021,19/07/2021,20/07/2021,21/07/2021,22/07/2021,23/07/2021,24/07/2021,25/07/2021,26/07/2021,27/07/2021,28/07/2021,29/07/2021,30/07/2021,31/07/2021,01/08/2021,02/08/2021,03/08/2021,04/08/2021,05/08/2021,06/08/2021,07/08/2021,08/08/2021,09/08/2021,10/08/2021,11/08/2021,12/08/2021,13/08/2021,14/08/2021,15/08/2021,16/08/2021,17/08/2021,18/08/2021,19/08/2021,20/08/2021,21/08/2021,22/08/2021,23/08/2021,24/08/2021,25/08/2021,26/08/2021,27/08/2021,28/08/2021,29/08/2021,30/08/2021,31/08/2021,01/09/2021,02/09/2021,03/09/2021,04/09/2021,05/09/2021,06/09/2021,07/09/2021,08/09/2021,09/09/2021,10/09/2021,11/09/2021,12/09/2021,13/09/2021,14/09/2021,15/09/2021,16/09/2021,17/09/2021,18/09/2021,19/09/2021,20/09/2021,21/09/2021,22/09/2021,23/09/2021,24/09/2021,25/09/2021,26/09/2021,27/09/2021,28/09/2021,29/09/2021,30/09/2021,01/10/2021,02/10/2021,03/10/2021,04/10/2021,05/10/2021,06/10/2021,07/10/2021,08/10/2021,09/10/2021,10/10/2021,11/10/2021,12/10/2021,13/10/2021,14/10/2021,15/10/2021,16/10/2021,17/10/2021,18/10/2021,19/10/2021,20/10/2021,21/10/2021,22/10/2021,23/10/2021,24/10/2021,25/10/2021,26/10/2021,27/10/2021,28/10/2021,29/10/2021,30/10/2021,31/10/2021,01/11/2021,02/11/2021,03/11/2021,04/11/2021,05/11/2021,06/11/2021,07/11/2021,08/11/2021,09/11/2021,10/11/2021,11/11/2021,12/11/2021,13/11/2021,14/11/2021,15/11/2021,16/11/2021,17/11/2021,18/11/2021,19/11/2021,20/11/2021,21/11/2021,22/11/2021,23/11/2021,24/11/2021,25/11/2021,26/11/2021,27/11/2021,28/11/2021,29/11/2021,30/11/2021,01/12/2021,02/12/2021,03/12/2021,04/12/2021,05/12/2021,06/12/2021,07/12/2021,08/12/2021,09/12/2021,10/12/2021,11/12/2021,12/12/2021,13/12/2021,14/12/2021,15/12/2021,16/12/2021,17/12/2021,18/12/2021,19/12/2021,20/12/2021,21/12/2021,22/12/2021,23/12/2021,24/12/2021,25/12/2021,26/12/2021,27/12/2021,28/12/2021,29/12/2021,30/12/2021,31/12/2021,01/01/2022,02/01/2022,03/01/2022,04/01/2022,05/01/2022,06/01/2022,07/01/2022,08/01/2022,09/01/2022,10/01/2022,11/01/2022
1,1434635,AGUASCALIENTES,0,0,0,0,0,0,0,0,0,0,0,0,0,0,0,0,0,1,0,0,1,3,1,2,1,1,4,0,17,4,6,5,3,4,1,0,1,2,0,2,5,2,1,0,3,1,2,9,3,12,7,17,14,3,17,14,11,21,11,1,7,18,32,18,27,4,3,5,50,13,17,24,11,0,5,12,41,16,24,25,4,7,38,19,29,27,24,18,10,43,36,37,45,45,17,21,65,54,61,42,63,24,25,79,62,63,73,53,35,23,81,64,71,64,71,21,19,73,53,50,65,55,14,10,41,36,79,77,72,11,9,95,116,50,40,84,18,28,88,75,91,80,78,18,13,63,74,56,68,71,22,20,69,63,57,57,70,31,19,72,65,49,42,41,22,20,82,48,67,56,54,11,35,99,80,69,64,56,31,36,87,76,78,49,65,44,33,99,67,67,75,45,21,26,76,54,63,56,47,18,15,71,22,31,86,54,37,39,77,70,76,76,48,26,25,98,95,88,54,64,17,41,94,86,71,80,67,20,55,107,93,100,90,82,33,48,148,94,114,120,122,56,42,197,185,160,173,160,61,50,198,207,186,164,177,50,69,268,219,194,197,157,56,49,81,280,244,216,192,45,59,285,238,193,168,145,46,55,226,203,158,137,115,40,47,148,136,114,101,95,26,27,118,117,94,105,100,32,29,132,114,81,47,12,36,40,127,124,103,57,27,54,41,131,142,135,157,149,60,45,237,186,156,140,164,48,51,210,226,192,187,161,70,53,207,162,125,132,102,33,33,54,144,109,99,96,32,35,115,88,82,90,54,18,21,93,75,74,84,62,28,20,98,74,80,70,70,15,16,95,76,63,68,54,18,19,89,45,66,64,51,10,11,18,98,46,46,45,74,15,48,47,33,46,34,67,14,63,48,41,18,10,15,15,70,51,43,33,55,19,28,61,33,43,44,33,6,8,47,23,27,34,29,15,19,33,33,37,29,23,4,8,29,21,20,35,19,18,11,10,35,17,23,25,4,6,20,13,13,16,15,2,5,16,11,13,12,11,5,4,9,11,9,12,9,8,3,11,13,5,21,5,0,1,11,10,4,8,5,1,4,10,12,7,8,6,2,2,13,19,15,10,7,2,5,15,17,13,20,19,4,5,33,48,40,33,58,14,9,75,72,65,65,62,14,11,120,122,93,101,93,14,43,170,151,146,87,104,43,30,157,135,115,128,123,30,22,166,178,149,142,129,34,26,210,126,142,119,133,23,31,185,116,98,149,124,36,21,106,112,89,92,112,30,19,146,116,42,28,124,27,28,130,108,83,101,88,27,23,139,117,95,74,64,20,33,144,121,116,112,93,30,44,115,102,104,59,41,14,12,77,69,84,53,53,27,26,92,58,46,65,37,11,6,44,28,53,47,47,11,9,84,60,65,64,70,8,6,15,106,36,39,45,14,9,103,72,80,76,71,13,15,61,52,67,58,62,12,15,80,79,77,82,90,13,11,102,60,63,81,51,16,17,114,87,73,68,63,11,29,222,160,153,151,136,31,59,362,371,364,387,228,37,40,70,4
2,3634868,BAJA CALIFORNIA,0,0,0,0,0,0,0,0,0,0,0,0,0,0,1,0,0,0,0,2,3,4,5,6,3,2,10,9,7,12,17,7,24,30,45,69,33,43,29,21,79,44,63,61,58,35,53,86,119,110,97,112,54,65,121,121,104,124,107,71,78,124,114,121,95,101,90,96,143,149,128,128,143,77,72,133,129,131,120,150,75,72,219,155,174,238,213,69,83,139,139,132,124,121,86,77,158,175,168,154,153,111,73,177,180,153,151,116,89,94,185,190,150,148,180,90,64,212,196,181,177,179,110,63,207,202,186,194,167,73,100,216,213,215,166,132,62,78,170,180,185,161,145,87,95,167,142,143,124,139,81,64,151,135,126,133,155,72,65,151,148,120,113,113,64,46,179,119,113,111,100,41,49,169,128,123,137,99,46,46,150,110,94,114,110,40,38,194,186,158,164,125,65,38,161,127,115,109,112,39,33,117,53,34,126,104,40,38,98,105,107,79,81,28,29,113,100,129,109,84,49,31,142,138,131,91,75,44,37,132,135,135,127,91,50,51,155,144,147,135,153,46,42,165,125,120,88,95,51,46,148,131,149,99,118,65,53,154,108,129,99,98,71,61,75,195,235,222,212,129,107,348,318,328,319,277,121,113,337,397,304,292,267,163,114,355,379,332,322,318,159,142,361,351,333,314,240,123,142,407,318,255,174,93,142,135,372,327,237,193,117,126,132,372,393,332,344,296,119,104,369,299,314,272,251,90,82,315,214,218,223,210,83,65,196,242,175,185,132,60,49,61,174,143,131,107,44,46,148,103,96,111,87,33,33,107,64,54,59,53,32,25,85,61,73,67,65,24,24,80,79,74,69,61,20,25,68,63,43,51,30,12,10,18,52,33,49,24,18,12,78,56,51,57,42,16,10,64,45,48,32,20,11,14,64,34,43,44,42,19,6,53,43,45,36,35,7,14,69,45,27,46,41,21,23,70,37,39,37,36,12,17,65,45,45,46,67,24,20,44,112,60,66,57,10,16,65,61,45,53,46,17,14,67,44,40,50,48,21,14,89,55,59,36,43,21,10,53,42,34,22,55,10,16,68,54,68,51,27,8,19,69,56,49,46,52,18,20,74,54,58,46,50,16,16,70,67,69,41,54,23,16,56,66,61,72,91,26,16,90,91,75,92,99,43,36,121,110,116,114,115,29,33,137,125,142,138,149,45,44,185,158,156,201,163,51,49,254,188,203,197,175,55,66,269,193,215,178,140,60,34,195,127,138,145,134,51,51,171,147,154,141,112,50,47,206,124,75,47,182,62,59,280,204,202,232,217,55,46,288,238,225,224,195,65,58,297,243,289,290,281,94,89,356,302,262,295,288,119,102,453,400,421,429,422,137,110,581,488,458,467,423,146,112,591,517,526,502,495,145,133,601,511,475,391,395,125,85,193,559,550,448,444,157,131,560,523,504,435,394,134,140,630,553,470,469,389,143,124,642,586,527,451,439,102,114,512,378,370,307,320,94,89,419,358,318,277,163,59,82,470,433,450,476,429,98,165,832,1080,1313,1108,942,297,171,339,2
3,804708,BAJA CALIFORNIA SUR,0,0,0,0,0,0,0,0,0,0,0,0,0,0,0,0,0,0,0,0,0,1,0,1,1,0,4,2,0,2,4,4,2,14,7,6,11,16,5,5,23,24,24,22,9,7,6,15,17,5,9,6,3,9,7,12,5,9,13,5,7,10,4,4,14,2,8,6,7,12,10,11,9,6,10,7,16,13,8,5,11,3,11,15,17,8,15,7,9,17,14,21,18,22,13,8,36,17,16,22,22,14,20,53,38,48,28,25,22,21,51,30,46,48,19,34,18,31,46,53,54,41,45,33,66,58,72,71,63,56,49,89,112,91,127,117,37,50,128,120,133,116,90,64,39,156,109,115,142,107,66,39,175,155,116,155,100,66,41,161,146,152,123,109,82,43,141,121,126,142,130,55,47,142,138,96,36,78,75,49,142,99,106,121,68,52,64,129,115,134,113,104,58,39,135,126,103,83,93,65,28,99,91,55,89,114,64,19,107,84,84,82,92,57,19,94,98,79,84,71,43,27,100,82,69,89,94,49,22,111,94,76,96,117,57,23,114,92,102,81,97,58,21,112,95,87,85,66,35,25,86,69,82,72,58,29,25,114,85,77,93,65,31,21,31,85,92,91,72,39,30,102,102,87,96,75,46,32,115,124,108,90,100,46,22,111,119,100,140,116,75,27,153,152,129,138,120,67,26,134,141,126,107,17,92,43,185,211,214,149,35,119,50,211,279,268,274,259,109,63,254,251,218,228,186,113,67,236,267,231,220,262,116,54,287,245,212,188,166,65,42,62,238,217,190,162,70,45,192,152,97,127,83,51,32,106,87,100,116,77,39,12,127,106,80,87,69,33,23,93,70,62,86,61,28,19,82,65,51,70,54,28,21,18,101,67,73,105,33,24,109,117,76,100,81,56,19,78,84,77,67,30,42,27,122,89,96,70,68,50,14,104,75,89,76,51,43,26,92,63,74,63,66,32,27,63,72,69,71,55,25,24,72,60,54,63,61,28,24,44,78,54,49,76,23,16,71,77,73,72,111,43,33,131,106,135,88,123,47,56,154,155,167,132,171,81,50,255,254,251,296,267,149,135,405,395,467,409,402,186,110,490,413,407,374,442,234,96,577,442,393,344,356,186,136,437,441,419,354,371,195,113,471,414,299,301,282,137,135,372,311,292,278,278,111,85,350,292,290,266,259,96,62,276,244,188,186,214,75,41,229,169,165,133,163,80,34,210,157,175,127,120,58,40,178,117,128,141,97,36,31,152,96,90,93,58,34,21,88,81,69,67,47,25,29,83,86,66,25,56,25,17,58,34,50,40,56,23,10,66,43,56,38,26,14,22,33,36,30,23,27,18,5,35,23,28,24,22,11,12,24,24,34,23,22,11,8,33,20,14,13,16,18,3,19,12,16,10,19,9,9,25,33,38,51,31,25,35,42,65,60,45,40,29,12,63,59,53,51,59,28,20,74,63,41,39,43,16,5,41,36,42,51,50,20,19,72,84,81,90,66,85,66,200,272,277,339,334,176,179,717,734,973,783,589,284,293,875,1081,1018,872,956,566,370,573,22
4,1000617,CAMPECHE,0,0,0,0,0,0,0,0,0,0,0,1,0,0,0,1,0,1,0,0,0,0,0,0,0,0,1,0,0,0,3,0,1,0,0,0,2,1,0,3,3,0,0,2,1,5,2,3,4,4,5,3,6,2,5,7,7,8,4,7,9,9,7,9,8,7,13,14,21,11,19,13,16,15,9,27,23,19,15,18,17,15,19,22,27,20,26,18,15,34,37,30,31,20,19,7,38,24,19,40,41,25,23,44,60,72,75,36,29,21,102,84,108,88,99,55,39,108,95,90,93,100,53,50,75,92,71,95,61,33,38,80,95,96,99,109,54,62,123,77,118,115,100,46,51,117,107,88,86,85,36,24,71,83,71,67,61,38,32,53,66,51,47,27,17,16,42,29,38,38,14,12,14,31,44,34,25,62,14,11,33,30,21,27,45,8,6,33,17,28,24,17,3,7,18,12,11,10,32,11,7,14,3,4,10,41,3,6,22,6,14,15,17,9,5,16,14,13,14,20,0,5,18,7,13,7,19,2,1,13,13,13,12,22,6,2,18,10,5,16,10,2,4,31,14,18,7,19,1,0,9,5,20,7,5,6,5,12,8,12,12,19,3,6,5,12,22,4,19,2,6,25,12,27,22,13,3,1,19,15,17,14,19,6,2,18,12,21,5,27,9,3,36,18,31,16,24,2,6,21,9,28,21,5,11,3,32,13,18,16,6,5,5,40,29,32,22,40,10,6,31,22,43,29,31,10,9,29,29,33,29,37,16,12,42,30,34,23,48,7,9,6,26,28,17,17,4,2,25,15,27,12,19,4,7,16,10,13,20,14,12,9,31,12,22,14,20,4,8,25,19,19,22,31,8,6,29,18,18,14,13,9,3,8,22,27,11,12,3,7,13,17,24,21,10,12,3,33,22,11,9,7,8,11,10,12,22,10,12,3,7,19,15,9,14,13,2,3,50,6,14,20,14,6,7,13,22,35,30,33,4,9,42,17,14,30,17,8,1,16,21,23,29,16,18,14,33,30,44,36,32,13,20,29,34,26,32,26,13,14,41,43,53,27,32,20,10,42,45,59,42,47,25,28,81,58,88,76,60,29,37,94,88,99,111,90,37,33,131,88,85,89,68,42,34,119,113,130,72,78,38,31,121,92,119,108,94,26,34,116,106,102,119,103,54,43,148,138,151,154,121,61,51,199,161,146,179,158,87,66,225,223,212,182,260,90,110,293,255,313,210,176,74,104,290,243,225,180,157,90,64,234,214,191,173,102,65,62,185,161,134,134,92,42,32,118,69,49,48,98,33,44,126,83,81,73,86,26,29,77,72,64,72,58,22,24,74,57,59,51,53,11,15,47,45,41,40,33,12,24,45,27,18,32,25,11,12,33,26,29,19,34,7,8,7,9,9,17,12,5,4,17,9,9,10,9,3,3,3,14,4,12,7,5,7,9,10,8,5,4,2,3,8,1,4,3,5,0,1,3,2,6,2,1,3,0,2,3,1,4,0,2,3,4,1,4,4,1,2,7,18,18,24,21,14,15,30,86,97,114,95,83,24,53,25,1
7,5730367,CHIAPAS,0,0,0,1,0,0,0,0,0,0,0,0,0,0,0,0,0,0,0,0,0,1,0,0,0,0,3,0,2,0,5,1,0,2,2,4,2,5,1,1,5,2,6,3,3,1,0,6,6,6,3,10,4,7,11,10,11,15,13,9,12,20,10,19,14,18,9,14,31,28,35,35,36,23,21,33,47,68,67,82,40,35,96,65,75,104,98,55,50,147,132,128,142,129,72,72,156,146,120,114,129,72,75,140,134,111,100,111,68,66,95,97,108,97,85,52,44,99,84,100,90,89,44,47,71,55,67,54,63,42,23,41,46,35,32,42,21,28,88,106,51,58,42,21,68,53,36,50,28,52,18,26,48,42,33,21,40,23,18,30,39,47,35,18,12,16,29,21,19,35,21,9,11,27,22,21,29,36,14,9,14,23,16,11,8,5,7,18,21,12,14,15,9,7,19,15,18,26,10,9,4,18,13,3,20,14,9,4,22,14,13,16,5,9,12,17,15,11,16,12,5,3,14,11,8,9,8,8,4,18,8,8,17,6,3,1,16,4,7,10,6,3,5,8,9,5,8,3,1,1,4,4,3,4,4,2,2,7,10,16,19,4,3,1,5,16,16,12,13,1,5,15,7,6,11,9,4,4,15,21,17,19,23,7,4,21,22,21,27,26,4,15,34,20,29,30,22,13,10,34,26,28,16,5,19,12,17,24,28,18,10,19,17,35,41,44,58,49,23,26,69,55,46,42,42,15,29,52,34,42,34,35,10,15,44,50,45,46,56,31,26,24,35,35,10,24,7,8,22,27,24,31,26,10,5,15,20,15,28,15,7,7,20,16,19,13,15,3,4,24,16,28,14,18,4,10,24,15,42,23,15,10,10,8,22,13,19,19,3,12,14,19,11,13,17,10,3,16,18,20,11,3,2,6,25,19,36,30,24,12,7,19,17,11,21,16,8,8,23,10,16,21,21,9,3,30,25,15,12,17,5,5,22,16,21,23,13,3,4,7,25,16,19,16,7,6,22,25,12,11,19,6,11,25,14,17,34,18,14,6,33,11,29,24,29,13,9,37,41,20,24,36,22,20,51,34,29,39,42,25,17,47,47,48,51,40,14,28,56,51,46,35,44,20,12,53,52,64,50,61,36,33,83,114,92,104,111,59,52,118,145,149,124,204,94,54,196,191,165,197,190,103,88,202,208,211,175,187,105,91,216,203,196,176,198,93,68,215,222,179,184,154,93,63,208,169,130,121,121,62,54,138,128,122,105,110,61,44,142,134,89,99,105,52,37,135,130,69,32,87,30,24,115,107,81,69,75,26,22,96,67,53,71,39,17,15,56,45,39,40,22,14,12,45,35,40,45,22,10,7,43,26,22,18,17,12,3,26,18,10,13,11,4,4,11,5,14,10,6,5,1,13,15,5,9,5,4,1,2,15,10,8,1,1,3,9,8,4,5,2,0,0,5,4,3,6,2,3,3,6,8,2,8,5,2,0,4,4,3,7,5,0,1,9,3,7,5,0,0,1,7,8,19,18,22,4,9,23,26,34,39,33,16,22,43,0
8,3801487,CHIHUAHUA,0,0,0,0,0,0,0,0,0,0,0,0,0,0,0,0,1,1,0,0,0,1,2,3,2,3,0,1,3,4,2,2,5,7,7,11,9,6,10,17,16,14,16,16,17,20,17,32,24,30,38,33,34,37,58,55,58,71,67,51,39,74,70,78,83,72,64,37,76,101,84,85,73,63,65,83,72,89,89,83,62,58,95,81,89,112,81,74,33,102,75,72,58,91,29,39,84,87,63,51,79,43,29,80,61,73,68,51,27,26,59,83,58,65,65,39,27,61,61,66,53,86,38,23,81,95,111,97,82,38,43,92,93,106,82,133,62,35,130,102,116,109,101,53,43,117,111,134,131,110,54,54,105,118,117,123,89,73,42,108,125,114,101,114,75,44,96,130,98,120,115,60,40,106,103,116,114,105,57,41,123,141,181,128,103,67,47,137,179,146,118,94,53,43,141,123,129,109,116,59,22,126,123,76,115,159,63,66,183,153,146,119,151,57,58,195,220,201,204,244,109,85,355,352,352,408,448,328,182,432,688,756,633,642,455,261,782,916,641,641,574,334,281,721,627,496,484,509,253,261,386,481,502,463,370,185,162,402,402,374,460,338,189,117,192,388,310,303,336,148,93,239,255,225,225,170,91,76,178,172,127,115,101,60,43,107,135,134,104,76,60,41,102,100,122,104,81,43,61,72,107,103,59,41,60,33,100,93,75,49,52,55,53,121,113,132,135,113,56,46,120,131,124,91,90,60,43,159,130,123,116,95,56,37,139,117,108,102,68,52,39,44,118,96,80,82,46,34,119,91,75,87,85,34,25,62,112,88,88,94,45,39,158,97,80,112,114,37,42,148,83,122,97,103,52,38,153,119,124,108,92,54,43,46,148,115,123,123,68,56,205,170,179,197,176,65,47,232,198,183,83,84,122,101,325,312,301,276,235,89,79,311,308,276,225,231,76,60,290,287,259,195,199,89,85,298,211,183,167,134,70,53,191,178,148,152,113,48,38,97,174,135,106,85,38,39,133,96,98,92,71,22,11,91,65,77,68,38,20,24,62,53,59,57,49,25,9,55,50,56,50,35,14,18,54,47,27,21,31,12,8,39,33,27,41,31,12,5,41,37,43,35,54,14,17,61,53,96,85,72,30,22,115,121,92,95,84,38,37,133,140,140,125,151,52,28,144,160,128,156,101,34,58,132,136,119,130,136,56,28,183,137,118,103,79,25,26,119,102,89,91,93,52,29,106,102,94,85,61,27,22,111,88,82,103,78,35,21,110,87,89,75,73,19,20,136,84,83,33,95,24,21,115,84,104,100,112,19,26,156,100,115,97,78,27,34,168,152,103,131,102,45,26,135,61,117,140,150,37,33,179,146,144,120,159,40,37,191,147,139,149,113,67,32,90,85,186,186,174,60,39,232,190,175,162,155,49,57,58,275,268,215,172,59,55,309,260,230,245,239,82,73,393,342,296,346,262,62,57,373,280,282,220,273,62,80,305,308,316,241,223,84,69,321,271,242,248,172,31,77,394,470,636,614,510,77,108,976,1238,1083,785,721,118,84,228,0
9,9018645,DISTRITO FEDERAL,0,2,0,0,0,0,1,3,5,1,2,3,2,3,16,23,26,23,10,28,35,31,64,36,22,16,46,62,46,71,63,62,39,82,58,70,85,99,64,59,141,144,140,150,174,127,125,293,267,256,269,354,213,215,506,485,466,418,571,312,283,550,619,655,609,408,381,350,792,648,741,782,855,451,419,879,881,925,851,1012,640,416,1134,1079,1095,1017,971,524,399,1092,954,1021,864,980,571,448,1118,948,1016,951,985,558,413,1057,1017,974,900,936,427,360,945,1008,975,956,899,469,298,904,901,837,855,939,384,343,983,942,1028,888,953,395,253,1009,964,963,760,885,425,272,1083,938,1234,1150,1196,673,277,1167,1174,1218,1128,1081,568,272,1074,1084,1097,1067,951,554,274,880,1045,1033,928,1006,481,203,905,1049,1042,1019,1051,485,198,1020,1201,1145,985,1099,520,291,1104,1096,1465,1280,1307,748,265,1074,1456,1501,1382,1260,674,265,1009,1397,1342,1240,1215,750,243,1006,799,239,1309,1180,666,273,1000,1272,1234,1186,1171,766,318,1147,1243,1231,1192,1069,560,241,1047,1233,1247,1202,1210,557,311,1257,1382,1230,1350,1528,680,338,1876,1993,1753,1784,1894,789,330,1990,1928,1953,1708,1545,703,313,673,2171,2006,1966,1775,832,358,2420,2343,2144,2033,2033,935,442,459,2521,2174,2004,2158,1245,472,2878,2998,2768,2849,3117,1669,608,3781,4083,4402,4460,4654,2812,787,5355,5094,5081,5314,5173,2925,715,5455,5492,5220,5200,5631,2982,823,5581,5426,5243,4534,615,1970,1053,6136,6219,5657,4926,711,1894,1135,6822,6753,6652,6797,6731,3931,1342,7371,6895,6831,6615,6319,3753,1098,6627,6473,5757,5547,5558,3099,1080,5845,5875,5059,4659,4282,2401,795,1154,4515,3907,3684,3546,1930,547,3990,3118,2974,2673,2953,1732,515,2988,2791,2508,2437,2434,1375,484,3089,2752,2455,2435,2569,1539,540,3011,2642,2488,2333,2227,1278,504,2473,2121,1782,1879,1906,1052,455,549,2402,1955,1838,1616,963,353,1983,1837,1533,1530,1388,914,336,1657,1550,1419,595,453,335,290,1637,1423,1371,1253,1293,826,241,1444,1287,1187,1195,998,606,221,1197,1082,1083,906,867,569,177,1003,978,885,793,752,225,187,803,622,677,601,618,382,91,357,690,616,507,607,307,117,608,613,532,553,587,301,120,630,671,660,546,643,285,113,638,676,683,600,636,314,109,842,893,893,792,795,451,150,957,963,1001,1056,1088,615,217,1334,1496,1529,1613,1533,994,395,1962,1923,1944,2221,2328,1384,544,3049,3172,3508,3534,3454,2098,954,4410,4700,4668,4167,4279,2505,1036,5332,5450,5133,5459,4736,2896,1367,5924,5537,5266,5711,4956,2938,1373,5599,5454,5006,5093,4711,2920,1394,5283,5377,5082,4656,4472,2174,1002,4416,4097,3972,3701,3517,1567,820,3540,3557,3135,3043,3153,1680,730,3111,2566,2432,2463,2472,1389,676,2582,2084,1804,2037,2036,1100,528,2071,1961,1559,316,1986,1047,410,2101,1765,1799,1491,1742,962,405,1594,1175,1081,875,1059,557,287,1108,963,930,828,796,387,261,894,767,668,651,767,305,141,727,663,573,554,629,309,120,622,551,464,457,585,176,86,350,162,503,491,421,273,88,445,396,414,478,392,177,107,117,416,458,413,447,212,127,456,388,353,522,354,185,96,441,348,278,428,278,114,101,339,304,273,241,398,128,90,314,318,349,306,338,154,145,557,629,812,917,759,181,421,1972,2277,2811,3218,2440,737,1235,5134,6793,7806,6888,5908,2472,1886,4105,17
5,3218720,COAHUILA,0,0,1,0,0,0,1,0,0,0,0,0,0,0,2,0,1,0,1,2,2,2,3,4,0,0,3,6,1,4,5,5,10,20,14,23,23,28,11,4,28,9,19,7,16,9,8,16,18,18,6,13,9,9,9,24,14,11,16,6,5,25,20,14,20,15,5,5,26,32,35,23,20,10,15,30,31,16,33,38,16,12,65,52,43,63,47,43,17,60,55,75,62,95,43,37,110,83,77,89,100,46,48,152,135,145,140,152,66,46,180,212,180,201,212,121,77,290,327,259,210,240,179,108,342,290,317,254,332,203,149,322,361,301,304,282,117,86,396,367,299,307,301,163,105,307,328,305,323,346,186,112,440,388,329,337,252,230,73,340,413,357,364,347,211,86,391,387,293,309,309,216,137,291,296,317,301,397,157,107,317,278,334,271,256,127,54,234,237,202,186,191,96,96,196,199,163,153,137,73,70,187,122,100,198,151,87,47,212,182,175,168,164,125,64,192,244,221,196,200,127,106,258,322,246,236,250,159,107,319,385,276,300,280,176,164,407,432,414,430,409,233,169,391,383,341,372,319,173,103,324,411,355,346,362,206,145,411,497,455,394,346,216,124,188,390,382,312,325,179,118,309,342,314,295,324,129,123,290,342,280,325,299,120,87,270,331,277,302,248,148,92,329,337,337,345,239,151,128,305,351,310,211,55,147,150,328,358,315,275,76,182,176,431,399,402,486,445,163,130,367,451,367,378,398,146,169,422,461,381,403,368,140,123,371,434,321,354,282,116,78,97,284,221,217,218,59,48,250,210,158,150,126,43,34,89,138,104,106,141,48,38,122,116,105,98,99,36,34,111,90,103,91,75,35,27,77,71,74,47,54,20,16,23,58,64,43,35,16,11,69,81,39,39,70,16,24,57,55,37,18,16,16,18,71,37,37,31,43,10,13,75,48,31,36,62,21,15,39,34,30,32,29,12,10,36,33,34,41,36,14,9,42,41,29,37,27,23,8,19,40,28,34,19,11,6,34,27,24,28,26,4,6,41,28,32,29,24,11,7,18,29,28,20,27,13,8,36,37,35,33,22,8,8,33,33,36,33,35,12,14,37,25,26,29,29,12,8,36,40,51,28,35,19,6,64,58,59,68,107,45,18,137,121,133,141,135,59,46,213,199,184,186,203,93,52,274,275,323,283,328,152,91,367,363,322,338,326,199,150,437,472,417,392,370,173,125,461,458,360,379,351,191,130,366,328,396,316,294,132,99,397,371,375,363,347,155,123,357,377,292,242,245,97,78,301,222,150,91,233,96,54,259,232,191,160,184,90,93,230,207,228,177,185,82,63,223,198,178,164,167,116,84,175,179,145,175,139,56,54,204,170,148,146,132,69,45,206,142,171,127,130,50,39,181,163,184,145,156,56,47,205,211,163,155,132,68,45,103,216,202,187,153,83,72,237,194,196,155,143,66,71,198,198,173,193,148,63,48,216,165,160,132,135,39,62,160,144,134,125,137,51,45,143,132,134,121,105,38,71,217,250,330,375,280,98,146,568,733,930,910,865,325,326,609,3
6,785153,COLIMA,0,0,0,0,0,0,0,0,0,0,0,0,0,0,0,0,0,1,0,1,0,0,0,0,0,0,0,1,0,0,0,0,0,1,1,2,0,0,0,0,0,0,0,0,0,1,2,0,0,1,2,3,1,1,1,1,1,3,3,1,0,2,0,0,3,1,0,2,3,4,1,1,2,3,1,2,6,4,12,4,3,5,7,8,9,4,8,4,7,8,7,5,7,8,6,4,11,12,10,8,11,11,4,13,15,12,16,13,11,8,15,24,16,16,28,11,17,21,23,21,25,27,17,11,22,23,35,18,34,13,15,33,36,33,36,60,28,23,58,59,49,72,53,41,35,63,65,79,72,66,37,41,50,70,54,63,44,26,33,76,73,65,69,58,33,35,70,71,79,72,80,41,42,73,62,75,83,70,45,45,78,84,70,58,61,34,31,81,53,47,37,43,23,22,52,47,31,42,48,21,27,50,47,24,45,65,39,36,58,76,57,73,45,37,25,75,70,74,54,55,35,21,57,64,56,72,75,32,28,49,56,50,46,74,36,27,43,49,39,36,36,21,16,39,52,38,35,34,19,18,30,29,34,30,24,19,13,30,32,29,10,12,3,7,6,30,35,24,14,15,6,26,23,20,24,21,14,15,24,22,26,26,16,16,11,25,22,25,21,17,16,16,24,8,30,24,16,18,15,30,27,29,28,12,26,24,38,41,31,36,19,16,50,38,41,44,69,73,38,43,77,60,63,48,52,41,32,62,74,88,74,67,28,37,61,41,64,53,61,23,15,31,65,53,46,59,28,19,61,50,34,27,25,25,15,38,27,26,24,29,13,13,39,18,27,19,26,12,9,17,17,22,18,12,13,10,28,24,15,10,19,7,10,14,23,15,16,22,8,6,11,10,12,12,6,8,11,18,9,5,8,9,4,4,17,11,26,17,14,11,7,19,18,20,25,20,14,11,16,10,20,13,12,24,21,16,26,21,18,24,9,14,24,24,35,28,18,19,17,23,27,29,34,21,12,12,21,18,21,34,17,16,14,17,16,12,23,14,22,19,23,17,29,9,16,8,10,20,11,17,13,14,15,3,7,11,19,19,9,6,3,17,14,29,23,18,6,7,21,30,31,21,20,5,10,41,41,41,44,36,24,20,77,99,101,110,113,54,72,154,186,211,211,240,132,97,298,332,356,381,359,153,188,335,361,360,416,396,168,223,419,462,464,451,405,179,245,484,443,435,407,393,177,212,400,397,358,347,300,122,138,317,275,313,250,259,137,127,266,234,244,205,214,105,155,201,225,137,97,236,78,95,222,177,174,159,145,83,50,142,85,75,79,91,36,61,117,85,100,70,65,22,39,70,53,44,42,25,17,20,30,41,26,35,28,28,23,41,26,23,18,25,15,5,10,15,21,15,9,6,5,7,8,10,12,6,10,3,6,7,8,2,0,2,1,7,8,8,3,3,5,3,2,4,1,3,7,2,2,8,3,5,5,4,1,5,1,2,7,2,4,2,2,3,8,8,6,5,1,8,25,15,18,34,59,22,45,117,211,191,260,235,59,210,222,1
10,1868996,DURANGO,0,0,0,0,0,0,0,0,0,0,0,0,0,0,1,0,1,1,0,0,1,1,0,0,1,0,1,1,1,0,0,0,0,4,2,1,0,0,1,0,1,0,1,1,0,1,0,0,0,3,2,0,2,10,4,4,3,2,2,5,8,5,3,9,2,6,7,7,4,3,5,11,11,2,1,6,12,10,13,18,5,9,18,8,23,21,24,7,16,27,23,28,24,34,38,13,39,41,36,45,85,23,21,71,70,50,62,55,21,19,73,93,72,81,53,18,17,75,111,93,70,88,58,38,59,86,116,63,70,25,21,74,70,78,105,72,31,26,105,89,86,85,91,34,17,102,112,94,88,67,22,39,106,101,90,78,86,39,18,109,79,87,104,67,26,22,99,125,92,101,92,17,19,119,117,72,104,102,35,26,135,107,118,106,112,21,27,139,142,173,108,112,26,35,126,110,108,101,117,19,23,98,77,15,108,119,21,31,151,108,109,96,109,15,22,121,112,128,114,119,16,23,162,146,203,180,175,29,36,287,213,199,261,224,61,53,332,326,352,338,300,96,85,382,431,343,312,278,74,61,261,343,385,308,266,78,76,351,319,292,314,283,140,47,133,391,324,285,299,71,77,369,351,232,301,286,42,77,268,247,233,198,169,20,27,190,193,150,146,144,32,30,183,170,144,141,132,20,20,138,151,121,63,8,24,23,142,174,133,83,9,22,17,164,180,150,181,150,28,31,166,221,150,165,130,34,25,145,158,139,131,127,33,26,160,145,115,109,89,11,29,11,157,120,86,70,17,19,123,89,90,62,49,21,24,81,44,70,52,44,12,25,92,64,57,46,49,12,12,82,60,54,61,44,17,17,78,59,50,38,61,8,9,24,86,65,59,47,8,16,62,50,55,43,34,14,17,53,47,25,23,7,16,9,93,66,61,57,48,25,11,57,61,33,59,36,15,12,56,45,33,53,33,9,13,44,44,26,36,19,8,10,39,32,18,32,28,5,2,11,45,24,35,24,8,5,42,28,27,17,25,2,2,25,29,22,33,20,4,16,23,19,17,12,9,5,6,28,17,46,18,51,8,3,25,18,22,18,11,2,2,23,21,27,23,11,5,5,31,31,31,24,30,7,7,50,45,48,50,50,6,6,95,86,114,89,129,29,39,127,154,149,143,173,54,42,231,237,248,289,228,54,58,376,319,302,260,424,67,47,393,377,329,348,350,61,70,338,308,302,213,228,46,47,246,213,197,172,209,24,33,220,196,193,181,155,53,40,190,157,139,156,122,23,26,142,138,56,24,143,26,27,142,93,89,79,98,38,16,97,82,60,66,41,13,10,85,74,54,57,82,18,15,84,60,50,48,36,11,10,70,48,33,39,36,4,9,69,46,51,34,27,9,12,50,39,58,33,47,3,11,47,50,31,47,42,10,14,17,76,61,39,51,9,11,79,67,44,42,50,12,16,93,49,51,49,42,8,13,62,60,53,32,23,6,12,47,41,43,44,44,11,9,49,42,38,33,27,12,16,79,78,93,125,111,26,47,291,409,466,515,509,170,143,258,1
11,6228175,GUANAJUATO,0,0,0,0,1,3,3,3,4,4,4,2,1,1,4,0,1,0,2,2,6,12,1,5,12,4,7,1,4,9,7,4,1,5,7,1,2,5,3,4,11,6,9,2,3,7,2,3,4,13,14,30,12,10,15,10,13,9,13,11,8,25,18,14,16,14,10,12,33,23,31,37,44,27,23,44,53,41,52,36,34,21,54,69,58,65,57,53,20,120,97,107,142,146,99,70,184,175,181,224,172,129,83,198,234,192,211,216,128,85,348,316,334,326,379,197,116,399,410,397,306,377,208,123,411,427,417,427,431,226,139,486,523,507,518,458,192,172,575,564,627,559,447,236,156,502,657,566,537,513,233,187,608,642,489,548,439,171,151,539,454,383,364,434,186,113,439,446,438,454,397,170,110,368,364,443,425,480,161,152,517,423,472,441,435,207,157,570,472,383,401,424,124,141,416,455,391,425,409,132,121,499,261,155,309,302,110,85,291,277,208,260,219,83,76,321,246,280,274,304,59,62,207,213,269,274,278,92,86,313,301,282,294,309,109,105,391,452,428,384,409,159,125,546,569,440,423,401,141,137,255,486,477,500,476,190,179,551,602,602,567,588,290,146,244,770,684,727,744,300,187,838,940,809,870,845,351,244,792,952,837,813,713,265,204,871,918,862,931,687,351,212,993,879,750,692,634,307,293,817,833,647,436,156,303,292,899,887,831,601,187,306,304,884,1069,1085,959,983,426,384,1262,1225,1167,1222,1174,440,314,1130,1099,1026,1010,850,437,291,995,952,741,850,779,346,301,368,826,759,740,776,356,272,761,652,513,448,459,181,154,484,426,408,454,426,155,115,506,351,323,369,356,170,111,393,306,265,244,278,122,81,287,208,233,247,225,121,59,114,327,224,214,200,81,68,305,221,200,244,219,61,83,233,119,105,86,67,79,65,190,131,146,110,109,54,41,174,112,101,82,56,28,25,115,85,98,87,81,49,35,135,88,80,67,47,25,29,67,53,47,90,52,20,27,30,54,51,52,43,32,13,68,38,61,37,29,34,18,47,30,36,37,18,11,10,43,29,41,41,27,18,12,30,51,42,38,33,18,16,50,27,39,22,30,7,6,45,44,45,35,20,8,7,74,55,44,63,65,37,24,94,151,164,115,146,83,76,224,292,229,227,223,193,150,294,273,399,295,340,244,170,554,467,337,363,389,173,175,553,499,542,478,508,242,221,655,696,654,738,658,310,209,926,756,702,747,692,257,243,841,772,723,707,678,268,316,999,827,719,745,625,280,217,920,715,644,668,695,368,260,908,840,592,283,695,337,252,847,856,863,823,697,278,319,1036,762,770,733,593,313,210,797,678,668,582,431,221,193,698,708,576,599,522,266,159,529,404,477,432,424,210,153,510,454,405,434,323,135,163,358,267,361,356,248,124,120,367,324,251,301,286,150,97,161,342,330,310,259,142,99,383,323,251,219,245,139,83,369,300,272,229,248,128,87,305,288,235,249,227,102,86,280,270,243,255,200,89,128,370,259,254,301,211,44,144,538,629,527,583,447,103,250,821,1174,1275,1317,1166,457,360,877,5
12,3657048,GUERRERO,0,0,0,0,0,0,0,0,0,0,0,0,0,0,0,0,2,0,0,2,5,1,0,0,1,1,1,0,3,4,3,3,1,2,5,3,1,1,2,3,8,11,6,7,5,5,12,17,8,5,12,13,9,6,17,6,13,19,25,13,18,26,28,32,19,15,41,30,55,38,52,43,41,41,34,52,66,55,79,66,56,44,133,121,148,139,131,66,75,130,115,126,118,104,63,91,159,115,119,131,122,99,71,152,121,147,154,156,86,100,144,153,113,113,134,53,76,185,120,95,135,125,146,177,251,254,261,300,272,192,158,155,154,116,141,138,41,130,169,166,136,171,123,115,129,241,146,150,222,199,101,92,201,184,142,197,169,130,65,186,223,222,162,141,65,43,180,134,107,151,114,81,47,140,126,141,106,90,65,61,124,145,101,122,132,42,41,147,158,174,154,165,62,81,230,181,162,159,184,88,77,205,193,69,190,158,88,49,191,196,209,156,125,64,63,176,194,167,115,117,57,55,176,133,151,126,102,51,38,134,108,137,113,79,27,26,117,94,88,94,60,30,36,90,61,47,71,59,30,19,30,87,56,68,48,31,22,80,62,71,68,45,25,16,34,68,64,49,62,31,22,113,87,63,66,111,26,24,78,83,70,70,54,48,39,110,87,80,94,82,56,52,149,112,103,115,93,23,32,107,90,90,85,20,44,31,197,152,116,114,39,46,60,183,187,189,187,204,99,89,362,325,234,258,248,92,88,297,312,294,266,206,87,73,318,226,234,265,228,69,87,76,268,169,228,179,67,43,178,134,126,152,118,32,41,140,134,98,97,89,40,36,130,101,96,102,102,37,39,127,117,107,106,94,45,40,124,104,70,82,87,37,27,43,84,95,94,85,28,35,90,90,94,69,58,24,31,93,92,75,49,59,30,26,108,94,61,89,103,31,24,112,105,76,79,77,18,35,75,75,58,80,70,31,18,82,67,71,76,58,33,22,85,84,72,98,55,33,20,61,93,77,40,45,17,12,39,46,62,48,54,6,13,57,49,45,46,31,5,6,37,33,27,18,16,16,15,29,31,21,23,25,14,9,25,18,23,25,15,6,7,41,31,32,39,43,17,24,67,68,70,75,89,37,73,238,221,292,333,317,227,147,501,482,476,594,591,246,279,879,896,862,967,688,245,419,865,885,820,977,885,368,401,886,988,737,931,856,238,416,876,741,701,654,618,273,209,693,568,481,487,437,169,118,462,386,359,375,205,111,108,247,236,298,249,244,87,78,262,199,157,163,183,90,68,147,147,108,55,100,48,33,112,44,65,80,67,24,25,79,66,42,43,39,33,30,63,44,55,38,36,22,24,43,40,33,24,35,14,25,51,56,22,53,33,11,10,32,53,41,61,44,15,21,24,14,46,36,27,14,19,40,34,38,18,24,7,4,9,31,12,15,19,7,6,23,25,19,17,13,2,8,24,11,15,10,22,7,4,15,9,9,15,21,6,5,15,15,13,11,7,7,2,23,14,25,16,14,2,8,41,49,52,44,56,17,46,128,192,211,272,246,95,102,181,0
13,3086414,HIDALGO,0,1,0,0,0,0,0,0,0,0,0,0,0,0,0,0,0,0,1,0,2,0,0,3,3,0,1,1,5,4,4,0,2,7,7,5,1,3,2,2,4,3,1,0,7,3,5,8,9,6,6,10,6,14,20,13,16,20,20,23,20,25,28,29,31,26,23,27,38,30,41,39,37,27,28,52,58,47,67,82,55,27,81,70,78,96,81,53,40,92,72,83,93,74,47,42,95,80,66,68,66,54,29,87,110,79,74,99,46,45,82,73,72,78,89,59,28,75,82,87,85,90,45,42,97,83,110,93,78,41,33,103,88,90,76,91,49,50,122,109,110,117,109,73,57,183,149,131,135,131,76,73,135,134,121,137,133,77,81,151,138,162,136,143,102,71,128,139,135,152,128,79,72,112,104,123,140,127,73,71,163,141,120,112,103,72,65,118,100,117,90,90,45,47,105,78,113,81,103,48,50,107,74,60,93,92,44,35,122,111,85,83,82,52,25,90,85,81,77,76,50,47,83,89,106,79,68,39,48,99,88,105,119,98,54,68,131,115,118,103,110,81,64,147,109,120,136,105,50,58,101,133,118,135,93,61,78,147,156,121,127,118,65,74,101,169,128,125,135,61,84,188,156,184,187,161,66,67,178,156,182,206,174,84,110,195,215,194,223,178,122,102,239,248,197,210,212,97,112,224,206,174,153,84,93,115,229,230,253,175,109,127,156,344,330,285,397,312,189,153,336,305,334,322,261,149,119,271,267,258,263,264,127,163,292,232,279,189,198,120,109,81,175,153,134,123,76,71,155,120,92,110,80,62,55,93,85,108,91,84,47,45,108,110,106,98,90,51,54,124,104,100,73,88,42,45,98,66,79,75,67,33,20,42,88,69,73,83,29,28,92,64,71,67,52,19,27,86,63,52,46,28,25,34,95,77,80,55,57,48,30,73,77,83,49,76,35,26,78,54,62,45,45,19,19,52,39,39,38,34,13,12,38,24,24,37,32,11,10,9,22,21,14,14,6,17,17,19,17,23,24,8,16,29,24,20,37,25,11,7,30,23,12,14,25,18,17,22,23,18,17,21,7,8,26,13,27,17,22,12,6,22,26,18,43,41,12,15,40,42,42,35,48,27,23,102,82,114,110,110,51,56,153,187,154,192,185,118,96,271,243,250,267,276,158,165,371,363,350,314,324,190,165,410,374,428,416,432,177,175,506,486,427,530,405,192,241,550,471,450,459,382,141,158,443,388,362,301,296,138,142,358,340,293,273,248,112,104,314,232,180,210,159,79,86,263,210,133,95,164,98,80,193,160,160,121,116,69,69,149,131,103,92,82,34,40,103,66,67,67,64,35,39,78,56,50,68,36,23,18,56,55,29,45,42,15,17,56,49,67,47,47,16,19,56,38,35,40,24,15,18,25,30,26,28,27,19,13,14,22,25,20,12,8,14,19,31,15,14,13,8,7,13,27,9,12,21,5,11,23,15,9,11,17,6,10,15,9,8,9,15,13,9,24,18,8,25,27,17,29,59,84,122,120,98,28,69,223,372,398,359,309,154,157,208,0
14,8409693,JALISCO,0,0,0,0,0,0,0,0,0,0,0,0,0,0,1,3,3,5,2,12,6,17,11,5,1,3,9,8,7,7,7,2,2,8,7,3,8,10,2,2,4,6,9,5,8,5,5,10,4,11,11,14,7,5,11,17,25,20,32,10,9,23,14,22,26,15,29,16,31,23,24,51,24,28,22,52,40,30,56,68,20,32,60,79,64,65,76,45,37,99,132,148,132,163,132,87,238,195,203,182,223,106,82,269,254,260,233,199,128,109,240,221,224,235,203,153,109,246,237,203,184,233,155,120,206,238,218,226,226,149,106,251,254,225,213,246,155,128,307,320,276,274,278,182,116,336,313,278,229,223,132,137,335,245,243,228,202,147,113,269,244,279,251,249,128,122,271,238,240,242,209,122,117,312,258,228,237,206,126,111,272,264,285,244,245,91,117,329,254,274,273,225,101,110,343,295,278,239,226,95,126,328,187,118,331,251,120,104,339,342,307,300,295,94,104,301,358,306,255,234,115,84,270,274,300,228,243,96,120,320,303,314,283,269,142,123,404,348,324,275,232,124,100,369,299,308,272,240,157,95,290,324,284,276,268,95,92,333,312,321,282,296,133,112,184,357,379,340,281,155,133,448,357,413,385,332,199,121,399,421,432,378,319,150,134,397,357,381,351,364,234,143,447,372,438,408,333,155,189,500,399,353,333,167,240,253,577,552,507,374,201,317,287,707,752,857,770,921,385,353,1090,839,880,703,752,336,312,855,757,755,695,603,303,293,773,644,616,526,462,203,176,258,443,477,349,302,147,130,350,314,305,301,278,89,96,340,247,244,245,210,75,77,285,270,258,226,195,65,79,268,185,199,168,151,53,64,178,157,128,127,119,53,39,54,186,120,124,131,50,42,150,106,101,111,88,50,45,135,102,96,50,51,54,59,133,149,107,114,117,62,48,128,97,99,91,88,39,36,115,103,85,76,80,35,30,120,83,87,74,54,21,24,100,75,90,86,55,32,30,41,94,63,51,48,21,17,71,55,65,35,52,19,25,72,67,44,60,42,14,23,65,47,67,69,46,15,27,63,46,42,49,51,29,18,74,42,35,48,69,18,38,90,75,88,90,114,45,40,160,142,142,164,129,71,79,317,351,362,374,423,146,174,646,681,708,756,725,317,259,1086,1206,1158,1140,1071,490,427,1520,1477,1424,1384,1287,422,397,1458,1358,1363,1263,1112,411,448,1564,1398,1334,1392,1162,405,378,1452,1123,1178,1030,892,360,334,1238,1057,994,950,860,316,246,1071,991,879,917,815,299,276,1136,930,838,835,875,239,286,1002,781,392,288,847,239,200,949,706,616,473,438,142,153,541,387,343,307,278,124,107,337,308,231,215,204,97,96,277,205,169,185,154,75,73,203,133,140,176,157,46,55,171,153,118,140,103,34,43,130,89,116,91,93,35,24,123,82,91,73,63,27,12,31,101,77,81,68,21,29,103,77,100,76,71,21,38,95,79,102,86,66,24,21,115,97,112,118,87,28,40,114,68,71,105,95,23,25,114,108,117,115,81,29,68,233,246,276,345,321,137,175,836,1125,1299,1263,908,309,238,309,0
15,17427790,MEXICO,0,1,1,1,0,2,2,2,1,0,0,2,1,5,3,4,11,4,10,7,9,5,25,26,12,16,24,46,36,46,56,39,26,59,39,70,57,67,45,57,110,86,106,88,109,90,94,185,191,214,218,182,179,185,298,308,284,309,361,248,271,436,413,397,344,348,291,315,557,425,409,512,494,332,326,691,658,664,621,763,429,375,794,651,740,728,789,391,430,880,746,824,742,768,455,398,925,870,995,854,875,469,484,1125,966,968,777,796,423,441,943,878,811,789,788,434,319,794,658,722,625,731,337,321,870,659,857,693,714,373,293,746,646,674,516,720,288,259,764,647,776,651,684,336,311,854,848,790,629,654,307,226,757,653,704,640,617,321,240,757,681,722,583,621,279,220,743,584,638,618,567,285,181,676,636,507,525,618,250,218,638,647,543,633,584,238,175,710,633,667,586,590,261,183,694,680,573,636,583,252,193,671,430,194,688,632,221,222,680,553,625,514,608,226,166,595,541,523,530,427,198,155,435,404,435,391,370,212,155,472,470,422,439,441,219,183,519,552,437,509,510,180,186,560,551,521,542,513,205,185,356,602,524,484,510,265,238,667,688,689,590,555,304,222,278,781,718,613,701,342,270,878,879,848,832,908,455,300,1006,1109,1151,1186,1250,633,390,1593,1601,1428,1414,1439,831,395,1726,1714,1629,1526,1515,698,431,1687,1684,1569,1395,438,602,504,1955,1821,1700,1363,480,628,550,1904,1920,1893,1948,1901,820,570,2227,2049,1992,2019,1839,833,617,2046,1986,1867,1902,1796,837,471,1937,1717,1618,1534,1394,684,451,428,1553,1251,1143,1015,529,323,1271,1064,975,925,848,409,235,944,959,794,836,782,384,251,989,799,749,704,767,339,271,1047,813,780,663,708,288,242,822,693,593,565,562,268,159,181,765,582,531,524,215,188,654,557,511,490,422,195,120,584,459,398,170,158,152,131,627,451,379,415,424,216,142,502,433,328,345,301,154,102,355,334,283,256,223,164,96,347,266,243,295,181,84,69,253,236,180,169,169,61,63,118,230,162,157,196,136,75,175,142,137,171,118,134,50,189,146,134,134,137,72,83,171,155,137,129,143,87,61,177,199,198,155,163,134,58,225,203,200,222,222,104,65,337,320,344,346,385,224,90,489,500,487,503,639,264,174,798,847,881,919,1080,350,236,1427,1407,1360,1348,1619,546,356,1952,1989,1976,2172,2062,685,568,2583,2413,2076,2335,2099,820,602,2521,2340,2208,2149,2162,735,559,2391,2353,2074,1966,1910,654,454,2136,1839,1619,1654,1470,495,385,1768,1465,1251,1276,1302,495,308,1257,1070,905,926,948,475,278,1228,1059,928,998,1028,395,310,1165,1008,428,227,1165,383,262,1052,803,752,820,723,288,232,865,647,553,448,458,213,166,662,493,365,343,413,202,141,608,372,290,320,291,144,77,331,213,203,192,211,112,96,277,216,161,176,213,105,54,167,141,224,218,152,79,57,184,168,173,193,180,49,63,60,184,194,140,176,88,61,157,169,158,217,123,46,53,152,111,120,169,104,58,22,163,125,97,133,139,67,60,156,127,117,119,125,24,22,177,176,218,171,186,35,68,503,561,728,738,615,147,230,1366,1634,1790,1853,1671,473,399,1250,20
16,4825401,MICHOACAN,0,0,0,0,0,0,0,0,0,0,0,0,0,0,0,0,0,0,0,0,0,1,1,2,5,0,4,3,2,3,1,1,3,0,4,5,1,6,2,2,6,6,4,9,3,2,4,13,17,9,8,17,7,9,28,13,13,19,24,27,20,32,30,23,26,24,16,27,43,21,36,30,44,45,25,69,59,100,77,103,43,27,67,67,102,79,96,22,35,119,102,90,113,127,47,46,169,126,149,148,133,74,42,189,197,154,173,199,79,49,203,198,200,164,243,123,50,219,197,171,155,104,71,31,173,169,120,122,129,43,33,141,134,124,117,118,74,47,149,145,138,128,163,89,52,191,177,168,204,187,82,70,211,241,212,183,184,85,55,205,192,199,203,212,96,71,265,263,218,169,216,93,69,291,249,230,248,214,85,71,301,243,238,221,234,91,84,306,307,248,267,215,106,87,259,254,239,261,183,77,73,249,215,90,235,177,80,55,235,206,217,187,189,75,59,231,213,148,161,143,87,40,166,177,148,132,119,73,49,217,185,136,144,158,59,45,183,216,144,146,109,54,48,164,162,148,141,121,45,38,101,144,164,136,108,46,52,155,166,130,142,133,47,33,68,185,145,145,102,56,50,139,179,151,158,144,72,49,177,191,193,136,147,48,51,189,176,147,171,174,74,51,233,237,198,195,174,76,65,253,228,183,152,79,75,90,332,304,293,242,90,146,118,339,394,374,297,282,108,89,344,404,361,279,247,121,137,359,327,299,273,269,123,111,345,295,208,229,175,83,82,115,209,181,154,132,82,43,136,114,90,91,89,54,46,97,88,88,94,75,48,39,101,83,71,76,84,55,48,82,93,73,80,81,29,34,92,70,60,47,66,24,23,47,82,72,72,78,28,27,72,74,84,66,55,42,23,78,82,89,25,38,22,29,121,91,90,72,59,39,29,93,67,67,69,46,27,30,74,65,57,62,52,24,17,69,57,59,72,41,22,20,57,62,58,52,57,26,3,32,63,41,38,34,19,20,53,34,20,32,24,12,17,33,16,19,26,25,14,15,16,23,14,16,15,6,4,19,16,14,17,18,8,5,8,11,15,20,13,7,5,28,14,27,23,16,11,17,43,33,35,34,42,30,16,60,56,66,80,64,33,47,188,164,140,168,201,70,61,215,226,219,302,269,105,112,393,359,317,368,358,151,215,367,459,514,456,458,165,171,529,536,490,523,502,167,189,528,490,481,446,434,172,118,465,415,393,367,329,127,118,381,348,300,323,274,122,117,359,311,315,250,262,109,103,314,250,154,105,232,113,73,239,176,240,177,149,74,47,200,155,138,91,86,59,55,103,97,99,73,88,32,46,97,71,57,54,64,28,19,58,43,49,44,34,21,15,32,36,28,32,17,18,13,34,21,30,26,25,17,10,30,23,13,31,20,9,7,11,24,15,16,13,6,10,22,20,15,16,22,10,12,23,11,6,11,17,10,6,16,10,10,11,13,4,3,11,11,8,4,9,3,2,10,10,12,10,12,11,6,37,43,46,36,42,15,28,124,136,189,169,191,70,51,95,0
17,2044058,MORELOS,0,0,0,0,0,0,0,0,0,0,0,0,1,0,0,0,0,1,0,0,1,1,0,1,1,0,2,3,0,2,1,3,1,3,1,3,9,1,4,3,9,7,11,8,5,2,4,9,14,11,9,13,9,18,34,22,35,31,37,15,35,51,32,52,43,36,29,50,60,54,58,50,52,30,37,73,60,64,48,57,29,27,55,59,55,59,72,34,24,81,82,52,62,52,27,32,67,56,60,53,59,27,23,89,55,53,60,60,40,31,66,60,50,42,63,25,18,36,46,61,33,38,16,19,54,35,42,42,37,15,12,45,40,31,39,45,17,22,56,43,40,44,43,16,18,51,41,39,44,37,21,22,58,51,49,57,51,21,18,44,54,33,50,48,15,21,58,57,46,48,46,22,11,57,52,32,52,27,18,8,52,48,43,43,41,17,9,56,34,31,32,32,18,6,35,37,34,39,21,6,13,43,27,12,39,26,12,15,42,36,29,24,32,10,2,32,41,24,48,31,13,11,65,48,45,45,25,21,15,54,37,49,30,45,14,12,31,39,39,35,34,18,8,43,41,24,25,20,13,12,43,46,34,42,38,20,13,59,70,50,41,45,17,16,13,56,52,50,38,21,6,70,57,55,58,35,29,31,79,89,65,70,42,28,20,68,98,85,95,67,30,22,86,86,74,78,85,40,40,109,121,121,76,31,61,69,180,202,243,170,54,217,224,235,243,286,303,323,261,76,374,305,254,417,382,300,60,387,423,547,448,466,467,52,712,591,491,486,396,440,38,44,518,434,447,426,269,44,416,180,236,105,79,56,33,241,287,187,105,206,34,33,215,191,211,204,215,57,57,353,157,108,224,143,61,74,291,246,221,170,204,46,40,71,164,128,125,127,51,33,156,104,104,79,92,39,30,121,119,66,36,51,25,24,112,90,94,95,59,31,24,143,60,94,72,101,23,23,125,107,84,111,107,24,26,138,147,117,108,132,18,21,114,116,75,97,99,14,16,48,76,72,58,54,8,9,45,25,28,27,24,4,8,32,25,32,16,27,5,10,20,21,8,15,17,6,7,11,11,11,11,14,6,5,19,21,13,12,11,1,5,23,7,7,12,8,9,5,17,24,19,26,11,7,8,32,27,51,63,96,11,21,129,83,82,98,142,26,22,197,203,222,277,258,37,44,387,332,349,339,393,56,54,219,122,168,145,203,57,60,284,250,253,231,186,62,87,246,194,260,190,133,77,73,255,198,194,167,174,92,55,189,134,163,151,147,87,97,230,178,202,162,190,109,97,292,179,131,64,121,56,78,119,116,97,100,95,50,55,128,103,113,68,86,37,52,125,63,94,68,66,32,62,110,62,77,76,60,36,35,92,42,49,43,36,31,17,61,34,24,38,58,24,17,36,19,19,26,23,14,10,21,21,9,29,45,12,26,19,12,14,18,16,17,4,27,15,7,16,23,11,17,19,7,8,16,17,3,6,17,13,4,17,17,9,7,22,22,13,17,10,3,7,21,24,18,22,23,3,7,66,35,84,104,71,13,25,188,194,179,206,178,66,74,118,1
18,1288571,NAYARIT,0,0,0,0,0,0,1,0,0,0,0,0,0,0,0,0,1,0,0,0,0,1,1,0,0,0,2,3,0,0,0,1,0,0,2,0,0,1,4,2,2,2,2,2,0,3,4,4,2,2,3,4,3,2,1,4,4,6,4,3,6,11,15,7,13,7,15,15,17,23,17,15,6,7,9,20,18,15,19,16,3,7,18,24,18,19,26,13,8,19,30,34,33,30,22,11,24,43,36,27,37,23,17,42,42,33,45,60,26,21,48,36,42,48,48,30,33,76,49,48,43,50,45,25,61,57,63,53,60,43,18,78,65,43,59,79,42,31,75,53,64,66,60,52,39,79,73,85,68,81,31,31,84,60,51,54,64,38,28,68,65,60,50,50,44,38,69,56,73,69,55,39,25,55,59,50,35,47,31,22,86,52,55,39,31,21,25,46,61,38,48,30,20,21,58,44,39,32,28,12,29,47,22,19,50,42,26,21,45,43,34,45,20,15,14,40,39,24,37,24,10,16,35,20,25,25,34,15,17,29,32,22,27,26,16,12,35,32,21,15,10,8,12,23,31,21,12,14,8,9,22,25,17,25,17,14,11,18,28,18,14,19,8,5,7,20,17,17,13,5,19,24,33,18,20,21,12,8,22,21,29,29,16,12,11,25,14,27,20,23,11,8,32,28,14,18,28,11,11,32,20,20,21,11,18,19,47,36,37,29,17,26,25,79,59,57,59,68,51,41,97,92,97,88,72,62,43,85,108,112,111,97,59,36,101,91,98,79,45,40,28,23,42,61,39,40,29,20,41,42,37,28,34,19,13,25,24,27,26,31,11,6,26,33,32,36,18,10,7,25,24,12,16,25,12,9,24,20,22,20,18,10,15,4,23,18,14,13,14,5,19,10,17,8,5,4,5,15,13,6,10,10,5,10,23,26,19,24,18,13,12,19,18,18,15,17,7,6,28,16,11,20,17,7,4,21,12,20,15,27,10,15,19,20,17,24,18,5,3,13,16,10,8,20,8,3,22,26,24,14,15,11,6,21,12,13,9,8,6,14,19,12,17,11,14,7,1,21,19,20,13,28,8,5,26,28,14,19,28,12,2,32,19,18,22,29,10,9,40,61,40,46,63,37,21,85,104,106,118,115,55,55,137,159,246,243,260,104,113,406,413,392,457,534,216,216,558,563,449,406,344,183,179,543,609,498,514,451,167,229,608,489,506,441,388,178,171,451,385,296,301,275,114,129,307,275,225,232,243,81,60,236,198,211,159,172,85,57,184,179,122,124,105,60,63,169,122,75,66,116,52,42,141,99,90,80,79,31,37,99,63,70,66,63,27,22,70,56,58,58,43,25,22,54,47,34,47,30,27,17,41,29,30,31,20,12,13,36,31,32,18,17,11,4,32,18,26,8,11,9,8,26,12,11,8,19,14,8,4,17,5,17,6,8,14,21,11,9,8,7,5,5,9,9,16,14,20,9,3,12,12,19,9,14,5,3,12,22,12,18,19,12,8,25,12,11,11,9,4,4,39,43,45,64,62,29,52,194,262,361,434,365,88,93,209,1
19,5610153,NUEVO LEON,0,0,0,0,0,0,0,1,0,0,0,0,0,4,5,1,6,6,0,6,7,12,4,12,4,4,5,5,2,1,8,2,3,5,0,0,6,2,3,1,10,8,9,1,23,8,15,20,19,8,12,9,6,2,13,18,17,6,7,6,8,20,28,22,29,27,22,9,40,61,27,25,32,28,20,43,36,68,38,76,30,12,48,39,61,36,52,36,28,84,120,72,67,71,45,20,85,96,77,131,150,79,45,206,156,227,206,251,194,103,292,219,183,233,208,175,105,301,314,311,314,327,213,177,401,381,433,353,354,241,201,538,504,456,494,456,323,244,587,589,582,563,519,249,194,572,587,517,612,547,274,135,226,364,293,355,341,126,108,373,411,381,355,407,211,164,384,371,372,402,354,204,161,429,389,422,397,330,232,147,429,547,540,536,484,244,163,428,490,460,471,416,180,135,441,529,450,330,341,177,126,498,306,211,540,439,228,172,535,517,468,465,413,213,153,601,482,384,387,364,233,154,581,551,578,478,503,290,202,700,605,503,510,534,296,190,550,515,560,431,503,267,182,530,486,444,466,441,222,165,490,555,541,593,780,415,288,708,726,617,619,629,371,289,270,602,515,564,579,291,185,547,493,527,533,494,316,160,540,500,423,412,376,226,125,507,605,584,582,614,377,264,726,697,625,552,474,283,232,709,690,564,489,186,347,287,808,829,747,716,171,540,409,1189,1174,933,1057,1028,525,339,1006,1008,883,969,1016,502,358,1095,1141,920,862,927,455,287,954,930,770,752,566,388,189,246,564,514,488,414,223,117,522,432,396,285,282,105,63,171,218,222,198,225,110,98,279,269,236,244,213,94,66,256,208,188,181,179,90,64,193,168,162,187,140,61,48,70,192,137,102,100,51,27,112,106,72,92,109,38,31,145,106,106,53,38,47,24,131,105,102,117,79,35,27,125,112,80,93,82,37,16,84,86,61,73,104,41,25,92,89,74,74,62,23,27,101,90,93,75,101,46,28,62,97,87,78,94,53,19,126,83,91,96,127,30,26,144,137,77,125,106,42,33,122,100,88,111,134,57,37,161,133,103,130,119,37,25,134,125,136,120,107,60,40,179,124,175,161,150,70,48,239,209,211,242,221,127,72,339,317,340,339,402,168,94,591,539,646,634,638,265,217,840,803,811,903,923,391,297,1171,1337,1155,1083,1234,463,429,1626,1491,1489,1591,1488,543,464,1906,1852,1650,1577,1702,523,421,1890,1730,1662,1404,1403,448,331,1591,1433,1251,1230,1167,369,303,1438,1159,1039,821,792,253,199,974,883,789,701,670,235,184,863,694,331,177,721,173,163,650,556,367,419,402,129,104,551,448,378,348,337,117,93,399,354,264,302,252,100,78,375,311,288,272,218,66,69,303,248,230,245,191,57,47,248,195,171,175,132,43,43,148,150,129,131,111,39,46,157,127,152,149,135,29,29,65,156,126,123,106,36,25,123,109,115,105,97,15,25,123,104,95,100,101,42,31,98,70,74,90,59,17,21,81,81,74,67,73,22,24,95,72,77,93,98,34,53,278,408,501,544,468,165,182,942,1233,1450,1662,1718,428,438,641,6
20,4143593,OAXACA,0,0,0,0,1,0,0,0,0,0,0,0,0,0,0,1,2,0,0,0,0,0,1,1,1,1,2,1,3,3,1,1,2,2,6,2,0,3,3,2,5,0,5,1,3,2,2,5,4,7,5,8,6,3,6,5,9,8,17,8,12,10,18,12,12,15,11,15,24,34,26,25,23,15,30,57,66,69,66,80,66,17,121,77,80,102,84,85,39,107,83,92,126,121,117,49,155,164,149,196,185,160,56,184,160,177,156,156,158,74,197,160,194,180,180,142,57,212,191,172,192,188,140,80,197,183,227,219,211,172,61,266,240,207,171,205,123,67,179,210,159,186,180,119,71,201,178,179,161,169,123,58,175,151,171,139,147,80,39,144,175,147,115,100,104,29,131,111,124,135,122,94,34,123,137,94,94,109,82,29,153,101,101,125,71,76,23,103,126,90,127,97,102,26,136,133,151,124,82,166,35,135,147,123,158,89,116,32,169,153,142,97,111,110,44,184,161,115,132,107,105,60,131,156,148,125,132,135,57,124,149,138,113,131,77,38,127,112,133,112,102,94,65,113,141,82,102,98,56,33,49,149,117,89,106,73,29,158,141,123,119,105,77,75,76,126,111,101,74,69,52,118,108,106,95,74,80,30,164,136,156,145,130,90,54,164,129,150,124,190,113,34,185,169,171,184,165,144,73,230,203,251,175,58,197,83,279,250,262,182,54,246,110,350,347,341,332,322,245,121,393,264,297,250,297,191,97,279,357,258,249,230,138,112,273,274,250,226,174,140,84,138,218,217,202,205,143,63,231,176,216,164,171,114,57,190,175,168,147,141,109,61,218,159,223,158,206,107,53,240,205,151,150,120,91,65,158,182,151,150,99,53,44,86,112,105,120,157,81,36,95,116,91,113,79,65,35,118,88,85,64,38,58,35,99,90,72,66,52,38,18,98,72,67,67,52,39,20,69,40,49,59,56,30,24,77,50,67,42,59,31,17,52,36,85,57,53,39,16,33,47,43,26,30,26,10,43,46,44,32,25,18,15,46,45,53,24,36,24,13,28,23,20,31,25,17,19,60,45,29,40,23,25,14,63,27,42,42,37,53,16,33,62,94,84,96,52,36,127,104,111,125,152,77,87,191,188,171,174,198,164,137,278,285,320,283,360,237,191,484,458,465,507,492,300,224,576,655,584,544,518,305,282,614,597,530,675,505,334,243,653,622,541,512,506,336,186,569,518,511,547,497,269,261,519,553,386,335,330,217,148,422,436,412,366,344,213,125,401,351,281,301,278,199,106,337,294,202,193,276,174,123,324,201,214,205,171,132,64,186,166,143,142,130,84,90,203,139,115,83,107,75,87,130,89,97,107,94,55,40,123,104,128,83,60,40,51,95,84,65,59,45,28,18,55,30,51,73,54,43,28,73,68,62,56,55,26,21,44,72,41,53,50,36,17,65,27,42,50,44,24,16,47,48,54,40,22,33,13,48,21,22,24,18,9,8,15,22,24,9,15,7,4,20,16,37,34,27,9,27,61,61,73,64,59,37,49,115,190,218,268,225,118,126,178,3
21,6604451,PUEBLA,0,0,0,0,0,0,0,0,0,0,0,0,0,0,1,2,4,3,3,4,5,6,7,5,4,2,8,16,6,16,11,14,6,18,27,20,23,15,11,11,27,14,26,17,8,15,6,25,18,29,22,31,24,20,32,24,27,32,45,44,25,37,46,52,49,43,43,39,48,37,52,67,57,52,38,79,75,93,109,109,80,69,132,131,121,150,176,150,84,173,162,188,164,159,121,65,201,178,201,215,214,128,100,312,248,252,302,325,189,150,443,417,425,522,430,222,173,500,420,374,475,377,207,144,369,367,354,292,286,194,143,344,361,360,363,335,193,175,444,439,433,414,412,208,181,497,378,389,374,349,247,125,451,345,348,360,259,152,110,317,299,308,331,268,177,104,297,294,266,249,233,135,86,256,229,215,192,194,141,81,266,223,213,200,206,88,99,206,194,179,176,167,112,71,178,156,177,173,126,73,51,181,121,75,174,138,82,56,183,173,126,122,148,83,65,157,98,111,128,147,48,55,147,126,137,106,127,71,45,171,126,138,158,144,79,56,190,157,143,147,173,96,70,166,152,145,169,149,73,46,115,180,145,141,159,92,50,187,158,202,197,162,109,73,81,241,186,220,166,113,71,217,228,215,210,233,160,73,242,270,284,262,249,174,84,284,241,318,267,292,189,106,314,325,385,306,324,220,166,436,394,351,343,114,237,198,488,459,484,350,177,341,236,567,598,656,572,680,478,346,694,732,610,628,585,442,263,697,647,533,573,565,390,268,580,570,516,443,430,331,218,244,442,427,372,359,253,152,449,321,303,350,309,167,157,370,301,258,283,269,183,147,331,344,261,301,293,203,147,357,257,278,279,230,163,117,297,258,217,236,260,170,104,138,267,212,235,209,144,125,243,204,187,175,182,123,91,214,190,144,128,99,98,97,205,159,165,172,166,103,78,184,150,146,147,115,84,65,144,123,132,113,104,67,56,127,100,98,88,102,43,40,129,98,79,75,42,54,35,37,66,56,62,60,33,20,63,72,51,53,42,34,19,48,58,41,46,40,30,18,44,37,47,31,44,21,15,36,44,32,24,42,25,22,32,28,42,37,31,21,18,42,43,36,43,38,29,21,48,40,39,61,47,30,29,95,61,87,122,125,87,61,144,139,173,153,139,116,83,237,239,240,256,275,211,179,374,367,323,398,394,252,225,504,485,526,603,555,336,290,686,649,691,655,712,449,379,691,790,754,728,670,283,249,726,663,646,657,612,314,261,568,613,549,524,580,265,189,658,575,524,571,469,251,168,515,452,278,249,420,210,189,458,424,431,376,385,186,183,371,326,281,255,223,133,100,237,282,211,182,160,108,97,163,152,148,131,134,55,65,175,113,113,78,97,65,45,107,78,76,65,61,30,35,36,46,64,55,41,27,33,51,51,43,43,41,22,27,27,43,32,38,25,21,23,426,199,143,106,25,11,21,24,23,21,21,23,8,8,31,25,21,24,23,14,8,28,22,25,19,16,20,8,40,44,36,58,26,23,20,66,80,96,105,82,49,69,228,303,325,337,373,200,182,389,10
22,2279637,QUERETARO,0,0,0,0,0,0,0,0,0,0,0,0,0,2,1,1,3,1,0,0,1,2,3,0,1,0,3,5,2,1,4,2,1,1,4,4,1,4,1,0,4,5,3,3,2,3,1,9,8,3,8,7,3,2,5,2,7,9,11,1,2,3,10,12,6,8,12,5,10,11,9,15,26,26,19,47,34,29,41,49,28,17,46,62,42,38,39,22,12,53,39,36,30,38,28,21,39,50,46,46,36,30,29,54,45,38,32,42,36,23,59,43,44,41,28,34,19,50,41,42,39,42,23,25,62,55,49,63,33,26,36,54,76,61,67,59,50,32,85,60,94,73,81,47,33,81,75,76,70,58,47,40,84,86,83,78,79,49,33,96,91,73,105,85,43,36,122,92,96,70,103,64,52,100,85,121,93,91,53,30,136,136,140,115,106,84,61,144,161,109,111,123,57,45,112,112,107,67,91,36,42,105,72,32,86,75,57,44,118,108,117,95,89,51,40,124,111,116,128,110,59,45,123,113,118,131,162,82,75,200,208,192,220,204,112,91,295,233,179,226,200,142,108,269,236,210,217,196,164,106,267,250,281,299,283,174,200,297,329,365,322,265,185,225,134,328,348,296,364,211,202,490,439,389,432,377,244,229,415,406,449,416,352,263,228,394,407,385,443,519,218,214,471,385,442,407,332,174,161,434,333,481,305,174,192,213,545,517,418,347,205,236,241,652,479,627,666,608,290,237,694,661,635,665,518,317,262,821,675,657,658,637,281,199,637,637,559,533,382,226,201,180,431,448,415,367,212,133,386,366,290,280,265,142,115,354,308,316,320,305,187,119,354,398,315,345,289,161,150,436,297,318,308,296,122,124,334,286,331,273,233,137,111,122,283,235,199,210,110,94,249,223,177,198,152,79,53,186,111,180,105,66,78,73,241,217,176,161,138,84,49,166,144,105,117,111,45,45,143,138,138,101,110,51,44,131,94,94,72,84,13,21,129,89,54,61,48,19,21,37,77,48,40,58,12,7,40,32,33,25,32,18,11,35,42,39,40,19,9,7,34,21,15,24,21,5,7,29,30,9,17,13,4,8,22,22,21,19,16,12,10,16,29,30,17,26,21,11,34,28,61,63,60,16,25,115,108,107,115,93,24,46,159,161,178,187,202,67,72,250,256,246,285,303,66,66,383,344,380,354,338,118,133,430,479,451,414,438,159,142,622,544,560,559,468,172,110,613,567,573,562,522,152,109,603,546,486,502,471,138,122,529,477,453,420,406,147,120,505,358,365,362,269,128,99,351,289,203,95,286,106,71,352,287,241,238,193,75,44,250,207,216,150,146,62,43,232,197,168,152,124,49,45,188,157,146,149,123,25,27,135,96,124,109,120,35,28,143,86,79,105,68,19,20,96,71,95,96,77,37,21,133,100,97,111,88,23,15,20,81,70,78,64,23,15,78,63,68,43,38,17,27,54,63,49,40,25,15,6,46,49,35,39,30,6,5,30,26,34,42,29,8,6,64,64,36,57,34,26,10,89,108,160,179,135,47,75,447,504,593,611,594,155,162,384,4
23,1723259,QUINTANA ROO,0,0,0,0,0,0,0,0,0,0,0,0,0,0,2,1,0,4,0,3,4,2,5,1,3,4,3,7,10,10,7,7,3,22,15,24,13,14,10,11,35,24,29,11,23,20,23,23,17,21,31,34,47,25,47,44,36,49,25,32,31,45,44,40,34,32,72,31,36,27,41,41,28,21,23,49,38,27,40,22,19,13,48,37,46,40,48,40,25,49,32,43,49,47,26,22,45,63,44,38,39,24,29,55,51,58,55,51,33,52,92,64,65,68,82,38,54,109,92,82,103,137,64,66,175,151,128,155,130,76,60,194,162,174,171,154,88,78,194,188,151,149,139,72,68,181,153,175,151,154,65,60,186,146,156,122,127,66,71,137,127,111,107,99,40,54,142,92,99,75,76,47,55,108,73,66,77,83,27,39,120,74,85,78,65,30,48,95,79,67,51,53,28,27,83,70,48,46,30,18,15,67,41,25,57,56,35,31,77,70,55,56,64,33,26,100,54,60,61,59,20,19,85,57,20,49,59,27,26,49,58,50,46,46,19,12,45,55,31,38,30,23,19,37,43,53,24,46,23,13,35,41,32,25,31,16,17,30,36,27,24,35,15,12,13,31,44,21,44,14,13,57,55,54,50,63,16,15,56,64,59,59,43,21,19,59,44,47,36,70,23,22,68,82,56,60,53,28,24,83,82,45,40,15,57,35,63,84,90,59,24,49,50,100,143,106,119,117,59,44,114,176,112,95,99,41,39,92,115,98,119,129,110,37,130,119,87,118,110,63,25,37,95,76,76,73,23,17,68,62,43,41,32,39,19,65,68,48,42,55,30,18,65,41,28,42,38,16,21,54,46,33,42,34,19,14,37,31,39,34,40,24,17,35,62,35,43,37,30,22,63,56,45,36,49,29,21,39,48,46,30,26,30,35,70,61,58,61,68,47,31,81,61,83,72,69,60,58,95,85,103,72,80,62,44,107,122,104,103,113,59,62,141,139,123,114,120,75,71,94,149,179,173,156,76,69,177,160,171,144,156,94,69,200,168,170,164,141,101,86,219,206,187,186,186,124,94,198,246,205,217,163,116,79,189,183,227,168,228,140,134,248,311,289,308,288,153,151,340,289,285,263,328,202,167,338,343,390,402,339,234,170,402,421,400,441,398,268,191,440,503,459,427,448,286,233,497,510,498,491,445,313,246,495,574,456,536,440,321,230,544,473,439,393,420,230,173,475,362,344,215,267,202,173,337,301,300,207,200,119,127,238,228,199,162,166,90,78,191,150,157,121,140,67,60,173,135,80,56,145,61,49,127,121,111,83,85,46,30,95,94,83,75,66,32,22,74,62,63,69,62,37,34,68,45,57,60,35,35,38,70,49,37,33,36,32,22,48,28,49,20,26,6,6,19,10,27,17,18,13,21,18,20,11,8,11,5,4,4,16,12,11,10,9,5,12,10,7,8,13,8,5,9,3,16,11,14,17,6,15,10,6,13,19,3,23,23,10,21,38,30,34,39,27,87,94,112,106,81,181,364,498,516,634,641,356,429,800,991,738,466,236,240,248,137,2
24,2866142,SAN LUIS POTOSI,0,0,0,0,0,0,0,0,0,0,0,0,0,0,0,0,1,0,0,1,6,1,3,3,4,1,2,0,1,1,8,1,6,3,2,0,0,0,3,2,3,5,2,4,1,3,0,1,1,2,2,8,1,1,1,4,3,5,6,8,3,15,18,9,11,14,14,9,27,16,34,13,26,12,19,31,23,26,35,27,26,15,34,28,40,37,55,21,21,49,39,59,38,50,24,18,51,54,77,79,76,57,49,116,93,84,78,60,31,23,114,103,114,93,97,51,41,124,132,119,123,107,95,43,137,142,149,155,171,78,58,210,196,206,232,273,177,106,352,355,422,366,409,217,245,420,410,387,400,401,246,145,401,409,372,300,349,206,126,369,330,351,341,294,181,113,306,258,279,257,272,147,156,323,291,282,265,289,162,101,319,269,275,200,210,113,116,289,245,275,219,202,84,61,234,200,184,184,204,66,69,248,137,69,188,209,94,64,227,219,202,144,167,80,57,179,130,165,129,172,79,68,208,216,210,191,233,157,92,239,303,228,219,204,102,103,280,323,243,218,238,138,95,214,253,206,230,161,114,80,156,196,226,236,189,135,59,311,281,248,307,228,133,94,111,284,270,276,254,111,72,252,331,264,237,229,136,77,253,255,216,207,198,107,69,189,270,192,184,219,95,69,250,273,210,226,194,102,86,292,237,251,149,41,111,105,220,267,245,178,81,158,128,326,390,392,383,444,242,176,499,436,436,429,424,267,222,518,560,564,506,484,259,171,569,557,484,408,396,204,108,186,398,337,298,230,145,81,331,206,176,192,171,120,81,164,139,158,168,151,71,57,165,158,147,148,124,86,35,213,175,148,122,114,101,47,151,106,126,93,123,87,36,71,125,117,94,95,40,33,115,86,91,81,82,50,38,118,85,96,59,52,50,26,113,115,119,101,94,87,32,113,110,80,94,80,36,25,89,67,85,80,76,48,19,79,60,71,60,38,28,25,52,69,56,74,69,37,20,54,56,52,58,49,31,17,72,48,34,30,49,20,10,58,39,46,42,52,20,16,51,52,41,32,46,20,16,49,47,37,30,49,16,14,42,45,36,59,40,24,16,70,59,46,54,63,26,9,50,68,53,64,57,28,22,66,73,87,90,78,45,34,151,160,133,197,187,80,54,282,253,353,369,391,183,91,543,527,571,514,563,322,179,772,780,728,739,795,481,237,942,892,958,868,953,515,283,941,950,895,805,771,330,181,808,658,655,557,570,315,152,592,523,486,436,410,238,86,496,373,380,339,373,174,99,416,349,227,125,318,126,80,313,249,309,231,201,108,64,308,203,180,156,177,80,35,193,174,160,132,167,86,48,208,173,138,140,138,60,37,145,141,106,125,105,55,40,122,111,76,90,80,39,26,107,58,79,98,81,52,37,110,108,96,83,95,58,14,49,91,98,90,64,38,41,113,91,83,86,75,51,35,96,92,62,87,76,43,27,135,94,93,91,80,45,27,86,62,102,85,69,58,29,105,107,115,138,98,20,83,242,313,378,494,401,120,234,940,1107,1396,1378,1260,642,201,526,0
25,3156674,SINALOA,0,0,0,0,0,0,0,0,0,0,0,0,0,0,0,0,1,0,0,2,1,0,2,1,0,1,4,7,8,9,10,7,7,12,16,14,29,10,14,15,32,25,29,13,34,25,23,52,47,52,42,45,35,33,65,47,56,68,72,55,40,88,52,57,58,60,49,34,82,61,86,69,68,53,44,73,89,83,105,99,70,67,152,110,127,120,145,63,85,179,195,199,170,194,133,75,230,186,218,203,230,159,106,220,252,231,240,304,101,92,202,214,204,169,175,150,90,223,212,214,143,193,97,87,181,180,200,156,166,102,91,159,194,178,167,171,99,102,196,187,173,137,153,79,61,148,145,130,140,131,74,79,203,158,152,140,106,79,54,169,132,120,127,114,72,62,137,119,122,127,117,59,43,138,133,141,124,114,53,56,117,132,141,113,108,66,62,138,144,166,88,124,41,49,118,113,97,98,113,54,38,137,57,34,118,120,65,27,129,124,110,88,82,35,42,134,110,96,91,95,42,24,110,130,91,100,98,53,47,131,124,113,95,107,63,35,116,119,104,120,127,44,47,130,124,108,71,77,33,30,82,84,107,117,73,39,34,120,101,107,83,73,45,25,33,118,99,96,105,45,20,90,106,64,78,89,36,30,98,103,76,80,95,26,13,96,79,64,80,95,38,30,118,101,96,70,90,44,32,120,90,78,68,8,35,41,108,127,107,81,32,85,55,157,156,169,176,184,102,61,212,212,192,163,201,99,74,220,183,186,187,205,77,81,214,184,177,151,140,70,58,50,135,137,114,116,59,55,172,119,98,110,127,43,43,136,119,88,96,81,32,37,109,90,77,85,87,40,28,91,76,72,67,79,47,35,96,74,79,69,55,39,21,43,95,85,81,79,34,29,104,75,77,68,74,29,25,104,63,80,30,28,30,30,96,85,88,72,65,41,28,86,67,53,39,41,22,24,72,57,55,69,51,34,19,75,49,44,42,31,10,15,61,46,45,27,34,22,10,28,69,44,40,35,25,21,58,54,64,71,45,17,21,71,80,68,44,76,20,19,85,67,64,72,67,30,15,134,104,84,99,102,55,33,161,146,146,127,152,70,42,208,209,180,218,194,80,77,292,287,296,321,331,143,143,471,499,534,600,684,332,260,821,764,775,688,717,338,262,781,796,714,797,782,284,308,889,809,635,588,634,262,282,590,543,480,449,419,265,182,520,419,360,322,312,124,103,334,295,264,252,249,138,88,293,240,205,189,196,118,50,120,170,161,152,159,73,44,161,164,137,137,102,67,37,169,128,66,52,136,43,30,124,128,92,103,91,47,43,120,98,71,95,65,36,21,93,100,87,65,74,32,29,78,62,37,47,52,26,36,70,51,55,49,46,21,27,60,54,52,52,59,10,16,39,35,30,39,51,20,18,59,51,39,49,26,23,6,14,53,52,40,37,8,13,60,39,53,40,40,15,21,48,36,48,41,44,15,17,42,30,24,29,46,9,16,42,35,32,35,47,14,18,42,43,50,47,53,15,36,77,104,143,205,232,55,110,580,730,847,873,661,207,64,211,1
26,3074745,SONORA,0,0,0,0,0,0,0,0,0,0,0,0,0,0,0,0,1,0,1,0,2,1,0,1,1,0,3,5,5,1,6,4,0,1,5,1,3,2,7,2,12,15,16,7,8,6,5,20,6,16,16,15,14,7,9,15,23,10,20,9,17,35,29,26,40,37,33,26,69,62,46,48,54,53,30,80,76,115,89,106,71,62,172,157,157,185,164,137,110,242,277,239,267,220,150,127,247,246,257,250,263,170,121,288,302,271,278,276,182,152,301,317,334,279,304,203,171,366,370,356,384,348,214,198,408,487,445,471,466,225,276,583,546,507,441,426,269,213,614,493,460,394,416,211,193,418,292,292,327,358,188,191,405,442,422,435,358,174,132,384,354,389,326,315,219,152,315,276,259,245,295,105,87,287,293,232,264,255,193,72,264,274,291,186,218,132,54,242,244,156,130,197,92,56,174,214,207,143,129,75,63,217,137,92,177,145,94,33,167,204,190,157,151,76,44,208,212,180,179,175,58,52,218,185,141,131,108,72,55,143,191,174,166,138,70,76,211,159,166,184,160,50,52,231,144,130,118,150,43,41,139,220,178,226,151,69,85,227,226,253,223,192,79,62,126,292,254,262,280,111,92,403,351,355,319,284,127,104,340,386,373,335,305,187,180,473,388,436,340,385,213,138,455,453,418,389,360,242,165,475,438,388,225,100,276,205,563,505,484,342,122,248,192,516,512,391,402,359,191,180,493,328,313,331,267,185,149,473,299,284,318,279,167,93,335,211,216,204,234,112,79,109,258,204,181,190,86,49,166,163,187,144,111,67,37,128,110,103,117,106,42,46,127,95,91,78,86,47,41,106,110,92,116,117,69,54,112,144,131,112,123,52,41,46,151,96,98,94,55,55,128,110,126,107,124,43,37,145,105,99,38,53,39,50,140,100,114,127,117,58,23,147,110,76,104,83,46,45,101,83,123,81,95,43,39,116,88,56,61,62,35,37,82,87,53,70,63,40,30,45,93,83,55,69,37,40,83,93,76,62,57,37,26,118,94,86,93,77,40,29,100,113,95,109,115,61,24,161,160,139,167,155,64,51,211,190,169,194,184,89,61,294,217,253,242,207,107,104,295,287,222,258,223,120,68,271,272,255,233,307,154,141,393,366,409,353,376,185,141,459,392,380,415,372,197,173,567,500,542,549,452,245,201,534,548,480,466,475,243,218,488,520,514,527,456,208,193,530,551,459,428,434,208,165,569,461,454,369,404,142,121,475,351,381,366,350,96,90,344,303,288,288,288,117,92,329,323,211,83,298,81,59,292,255,278,191,220,74,73,205,151,170,167,150,61,51,191,172,181,164,166,55,40,224,142,163,138,125,51,43,164,145,111,146,142,52,45,207,184,129,134,148,43,43,163,100,163,163,169,73,56,266,189,218,225,216,85,69,121,298,277,289,234,135,94,401,275,281,243,229,91,106,348,284,249,258,263,81,100,298,304,262,224,206,80,76,261,204,180,192,149,76,47,185,170,120,144,108,40,49,187,201,253,254,236,59,161,487,638,739,745,675,291,259,483,10
27,2572287,TABASCO,0,0,0,0,0,0,0,1,0,0,0,0,0,0,0,0,0,0,0,0,1,3,2,2,0,0,3,12,3,5,11,2,9,10,11,8,15,21,3,9,8,13,18,11,16,20,28,30,47,39,44,58,49,42,74,85,67,63,71,46,41,60,60,49,84,57,52,50,87,72,97,104,83,54,66,118,89,115,128,149,85,82,124,109,164,144,144,100,85,176,208,219,223,172,105,74,206,160,182,190,177,136,110,294,296,318,277,362,180,108,314,317,309,325,296,195,107,279,278,288,316,262,201,150,394,409,408,420,344,152,140,338,385,399,428,348,216,199,442,458,456,410,449,236,208,451,466,397,431,432,214,202,469,397,406,341,349,181,125,279,259,278,288,250,111,89,258,256,196,216,214,111,84,200,196,251,167,190,82,81,148,189,203,220,207,110,81,187,208,184,119,148,73,79,155,134,82,123,124,93,86,149,134,51,158,135,66,54,125,130,144,119,109,48,69,144,120,94,59,69,49,46,82,107,60,90,110,60,53,106,86,96,68,84,42,40,71,73,73,77,79,36,36,84,114,111,78,21,38,33,42,103,104,113,82,50,30,138,109,101,124,129,58,33,40,138,114,123,131,91,60,140,144,186,128,162,90,98,187,174,199,192,165,103,94,256,291,323,279,258,173,174,278,273,293,262,262,161,151,310,322,301,269,25,187,49,370,348,282,248,37,233,63,390,396,347,370,388,212,63,458,346,326,330,316,180,45,445,361,318,335,354,240,75,423,308,274,250,220,130,49,181,246,264,222,224,120,27,246,231,200,187,152,75,32,205,174,162,145,151,66,36,209,146,145,158,120,64,22,220,141,158,147,183,66,27,176,162,158,140,139,69,28,49,170,129,145,131,46,28,191,131,129,108,130,49,21,165,163,111,58,40,62,62,193,140,135,153,132,48,39,203,110,177,126,111,50,32,228,132,176,142,147,79,53,177,191,136,123,156,49,47,229,175,81,185,140,60,46,131,167,169,162,162,58,32,211,158,214,179,157,85,48,221,188,189,160,202,109,101,300,212,254,266,228,140,64,378,341,283,241,287,196,134,387,339,341,346,307,243,110,415,386,374,372,398,186,142,471,441,370,356,335,126,116,397,320,350,323,357,156,90,395,391,376,384,391,187,132,487,386,483,512,454,271,173,597,611,658,658,606,289,269,821,835,829,808,773,412,297,1170,1151,1178,1188,1071,562,393,1419,1238,1226,1049,913,538,405,1509,1217,1031,1084,1069,462,255,1295,1213,1120,959,959,535,200,1172,987,919,803,832,296,125,1004,792,717,254,751,273,148,972,684,703,555,616,238,107,773,543,542,479,433,205,84,589,421,414,293,321,157,76,454,316,341,264,311,83,50,256,224,195,208,132,47,55,221,135,170,116,141,41,17,57,25,161,90,105,33,21,107,60,71,58,60,13,11,29,53,50,26,41,12,9,48,24,29,20,31,12,5,36,35,25,19,26,7,5,29,31,16,13,7,4,3,10,7,6,11,11,5,9,22,30,41,35,21,5,1,92,114,113,141,154,31,57,476,485,611,808,742,534,143,330,4
28,3650602,TAMAULIPAS,0,0,0,0,0,0,0,0,0,0,0,0,0,0,0,0,0,0,1,1,0,0,1,1,0,2,1,1,0,0,1,3,3,4,5,9,1,9,3,4,10,7,3,5,11,6,9,15,20,17,26,36,17,11,24,19,30,34,28,41,34,30,42,37,19,32,30,25,44,37,49,47,34,30,22,41,52,43,37,67,52,19,65,53,65,76,92,70,41,123,114,109,70,85,66,51,140,98,94,105,115,87,75,140,132,176,134,237,144,121,253,299,211,219,223,208,132,339,302,306,386,442,227,170,489,384,434,373,391,214,193,435,468,417,403,336,238,145,435,510,479,485,433,272,227,448,418,399,361,400,248,98,314,323,351,271,211,187,84,322,291,246,268,304,215,118,319,336,234,235,229,126,87,244,233,165,192,261,94,67,186,161,187,168,181,78,91,250,252,247,245,228,119,67,225,211,184,162,167,77,41,170,143,57,155,139,66,50,192,186,121,128,152,66,53,170,164,133,113,84,69,33,147,129,126,102,98,62,36,124,152,106,98,107,56,41,144,218,154,128,138,83,73,184,174,100,98,105,51,38,109,135,116,129,111,62,69,173,150,121,111,129,70,57,86,225,222,169,172,82,73,172,173,147,140,161,80,65,154,132,129,148,125,55,53,157,169,142,165,175,99,87,219,240,239,192,221,119,83,267,260,223,164,49,117,98,245,308,267,216,90,137,105,346,313,392,391,397,194,152,318,395,358,317,303,185,116,376,378,324,313,350,158,114,357,315,255,271,187,108,87,103,185,203,162,163,63,73,181,162,125,143,124,40,26,43,72,76,73,72,40,31,101,93,108,92,83,38,32,108,100,95,79,69,47,31,109,80,82,60,84,32,25,36,91,68,60,67,34,15,73,59,63,58,55,19,23,70,62,58,21,32,38,29,86,77,75,56,80,29,29,86,79,68,81,75,22,26,95,81,89,77,56,38,33,97,101,80,89,85,32,33,135,120,101,110,103,46,40,101,163,123,113,125,64,42,179,141,109,116,111,62,64,147,148,143,157,128,59,46,180,184,173,179,169,81,71,217,204,242,224,231,92,75,271,307,226,268,286,115,108,336,330,348,290,261,133,101,358,303,294,264,268,125,90,330,281,279,248,265,125,112,323,292,269,268,263,121,90,349,317,261,262,250,128,124,353,394,406,319,337,135,156,528,506,481,508,531,216,189,680,703,627,504,592,265,200,724,634,652,537,585,229,192,683,616,661,515,514,238,191,614,572,582,504,524,221,182,608,498,499,425,409,159,139,453,365,294,161,403,167,109,433,314,353,233,260,117,101,330,209,237,201,181,73,59,215,171,170,147,157,61,80,196,149,140,133,169,65,30,114,91,115,83,91,39,39,135,83,93,90,74,32,17,68,64,87,76,66,35,25,104,71,70,65,59,19,10,32,58,74,56,49,20,16,52,47,52,43,38,18,19,66,49,39,48,49,22,17,94,85,65,55,34,12,12,50,37,36,50,31,11,15,53,46,58,70,55,40,33,146,172,251,298,299,97,151,483,642,744,756,735,246,142,361,4
29,1380011,TLAXCALA,0,0,0,0,0,0,0,0,0,1,1,0,0,0,0,1,1,0,0,1,0,0,0,0,0,0,1,1,0,0,1,2,0,1,1,5,1,0,2,6,8,7,6,1,6,8,3,7,7,5,9,6,3,10,9,12,8,12,15,20,13,14,24,10,16,9,16,7,26,16,23,17,20,20,17,36,38,42,21,37,30,25,43,52,41,50,44,28,18,57,38,41,45,47,40,25,65,45,59,55,47,34,29,68,58,66,53,54,26,31,63,57,76,56,50,34,35,65,85,76,65,91,28,49,88,95,81,105,93,30,50,74,101,61,85,80,42,34,74,103,102,100,101,54,57,99,82,86,78,94,39,42,112,90,92,85,75,44,21,79,81,76,63,61,34,19,85,58,66,73,48,34,18,75,55,44,76,61,32,18,88,70,67,37,50,21,20,47,38,40,48,54,45,26,39,40,27,31,27,19,19,55,36,11,56,24,20,14,38,46,48,28,21,6,9,28,38,34,22,22,14,5,16,22,20,24,26,18,11,31,44,31,14,30,17,15,26,35,27,29,32,19,10,34,27,28,24,22,15,26,33,36,29,23,40,20,19,39,44,35,42,45,35,15,33,71,68,40,44,22,22,31,30,26,25,37,22,16,48,46,39,32,40,32,12,89,49,47,67,64,34,25,108,109,104,75,102,49,47,117,109,96,71,31,65,37,125,139,134,119,42,96,66,173,201,153,163,139,107,53,217,178,163,162,156,79,64,186,154,184,141,137,77,61,122,120,146,124,95,54,42,68,124,113,123,130,58,72,99,80,71,72,95,33,36,72,59,56,41,53,26,20,72,45,46,52,60,22,18,54,53,51,41,48,24,11,56,28,49,69,60,41,30,41,86,42,46,49,24,28,83,73,61,61,31,13,14,40,30,28,18,42,18,15,55,55,41,40,20,12,15,38,34,36,23,35,8,4,39,32,34,24,27,21,5,25,25,24,16,13,3,13,23,13,16,14,10,5,3,11,13,5,15,9,15,4,19,15,12,17,15,6,19,14,11,11,15,14,5,3,9,10,7,9,12,1,1,5,9,2,3,4,3,0,6,13,2,3,1,2,2,11,2,10,7,5,3,3,4,8,10,7,12,2,4,5,9,13,16,22,11,6,44,21,43,38,37,16,15,48,61,82,62,56,38,29,69,98,100,125,113,28,59,120,122,129,127,141,93,65,177,161,157,183,165,93,92,191,162,204,201,192,95,81,175,190,160,182,138,96,50,160,169,140,163,142,90,65,187,148,148,119,119,58,41,136,101,54,39,103,49,34,104,112,90,76,66,35,31,83,76,61,55,54,17,16,50,53,44,55,27,21,16,41,32,17,22,23,7,9,27,22,13,17,15,8,13,28,18,14,19,14,6,8,8,3,6,8,16,6,4,14,15,19,5,9,3,7,3,5,7,5,12,5,0,16,7,6,8,5,3,4,8,3,4,5,9,10,8,14,14,12,6,7,3,2,4,5,3,7,4,5,2,5,10,5,5,4,2,5,9,16,18,21,12,7,16,49,88,79,136,115,50,28,55,0
30,8539862,VERACRUZ,0,0,0,0,0,0,0,0,0,0,0,0,0,0,0,0,0,0,2,0,0,7,5,2,1,0,4,3,6,5,3,1,2,6,6,10,6,8,2,3,7,13,5,13,11,14,9,15,13,33,42,37,21,20,36,47,33,53,52,48,32,70,74,78,69,69,68,65,101,112,112,125,113,82,73,143,129,137,178,198,136,96,171,156,189,182,182,123,109,218,201,191,183,191,144,119,240,189,206,240,221,118,109,227,230,231,216,202,145,140,361,313,254,274,293,193,156,361,303,297,322,334,190,197,357,379,401,358,387,185,208,398,450,409,382,333,247,228,480,455,543,417,402,254,228,519,491,433,411,442,217,246,472,380,356,327,317,175,173,364,309,297,259,284,127,118,325,249,259,249,203,127,111,276,255,218,174,174,97,105,257,235,228,194,175,111,102,255,250,255,202,201,90,90,199,224,212,177,185,81,85,207,77,92,240,177,69,80,273,178,174,179,141,58,72,214,132,148,135,120,65,53,188,160,130,135,146,48,61,177,144,146,127,107,50,45,183,112,83,120,101,46,33,152,119,117,95,89,31,41,107,119,81,123,91,46,35,145,142,108,111,90,42,45,46,143,92,103,85,41,33,151,114,97,119,124,53,49,165,94,110,78,91,39,44,119,129,113,135,102,60,49,172,167,165,129,113,63,54,179,160,154,107,42,70,76,261,232,193,162,57,128,118,330,334,314,277,299,164,179,335,317,281,356,321,197,175,350,349,309,328,328,176,136,332,317,258,248,231,108,109,129,256,218,189,149,86,87,203,198,152,149,141,83,61,153,143,134,134,107,54,42,148,123,104,100,105,60,56,153,93,98,114,110,52,52,119,94,99,104,75,50,45,67,125,100,64,74,38,47,114,109,98,83,60,40,27,68,65,74,39,31,38,28,78,81,81,83,66,25,29,75,69,64,71,49,51,25,89,69,59,68,86,34,31,64,63,47,43,50,23,15,69,58,44,55,41,31,33,37,64,78,53,63,38,33,69,82,79,87,66,26,23,93,81,98,77,73,35,42,117,99,100,96,130,44,50,139,111,124,113,102,66,58,147,117,123,135,140,72,62,230,209,226,231,233,106,93,346,312,310,320,311,164,146,474,476,477,497,538,255,239,641,583,549,548,581,341,295,791,831,855,767,911,502,432,973,998,906,917,943,471,456,1059,1008,1027,987,1037,559,453,1185,1131,1022,1012,1071,581,402,1063,1041,1018,825,812,435,408,994,805,770,731,716,433,323,791,676,657,664,642,418,303,712,579,550,563,485,267,163,459,368,293,230,402,218,220,416,312,280,310,235,143,133,363,226,252,224,210,115,112,250,154,151,176,139,93,88,164,104,108,121,110,53,51,108,107,84,79,52,50,49,96,85,74,52,45,36,15,53,36,61,41,41,18,23,66,39,28,37,40,16,16,16,44,36,47,31,13,16,42,35,21,29,23,12,2,27,24,33,14,34,15,9,23,24,24,32,33,11,6,28,19,27,26,19,4,3,36,27,42,37,19,11,9,55,46,60,58,83,29,70,226,251,291,308,349,83,157,159,1
31,2259098,YUCATAN,0,0,0,0,0,0,0,0,0,0,0,0,0,0,0,1,0,0,4,2,6,0,2,6,0,8,6,9,5,0,3,5,4,10,4,9,3,10,2,5,14,13,10,11,5,8,9,22,21,31,14,15,10,10,28,21,22,34,37,24,21,45,49,32,60,26,30,32,53,45,33,36,39,20,26,45,52,63,60,41,32,49,55,55,59,71,63,34,31,56,56,61,60,47,30,25,57,48,52,44,34,45,36,89,70,72,84,66,42,59,102,99,117,105,112,96,92,146,151,174,190,147,98,72,192,161,172,164,196,71,74,177,188,188,189,186,94,94,214,197,204,212,194,94,86,262,237,259,242,258,98,93,273,334,297,374,234,124,82,210,193,182,170,162,118,96,154,180,132,149,179,101,93,175,223,138,175,150,63,110,185,168,139,251,221,49,48,173,141,169,165,148,66,73,185,183,149,145,135,68,58,98,117,37,159,119,67,46,140,141,139,161,107,31,55,126,111,113,107,95,28,44,130,102,26,74,100,46,53,139,175,109,112,133,76,34,132,196,163,142,109,53,43,104,35,86,100,71,43,30,64,87,73,69,81,39,44,70,120,78,152,71,47,38,34,87,115,103,120,79,61,160,104,132,113,66,53,35,95,102,114,110,78,41,42,88,100,87,83,100,48,50,174,136,120,96,90,46,31,100,117,70,81,30,45,42,108,107,98,111,35,71,45,137,183,147,149,150,69,57,119,136,103,117,147,44,54,98,153,174,127,128,65,58,142,149,149,153,113,36,35,44,165,120,92,73,35,55,129,116,120,98,95,50,43,112,87,109,112,96,44,35,124,139,103,92,147,53,44,139,127,110,126,100,38,40,106,94,107,97,90,42,29,33,113,108,94,85,43,38,97,81,81,86,75,25,27,90,76,74,72,30,41,28,107,103,66,99,56,31,22,88,91,71,77,67,26,36,85,79,72,64,81,27,25,79,84,102,89,80,30,27,94,92,53,93,69,16,28,45,110,79,86,83,49,37,111,126,106,109,110,34,48,122,146,158,188,185,63,73,233,229,219,235,244,70,61,335,291,280,292,266,86,75,330,294,260,275,282,97,87,372,395,369,325,304,106,97,407,314,327,259,246,87,69,351,313,324,287,287,90,79,365,317,282,294,255,89,88,345,311,271,246,267,75,82,328,279,226,214,254,98,61,338,264,258,239,254,87,70,353,316,297,295,293,112,68,400,374,331,138,343,123,94,417,360,361,341,322,130,80,376,407,376,327,347,116,78,440,306,347,350,335,94,92,437,369,141,123,420,142,77,432,361,349,298,296,83,47,325,286,258,201,168,29,43,214,209,162,158,160,31,39,161,140,140,125,121,23,19,170,132,96,76,105,29,17,124,116,91,96,90,21,20,100,80,100,75,79,29,13,81,81,55,54,53,16,10,26,83,58,48,52,13,6,54,43,59,29,34,9,5,43,30,38,24,29,6,5,42,29,27,19,22,4,3,12,23,20,19,16,6,7,31,36,29,51,44,11,16,149,219,262,270,295,49,74,636,754,836,780,796,115,124,526,1
32,1666426,ZACATECAS,0,0,0,0,0,0,1,0,1,0,0,0,0,2,2,2,0,0,0,1,0,0,2,3,1,1,1,1,0,0,4,1,0,2,0,0,1,0,1,1,1,0,2,2,0,2,1,0,1,6,4,2,7,1,9,2,2,8,5,4,3,4,10,9,4,7,7,2,8,5,11,9,9,4,3,11,3,13,19,8,3,4,6,0,16,8,9,11,6,13,11,4,8,17,7,5,16,13,16,18,17,14,12,21,29,38,20,25,19,9,37,34,20,23,26,11,9,35,30,24,32,31,17,23,43,54,45,49,49,23,20,57,46,52,36,48,55,34,45,59,77,97,58,42,28,87,86,96,81,87,58,27,78,128,74,104,80,49,39,95,91,85,98,89,92,58,109,172,135,68,76,63,49,81,101,88,95,93,49,45,95,111,87,98,95,40,32,67,91,124,76,106,52,39,76,76,78,103,88,38,36,71,88,44,109,68,33,17,75,94,69,90,79,33,25,81,113,81,88,93,39,58,84,103,95,103,104,93,94,130,179,142,139,155,98,51,161,179,188,172,168,120,67,185,229,175,187,157,93,59,166,234,211,249,204,121,100,192,269,249,255,274,106,99,126,225,260,302,261,95,85,239,277,283,235,231,108,84,193,317,208,179,190,76,58,187,197,155,190,162,59,67,143,195,135,193,92,83,61,141,201,89,83,13,34,39,148,159,126,102,17,57,31,187,244,182,216,173,79,53,197,160,151,169,125,57,43,158,190,158,180,142,73,31,154,192,170,153,110,52,28,64,138,147,141,115,40,32,109,128,106,101,83,45,13,115,126,75,89,62,32,17,63,82,77,62,60,24,14,93,78,55,82,57,19,49,78,56,72,40,29,15,13,23,72,43,59,31,19,30,58,60,46,50,45,35,19,73,37,40,31,15,12,17,35,37,45,57,42,22,22,56,41,30,45,40,18,15,55,38,28,29,42,22,15,53,46,34,47,37,19,21,50,42,40,36,37,25,12,24,38,32,27,32,5,7,31,32,26,20,25,14,12,23,18,18,11,6,5,3,15,12,15,13,8,5,1,13,14,9,15,10,4,5,15,13,8,7,5,4,2,13,15,17,11,2,6,3,14,22,9,7,3,6,12,30,31,25,48,44,10,10,60,58,67,84,50,19,32,141,177,129,143,132,55,28,151,181,176,218,174,66,59,179,202,183,212,185,48,68,278,368,249,239,211,81,72,315,232,214,179,163,56,50,241,172,168,141,166,48,31,161,136,116,132,105,48,26,132,90,92,93,98,25,42,96,102,43,25,60,14,22,70,77,41,58,58,14,12,84,76,60,45,48,21,12,67,40,61,62,36,12,15,59,67,43,23,43,10,5,46,36,23,33,31,9,8,53,24,31,16,24,5,3,20,15,22,26,18,6,4,34,24,19,24,15,7,5,6,28,23,14,32,5,5,29,35,23,10,11,3,5,33,16,31,21,30,7,8,30,29,27,44,26,9,8,34,48,24,30,45,12,14,30,32,62,37,41,20,17,89,128,122,176,219,60,77,510,621,707,737,656,467,183,339,0
99,127792286,Nacional,0,4,2,2,2,5,9,10,11,6,7,8,5,17,39,41,66,52,37,77,104,116,151,132,85,70,168,220,185,224,262,191,166,345,311,382,347,392,250,259,631,515,581,483,572,464,479,953,936,985,996,1145,815,794,1521,1471,1423,1506,1734,1164,1117,1942,1961,1948,1884,1555,1493,1377,2642,2234,2389,2531,2530,1657,1552,3118,3070,3230,3217,3694,2270,1739,4181,3710,4052,4103,4132,2416,2002,4788,4423,4566,4310,4468,2822,2199,5453,4837,5073,5013,5159,3149,2468,6291,5873,5826,5471,5744,3231,2702,6690,6476,6180,6146,6162,3736,2610,7014,6617,6369,6342,6618,3779,3065,7563,7229,7696,7100,7121,3760,3103,7883,7927,7453,7059,7221,3927,3278,8927,8463,8864,8266,8050,4453,3501,9133,8660,8304,8097,8029,4211,3070,8527,8202,7674,7576,6739,3834,2563,7537,7393,7179,6678,6630,3682,2442,7271,6881,6501,6456,6219,3255,2340,6903,6732,6299,6031,6307,3163,2356,7099,6697,7037,6541,6337,3167,2245,7044,7155,6921,6300,6041,2906,2098,6428,6629,6065,5707,5506,2815,1918,6273,4372,2251,6416,5614,2822,1865,6323,6177,5834,5408,5287,2671,1840,6304,5964,5558,5293,5006,2458,1769,5934,5956,5775,5513,5666,3041,2218,6827,7135,6476,6466,6615,3354,2369,8233,8394,7420,7296,7235,3503,2474,8411,7949,7185,6873,6284,3019,2172,5171,8087,7637,7557,7098,3545,2652,8974,8939,8358,8151,7581,3908,2641,3313,9625,8719,8215,8395,4220,2785,10361,10287,9586,9600,9618,4896,3013,10934,11633,11466,11219,10915,5998,3178,13110,13007,12502,12756,12499,6902,3422,14381,14046,13331,12800,12551,6616,3799,14476,13887,12823,10480,2735,5933,4397,16224,16099,14728,12083,3383,6930,5249,18460,18794,18367,18716,18587,9833,5652,20902,19464,18491,18297,17413,9429,5256,19495,18907,17329,16828,16366,8757,4715,18047,16972,14854,14043,12351,6806,3699,4716,13445,11839,10869,10182,5338,2762,11645,9323,8514,7846,7650,3996,2167,8237,7717,6979,6927,6740,3431,2038,8586,7436,6805,6733,6834,3514,2105,8625,6917,6526,6287,5990,3073,1994,7039,5927,5474,5301,5193,2674,1562,2142,6675,5220,4964,4707,2439,1545,5855,5119,4539,4508,4096,2249,1310,5191,4354,3974,2082,1691,1602,1422,5492,4588,4349,4160,3955,2218,1205,4952,4124,3746,3689,3267,1673,1097,4232,3554,3525,3172,3101,1736,1062,3869,3402,3091,2928,2675,1000,948,3409,2880,2547,2746,2448,1275,781,1719,3104,2577,2308,2425,1207,761,2821,2515,2413,2340,2306,1149,800,2892,2642,2574,2466,2433,1142,930,3028,2777,2781,2636,2753,1357,843,3666,3578,3360,3246,3246,1715,1099,4155,3835,3906,3915,3936,2065,1273,5245,5132,5274,5292,5173,2748,1702,6897,6352,6174,6409,6672,3458,2255,9158,9189,9922,9924,10392,5310,3509,13770,13813,13734,13398,13916,6896,4675,17964,18086,17727,18630,17803,8710,6375,22508,21863,20418,21110,19834,9364,7270,23360,22705,21447,21708,21023,10054,7541,25344,24463,22936,22079,21344,9448,6764,24093,21678,20751,18835,17872,7638,5882,21057,18616,17055,16117,15627,7023,4803,17577,15451,14473,13764,13238,6366,4195,15811,13142,11965,11831,11522,5129,3691,13537,11453,7439,3786,11419,4611,3173,12267,9928,9596,8554,8446,3732,2693,10026,7609,7116,6214,5909,2758,2070,7572,6307,5786,5250,4985,2338,1985,6430,5127,4648,4624,4411,1819,1357,5119,4148,3932,3829,3703,1645,1255,4756,3829,3451,3397,3230,1220,928,3159,2365,3502,3245,2916,1311,962,3765,3181,2977,3027,2804,1111,830,1321,3563,3285,2943,2736,1242,950,4106,3264,3036,2942,2539,1058,956,3571,2979,2696,2870,2498,988,789,3381,2907,2630,2490,2563,829,825,2848,2487,2460,2375,2222,955,874,3338,3208,3378,3607,2926,993,1765,7541,8601,10333,11292,9618,3042,4766,20063,25665,28595,27597,24649,9572,7236,14438,124
