"","fecha_ingreso","Analizados","Resultados_lab","Confirmados_lab","Descartados_lab","Sospechosos","Casos","C_M","C_H","Decesos","D_M","D_H","Ambulatorios","Hospitalizados","Graves","Criticos","UCI","C_IMSS","D_IMSS","C_SSA","D_SSA","C_Estatal","D_Estatal","C_Municipal","D_Municipal","C_ISSSTE","D_ISSSTE","C_Privada","D_Privada","C_SEDENA","D_SEDENA","C_SEMAR","D_SEMAR","C_PEMEX","D_PEMEX","C_0_14","D_0_14","C_15_29","D_15_29","C_30_59","D_30_59","C_60_mas","D_60_mas"
"1",2020-01-01,1,0,0,0,1,0,0,0,0,0,0,0,0,0,0,0,0,0,0,0,0,0,0,0,0,0,0,0,0,0,0,0,0,0,0,0,0,0,0,0,0,0
"2",2020-01-03,1,1,0,1,0,0,0,0,0,0,0,0,0,0,0,0,0,0,0,0,0,0,0,0,0,0,0,0,0,0,0,0,0,0,0,0,0,0,0,0,0,0
"3",2020-01-05,1,0,0,0,1,0,0,0,0,0,0,0,0,1,0,0,0,0,0,0,0,0,0,0,0,0,0,0,0,0,0,0,0,0,0,0,0,0,0,0,0,0
"4",2020-01-06,2,1,0,1,1,0,0,0,0,0,0,0,0,0,0,0,0,0,0,0,0,0,0,0,0,0,0,0,0,0,0,0,0,0,0,0,0,0,0,0,0,0
"5",2020-01-07,1,0,0,0,1,0,0,0,0,0,0,0,0,0,0,0,0,0,0,0,0,0,0,0,0,0,0,0,0,0,0,0,0,0,0,0,0,0,0,0,0,0
"6",2020-01-08,3,3,0,3,0,0,0,0,0,0,0,0,0,0,0,0,0,0,0,0,0,0,0,0,0,0,0,0,0,0,0,0,0,0,0,0,0,0,0,0,0,0
"7",2020-01-09,3,3,0,3,0,0,0,0,0,0,0,0,0,0,0,0,0,0,0,0,0,0,0,0,0,0,0,0,0,0,0,0,0,0,0,0,0,0,0,0,0,0
"8",2020-01-10,2,2,0,2,0,0,0,0,0,0,0,0,0,0,0,0,0,0,0,0,0,0,0,0,0,0,0,0,0,0,0,0,0,0,0,0,0,0,0,0,0,0
"9",2020-01-12,3,2,0,2,0,0,0,0,0,0,0,0,0,0,0,0,0,0,0,0,0,0,0,0,0,0,0,0,0,0,0,0,0,0,0,0,0,0,0,0,0,0
"10",2020-01-13,2,1,0,1,1,0,0,0,0,0,0,0,0,0,0,0,0,0,0,0,0,0,0,0,0,0,0,0,0,0,0,0,0,0,0,0,0,0,0,0,0,0
"11",2020-01-14,2,2,0,2,0,0,0,0,0,0,0,0,0,0,0,0,0,0,0,0,0,0,0,0,0,0,0,0,0,0,0,0,0,0,0,0,0,0,0,0,0,0
"12",2020-01-15,6,6,0,6,0,0,0,0,0,0,0,0,0,0,0,0,0,0,0,0,0,0,0,0,0,0,0,0,0,0,0,0,0,0,0,0,0,0,0,0,0,0
"13",2020-01-16,5,5,0,5,0,0,0,0,0,0,0,0,0,0,0,0,0,0,0,0,0,0,0,0,0,0,0,0,0,0,0,0,0,0,0,0,0,0,0,0,0,0
"14",2020-01-17,3,3,0,3,0,0,0,0,0,0,0,0,0,0,0,0,0,0,0,0,0,0,0,0,0,0,0,0,0,0,0,0,0,0,0,0,0,0,0,0,0,0
"15",2020-01-18,2,1,0,1,1,0,0,0,0,0,0,0,0,0,0,0,0,0,0,0,0,0,0,0,0,0,0,0,0,0,0,0,0,0,0,0,0,0,0,0,0,0
"16",2020-01-19,6,3,0,3,2,0,0,0,0,0,0,0,0,0,0,0,0,0,0,0,0,0,0,0,0,0,0,0,0,0,0,0,0,0,0,0,0,0,0,0,0,0
"17",2020-01-20,10,7,0,7,3,0,0,0,0,0,0,0,0,1,0,0,0,0,0,0,0,0,0,0,0,0,0,0,0,0,0,0,0,0,0,0,0,0,0,0,0,0
"18",2020-01-21,3,3,0,3,0,0,0,0,0,0,0,0,0,0,0,0,0,0,0,0,0,0,0,0,0,0,0,0,0,0,0,0,0,0,0,0,0,0,0,0,0,0
"19",2020-01-22,8,6,0,6,1,0,0,0,0,0,0,0,0,0,0,0,0,0,0,0,0,0,0,0,0,0,0,0,0,0,0,0,0,0,0,0,0,0,0,0,0,0
"20",2020-01-23,6,6,0,6,0,0,0,0,0,0,0,0,0,0,0,0,0,0,0,0,0,0,0,0,0,0,0,0,0,0,0,0,0,0,0,0,0,0,0,0,0,0
"21",2020-01-24,14,10,0,10,2,0,0,0,0,0,0,0,0,0,0,0,0,0,0,0,0,0,0,0,0,0,0,0,0,0,0,0,0,0,0,0,0,0,0,0,0,0
"22",2020-01-25,12,4,0,4,7,0,0,0,0,0,0,0,0,0,0,0,0,0,0,0,0,0,0,0,0,0,0,0,0,0,0,0,0,0,0,0,0,0,0,0,0,0
"23",2020-01-26,6,3,0,3,2,0,0,0,0,0,0,0,0,0,0,0,0,0,0,0,0,0,0,0,0,0,0,0,0,0,0,0,0,0,0,0,0,0,0,0,0,0
"24",2020-01-27,12,7,0,7,4,0,0,0,0,0,0,0,0,0,0,0,0,0,0,0,0,0,0,0,0,0,0,0,0,0,0,0,0,0,0,0,0,0,0,0,0,0
"25",2020-01-28,10,6,0,6,4,0,0,0,0,0,0,0,0,0,0,0,0,0,0,0,0,0,0,0,0,0,0,0,0,0,0,0,0,0,0,0,0,0,0,0,0,0
"26",2020-01-29,10,8,0,8,2,0,0,0,0,0,0,0,0,0,0,0,0,0,0,0,0,0,0,0,0,0,0,0,0,0,0,0,0,0,0,0,0,0,0,0,0,0
"27",2020-01-30,12,12,0,12,0,0,0,0,0,0,0,0,0,0,0,0,0,0,0,0,0,0,0,0,0,0,0,0,0,0,0,0,0,0,0,0,0,0,0,0,0,0
"28",2020-01-31,6,4,0,4,2,0,0,0,0,0,0,0,0,0,0,0,0,0,0,0,0,0,0,0,0,0,0,0,0,0,0,0,0,0,0,0,0,0,0,0,0,0
"29",2020-02-01,6,1,0,1,5,0,0,0,0,0,0,0,0,0,0,0,0,0,0,0,0,0,0,0,0,0,0,0,0,0,0,0,0,0,0,0,0,0,0,0,0,0
"30",2020-02-02,5,3,0,3,1,0,0,0,0,0,0,0,0,0,0,0,0,0,0,0,0,0,0,0,0,0,0,0,0,0,0,0,0,0,0,0,0,0,0,0,0,0
"31",2020-02-03,9,3,0,3,6,0,0,0,0,0,0,0,0,0,0,0,0,0,0,0,0,0,0,0,0,0,0,0,0,0,0,0,0,0,0,0,0,0,0,0,0,0
"32",2020-02-04,11,6,0,6,5,0,0,0,0,0,0,0,0,1,0,0,0,0,0,0,0,0,0,0,0,0,0,0,0,0,0,0,0,0,0,0,0,0,0,0,0,0
"33",2020-02-05,5,4,0,4,1,0,0,0,0,0,0,0,0,0,0,0,0,0,0,0,0,0,0,0,0,0,0,0,0,0,0,0,0,0,0,0,0,0,0,0,0,0
"34",2020-02-06,5,5,0,5,0,0,0,0,0,0,0,0,0,0,0,0,0,0,0,0,0,0,0,0,0,0,0,0,0,0,0,0,0,0,0,0,0,0,0,0,0,0
"35",2020-02-07,7,5,0,5,2,0,0,0,0,0,0,0,0,0,0,0,0,0,0,0,0,0,0,0,0,0,0,0,0,0,0,0,0,0,0,0,0,0,0,0,0,0
"36",2020-02-08,5,1,0,1,4,0,0,0,0,0,0,0,0,0,0,0,0,0,0,0,0,0,0,0,0,0,0,0,0,0,0,0,0,0,0,0,0,0,0,0,0,0
"37",2020-02-09,12,3,0,3,9,0,0,0,0,0,0,0,0,0,0,0,0,0,0,0,0,0,0,0,0,0,0,0,0,0,0,0,0,0,0,0,0,0,0,0,0,0
"38",2020-02-10,10,8,0,8,2,0,0,0,0,0,0,0,0,0,0,0,0,0,0,0,0,0,0,0,0,0,0,0,0,0,0,0,0,0,0,0,0,0,0,0,0,0
"39",2020-02-11,8,7,0,7,1,0,0,0,0,0,0,0,0,0,0,0,0,0,0,0,0,0,0,0,0,0,0,0,0,0,0,0,0,0,0,0,0,0,0,0,0,0
"40",2020-02-12,8,5,0,5,3,0,0,0,0,0,0,0,0,0,0,0,0,0,0,0,0,0,0,0,0,0,0,0,0,0,0,0,0,0,0,0,0,0,0,0,0,0
"41",2020-02-13,7,3,0,3,4,0,0,0,0,0,0,0,0,0,0,0,0,0,0,0,0,0,0,0,0,0,0,0,0,0,0,0,0,0,0,0,0,0,0,0,0,0
"42",2020-02-14,7,5,0,5,2,0,0,0,0,0,0,0,0,0,0,0,0,0,0,0,0,0,0,0,0,0,0,0,0,0,0,0,0,0,0,0,0,0,0,0,0,0
"43",2020-02-15,17,1,0,1,16,0,0,0,0,0,0,0,0,0,0,0,0,0,0,0,0,0,0,0,0,0,0,0,0,0,0,0,0,0,0,0,0,0,0,0,0,0
"44",2020-02-16,6,0,0,0,6,0,0,0,0,0,0,0,0,0,0,0,0,0,0,0,0,0,0,0,0,0,0,0,0,0,0,0,0,0,0,0,0,0,0,0,0,0
"45",2020-02-17,12,8,0,8,4,0,0,0,0,0,0,0,0,0,0,0,0,0,0,0,0,0,0,0,0,0,0,0,0,0,0,0,0,0,0,0,0,0,0,0,0,0
"46",2020-02-18,11,8,0,8,3,0,0,0,0,0,0,0,0,2,0,0,0,0,0,0,0,0,0,0,0,0,0,0,0,0,0,0,0,0,0,0,0,0,0,0,0,0
"47",2020-02-19,8,3,0,3,5,0,0,0,0,0,0,0,0,1,0,0,0,0,0,0,0,0,0,0,0,0,0,0,0,0,0,0,0,0,0,0,0,0,0,0,0,0
"48",2020-02-20,13,7,0,7,6,0,0,0,0,0,0,0,0,0,0,0,0,0,0,0,0,0,0,0,0,0,0,0,0,0,0,0,0,0,0,0,0,0,0,0,0,0
"49",2020-02-21,8,2,0,2,6,0,0,0,0,0,0,0,0,0,0,0,0,0,0,0,0,0,0,0,0,0,0,0,0,0,0,0,0,0,0,0,0,0,0,0,0,0
"50",2020-02-22,14,1,0,1,13,0,0,0,0,0,0,0,0,0,0,0,0,0,0,0,0,0,0,0,0,0,0,0,0,0,0,0,0,0,0,0,0,0,0,0,0,0
"51",2020-02-23,16,9,0,9,6,0,0,0,0,0,0,0,0,0,0,0,0,0,0,0,0,0,0,0,0,0,0,0,0,0,0,0,0,0,0,0,0,0,0,0,0,0
"52",2020-02-24,22,7,0,7,15,0,0,0,0,0,0,0,0,0,0,0,0,0,0,0,0,0,0,0,0,0,0,0,0,0,0,0,0,0,0,0,0,0,0,0,0,0
"53",2020-02-25,15,9,0,9,5,0,0,0,0,0,0,0,0,1,1,0,0,0,0,0,0,0,0,0,0,0,0,0,0,0,0,0,0,0,0,0,0,0,0,0,0,0
"54",2020-02-26,15,8,0,8,7,0,0,0,0,0,0,0,0,0,0,0,0,0,0,0,0,0,0,0,0,0,0,0,0,0,0,0,0,0,0,0,0,0,0,0,0,0
"55",2020-02-27,16,7,0,7,9,0,0,0,0,0,0,0,0,1,0,0,0,0,0,0,0,0,0,0,0,0,0,0,0,0,0,0,0,0,0,0,0,0,0,0,0,0
"56",2020-02-28,12,5,0,5,7,0,0,0,0,0,0,0,0,2,0,0,0,0,0,0,0,0,0,0,0,0,0,0,0,0,0,0,0,0,0,0,0,0,0,0,0,0
"57",2020-02-29,12,1,0,1,11,0,0,0,0,0,0,0,0,0,0,0,0,0,0,0,0,0,0,0,0,0,0,0,0,0,0,0,0,0,0,0,0,0,0,0,0,0
"58",2020-03-01,12,4,0,4,7,0,0,0,0,0,0,0,0,3,0,0,0,0,0,0,0,0,0,0,0,0,0,0,0,0,0,0,0,0,0,0,0,0,0,0,0,0
"59",2020-03-02,13,5,0,5,6,0,0,0,0,0,0,0,0,0,0,0,0,0,0,0,0,0,0,0,0,0,0,0,0,0,0,0,0,0,0,0,0,0,0,0,0,0
"60",2020-03-03,14,6,0,6,8,0,0,0,0,0,0,0,0,1,0,0,0,0,0,0,0,0,0,0,0,0,0,0,0,0,0,0,0,0,0,0,0,0,0,0,0,0
"61",2020-03-04,11,3,0,3,8,0,0,0,0,0,0,0,0,0,0,0,0,0,0,0,0,0,0,0,0,0,0,0,0,0,0,0,0,0,0,0,0,0,0,0,0,0
"62",2020-03-05,8,3,0,3,5,0,0,0,0,0,0,0,0,0,0,0,0,0,0,0,0,0,0,0,0,0,0,0,0,0,0,0,0,0,0,0,0,0,0,0,0,0
"63",2020-03-06,6,2,0,2,4,0,0,0,0,0,0,0,0,0,0,0,0,0,0,0,0,0,0,0,0,0,0,0,0,0,0,0,0,0,0,0,0,0,0,0,0,0
"64",2020-03-07,7,2,0,2,5,0,0,0,0,0,0,0,0,0,0,0,0,0,0,0,0,0,0,0,0,0,0,0,0,0,0,0,0,0,0,0,0,0,0,0,0,0
"65",2020-03-08,11,2,0,2,9,0,0,0,0,0,0,0,0,2,0,0,0,0,0,0,0,0,0,0,0,0,0,0,0,0,0,0,0,0,0,0,0,0,0,0,0,0
"66",2020-03-09,6,4,0,4,2,0,0,0,0,0,0,0,0,0,0,0,0,0,0,0,0,0,0,0,0,0,0,0,0,0,0,0,0,0,0,0,0,0,0,0,0,0
"67",2020-03-10,6,5,0,5,1,0,0,0,0,0,0,0,0,2,0,0,0,0,0,0,0,0,0,0,0,0,0,0,0,0,0,0,0,0,0,0,0,0,0,0,0,0
"68",2020-03-11,10,5,0,5,5,0,0,0,0,0,0,0,0,1,0,0,0,0,0,0,0,0,0,0,0,0,0,0,0,0,0,0,0,0,0,0,0,0,0,0,0,0
"69",2020-03-12,7,6,0,6,1,0,0,0,0,0,0,0,0,0,0,0,0,0,0,0,0,0,0,0,0,0,0,0,0,0,0,0,0,0,0,0,0,0,0,0,0,0
"70",2020-03-13,8,5,0,5,2,0,0,0,0,0,0,0,0,2,0,0,0,0,0,0,0,0,0,0,0,0,0,0,0,0,0,0,0,0,0,0,0,0,0,0,0,0
"71",2020-03-14,4,1,0,1,3,0,0,0,0,0,0,0,0,0,0,0,0,0,0,0,0,0,0,0,0,0,0,0,0,0,0,0,0,0,0,0,0,0,0,0,0,0
"72",2020-03-15,8,3,1,2,5,1,0,1,0,0,0,1,0,3,0,0,0,0,1,0,0,0,0,0,0,0,0,0,0,0,0,0,0,0,0,0,0,0,0,0,1,0
"73",2020-03-16,16,8,0,8,8,0,0,0,0,0,0,0,0,1,0,0,0,0,0,0,0,0,0,0,0,0,0,0,0,0,0,0,0,0,0,0,0,0,0,0,0,0
"74",2020-03-17,12,11,2,9,0,2,1,1,0,0,0,2,0,1,0,0,1,0,1,0,0,0,0,0,0,0,0,0,0,0,0,0,0,0,0,0,0,0,2,0,0,0
"75",2020-03-18,28,27,0,27,0,1,1,0,0,0,0,1,0,3,1,0,0,0,1,0,0,0,0,0,0,0,0,0,0,0,0,0,0,0,0,0,0,0,1,0,0,0
"76",2020-03-19,6,4,0,4,2,0,0,0,0,0,0,0,0,0,0,0,0,0,0,0,0,0,0,0,0,0,0,0,0,0,0,0,0,0,0,0,0,0,0,0,0,0
"77",2020-03-20,7,6,0,6,1,0,0,0,0,0,0,0,0,2,0,0,0,0,0,0,0,0,0,0,0,0,0,0,0,0,0,0,0,0,0,0,0,0,0,0,0,0
"78",2020-03-21,2,2,0,2,0,0,0,0,0,0,0,0,0,1,0,0,0,0,0,0,0,0,0,0,0,0,0,0,0,0,0,0,0,0,0,0,0,0,0,0,0,0
"79",2020-03-22,4,2,0,2,2,0,0,0,0,0,0,0,0,1,0,0,0,0,0,0,0,0,0,0,0,0,0,0,0,0,0,0,0,0,0,0,0,0,0,0,0,0
"80",2020-03-23,28,15,1,14,7,1,1,0,0,0,0,1,0,6,1,0,0,0,0,0,0,0,0,0,0,0,1,0,0,0,0,0,0,0,0,0,0,0,1,0,0,0
"81",2020-03-24,22,16,1,15,5,2,1,1,0,0,0,2,0,0,0,0,0,0,2,0,0,0,0,0,0,0,0,0,0,0,0,0,0,0,0,0,2,0,0,0,0,0
"82",2020-03-25,52,36,1,35,11,3,2,1,0,0,0,3,0,5,0,0,0,0,3,0,0,0,0,0,0,0,0,0,0,0,0,0,0,0,0,0,1,0,2,0,0,0
"83",2020-03-26,27,11,1,10,16,1,1,0,0,0,0,1,0,3,1,0,0,0,1,0,0,0,0,0,0,0,0,0,0,0,0,0,0,0,0,0,1,0,0,0,0,0
"84",2020-03-27,24,10,3,7,12,3,3,0,0,0,0,3,0,2,0,0,0,0,2,0,0,0,0,0,1,0,0,0,0,0,0,0,0,0,0,0,1,0,1,0,1,0
"85",2020-03-28,11,10,0,10,1,0,0,0,0,0,0,0,0,0,0,0,0,0,0,0,0,0,0,0,0,0,0,0,0,0,0,0,0,0,0,0,0,0,0,0,0,0
"86",2020-03-29,8,7,0,7,1,0,0,0,0,0,0,0,0,0,0,0,0,0,0,0,0,0,0,0,0,0,0,0,0,0,0,0,0,0,0,0,0,0,0,0,0,0
"87",2020-03-30,23,15,0,15,8,0,0,0,0,0,0,0,0,3,1,0,0,0,0,0,0,0,0,0,0,0,0,0,0,0,0,0,0,0,0,0,0,0,0,0,0,0
"88",2020-03-31,35,21,3,18,12,3,2,1,0,0,0,3,0,3,0,0,0,0,3,0,0,0,0,0,0,0,0,0,0,0,0,0,0,0,0,0,2,0,1,0,0,0
"89",2020-04-01,19,10,0,10,9,0,0,0,0,0,0,0,0,3,0,0,0,0,0,0,0,0,0,0,0,0,0,0,0,0,0,0,0,0,0,0,0,0,0,0,0,0
"90",2020-04-02,27,16,0,16,9,0,0,0,0,0,0,0,0,3,0,0,0,0,0,0,0,0,0,0,0,0,0,0,0,0,0,0,0,0,0,0,0,0,0,0,0,0
"91",2020-04-03,31,11,0,11,19,1,0,1,0,0,0,1,0,3,0,0,0,0,1,0,0,0,0,0,0,0,0,0,0,0,0,0,0,0,0,0,0,0,0,0,1,0
"92",2020-04-04,19,14,3,11,5,3,0,3,0,0,0,3,0,3,0,0,0,0,3,0,0,0,0,0,0,0,0,0,0,0,0,0,0,0,0,0,2,0,1,0,0,0
"93",2020-04-05,10,7,1,6,2,1,1,0,0,0,0,0,1,6,1,0,0,0,0,0,0,0,0,0,1,0,0,0,0,0,0,0,0,0,0,0,0,0,1,0,0,0
"94",2020-04-06,24,13,1,12,10,1,0,1,1,0,1,0,1,5,1,0,0,0,0,0,1,1,0,0,0,0,0,0,0,0,0,0,0,0,0,0,0,0,0,0,1,1
"95",2020-04-07,17,14,3,11,2,3,1,2,0,0,0,1,2,3,2,0,0,0,3,0,0,0,0,0,0,0,0,0,0,0,0,0,0,0,0,0,0,0,2,0,1,0
"96",2020-04-08,30,9,1,8,21,1,0,1,0,0,0,0,1,4,1,1,1,0,0,0,0,0,0,0,0,0,0,0,0,0,0,0,0,0,0,0,0,0,1,0,0,0
"97",2020-04-09,8,7,3,4,1,3,1,2,2,1,1,1,2,5,4,1,2,2,1,0,0,0,0,0,0,0,0,0,0,0,0,0,0,0,0,0,0,0,1,0,2,2
"98",2020-04-10,15,7,1,6,8,1,1,0,0,0,0,1,0,1,0,0,1,0,0,0,0,0,0,0,0,0,0,0,0,0,0,0,0,0,0,0,0,0,1,0,0,0
"99",2020-04-11,11,7,2,5,4,2,1,1,0,0,0,0,2,6,2,0,0,0,1,0,1,0,0,0,0,0,0,0,0,0,0,0,0,0,0,0,0,0,1,0,1,0
"100",2020-04-12,5,1,0,1,4,0,0,0,0,0,0,0,0,0,0,0,0,0,0,0,0,0,0,0,0,0,0,0,0,0,0,0,0,0,0,0,0,0,0,0,0,0
"101",2020-04-13,28,12,0,12,16,0,0,0,0,0,0,0,0,2,0,0,0,0,0,0,0,0,0,0,0,0,0,0,0,0,0,0,0,0,0,0,0,0,0,0,0,0
"102",2020-04-14,20,13,0,13,7,0,0,0,0,0,0,0,0,2,1,0,0,0,0,0,0,0,0,0,0,0,0,0,0,0,0,0,0,0,0,0,0,0,0,0,0,0
"103",2020-04-15,31,20,2,18,10,3,2,1,0,0,0,2,1,4,1,0,1,0,1,0,1,0,0,0,0,0,0,0,0,0,0,0,0,0,0,0,0,0,2,0,1,0
"104",2020-04-16,34,23,0,23,10,1,0,1,0,0,0,1,0,4,1,0,0,0,1,0,0,0,0,0,0,0,0,0,0,0,0,0,0,0,0,0,0,0,1,0,0,0
"105",2020-04-17,34,22,2,20,12,2,1,1,0,0,0,1,1,5,1,1,2,0,0,0,0,0,0,0,0,0,0,0,0,0,0,0,0,0,0,0,1,0,0,0,1,0
"106",2020-04-18,17,12,1,11,5,1,1,0,0,0,0,1,0,2,0,0,1,0,0,0,0,0,0,0,0,0,0,0,0,0,0,0,0,0,0,0,0,0,1,0,0,0
"107",2020-04-19,17,11,1,10,6,1,0,1,0,0,0,0,1,5,1,0,1,0,0,0,0,0,0,0,0,0,0,0,0,0,0,0,0,0,0,0,0,0,0,0,1,0
"108",2020-04-20,39,29,0,29,10,0,0,0,0,0,0,0,0,3,0,0,0,0,0,0,0,0,0,0,0,0,0,0,0,0,0,0,0,0,0,0,0,0,0,0,0,0
"109",2020-04-21,19,13,5,8,6,5,3,2,1,0,1,2,3,6,3,0,0,0,1,0,2,1,0,0,2,0,0,0,0,0,0,0,0,0,0,0,2,0,3,1,0,0
"110",2020-04-22,22,14,7,7,7,8,5,3,1,1,0,5,3,11,5,1,4,1,3,0,1,0,0,0,0,0,0,0,0,0,0,0,0,0,0,0,0,0,7,1,1,0
"111",2020-04-23,30,23,2,21,7,2,2,0,0,0,0,2,0,5,0,0,0,0,1,0,1,0,0,0,0,0,0,0,0,0,0,0,0,0,0,0,0,0,2,0,0,0
"112",2020-04-24,28,26,7,19,2,7,5,2,0,0,0,6,1,3,1,0,0,0,2,0,5,0,0,0,0,0,0,0,0,0,0,0,0,0,0,0,2,0,5,0,0,0
"113",2020-04-25,20,17,3,14,2,4,3,1,1,1,0,2,2,8,3,1,0,0,0,0,3,0,0,0,1,1,0,0,0,0,0,0,0,0,0,0,0,0,3,0,1,1
"114",2020-04-26,20,19,7,12,1,7,3,4,1,1,0,5,2,7,2,0,1,1,4,0,2,0,0,0,0,0,0,0,0,0,0,0,0,0,0,0,1,0,5,0,1,1
"115",2020-04-27,39,37,9,28,2,9,7,2,1,1,0,8,1,4,2,1,2,1,4,0,3,0,0,0,0,0,0,0,0,0,0,0,0,0,0,0,2,0,5,0,2,1
"116",2020-04-28,56,36,7,29,6,21,3,18,0,0,0,20,1,10,1,0,1,0,4,0,16,0,0,0,0,0,0,0,0,0,0,0,0,0,0,0,5,0,16,0,0,0
"117",2020-04-29,33,21,1,20,3,10,3,7,0,0,0,10,0,3,0,0,0,0,1,0,9,0,0,0,0,0,0,0,0,0,0,0,0,0,0,0,1,0,8,0,1,0
"118",2020-04-30,70,54,8,46,8,14,2,12,0,0,0,14,0,9,1,0,0,0,4,0,10,0,0,0,0,0,0,0,0,0,0,0,0,0,0,0,3,0,11,0,0,0
"119",2020-05-01,45,30,6,24,2,19,4,15,0,0,0,18,1,9,2,0,0,0,3,0,16,0,0,0,0,0,0,0,0,0,0,0,0,0,0,0,4,0,12,0,3,0
"120",2020-05-02,66,55,16,39,8,17,3,14,1,0,1,15,2,12,3,0,2,0,15,0,0,0,0,0,0,0,0,0,0,0,0,0,0,0,0,0,8,0,9,1,0,0
"121",2020-05-03,23,18,6,12,5,6,2,4,0,0,0,6,0,5,0,0,0,0,6,0,0,0,0,0,0,0,0,0,0,0,0,0,0,0,0,0,2,0,4,0,0,0
"122",2020-05-04,34,32,21,11,1,21,4,17,2,0,2,17,4,8,5,1,1,0,15,0,5,0,0,0,0,0,0,0,0,0,0,0,0,0,0,0,7,0,14,2,0,0
"123",2020-05-05,63,61,29,32,2,29,10,19,0,0,0,28,1,11,1,0,1,0,22,0,6,0,0,0,0,0,0,0,0,0,0,0,0,0,0,0,8,0,20,0,1,0
"124",2020-05-06,42,33,10,23,7,10,1,9,1,0,1,8,2,6,2,0,0,0,8,0,2,0,0,0,0,0,0,0,0,0,0,0,0,0,1,0,4,0,4,0,1,1
"125",2020-05-07,58,49,12,37,7,13,5,8,0,0,0,13,0,8,0,0,0,0,8,0,4,0,0,0,0,0,0,0,0,0,0,0,1,0,0,0,1,0,12,0,0,0
"126",2020-05-08,99,92,19,73,7,19,6,13,0,0,0,18,1,5,1,0,4,0,10,0,5,0,0,0,0,0,0,0,0,0,0,0,0,0,0,0,6,0,13,0,0,0
"127",2020-05-09,64,61,23,38,2,24,6,18,1,0,1,23,1,10,3,1,3,0,18,0,3,0,0,0,0,0,0,0,0,0,0,0,0,0,0,0,5,0,17,0,2,1
"128",2020-05-10,22,21,12,9,0,12,5,7,0,0,0,12,0,0,1,0,0,0,10,0,2,0,0,0,0,0,0,0,0,0,0,0,0,0,0,0,4,0,7,0,1,0
"129",2020-05-11,115,107,37,70,4,37,14,23,1,0,1,32,5,14,6,1,8,1,22,0,7,0,0,0,0,0,0,0,0,0,0,0,0,0,0,0,8,0,28,0,1,1
"130",2020-05-12,129,118,28,90,6,28,13,15,1,0,1,25,3,13,3,0,4,1,17,0,7,0,0,0,0,0,0,0,0,0,0,0,0,0,1,0,7,0,19,1,1,0
"131",2020-05-13,122,114,42,72,5,43,18,25,3,2,1,37,6,15,7,2,6,2,25,0,11,0,0,0,1,0,0,0,0,0,0,0,0,0,0,0,9,0,31,0,3,3
"132",2020-05-14,72,66,22,44,6,22,9,13,3,1,2,18,4,9,8,1,8,2,8,0,5,0,0,0,1,0,0,0,0,0,0,0,0,0,1,0,5,0,13,1,3,2
"133",2020-05-15,79,76,26,50,3,26,14,12,2,1,1,21,5,10,7,0,6,0,12,0,6,1,0,0,2,0,0,0,0,0,0,0,0,0,0,0,10,0,13,1,3,1
"134",2020-05-16,39,39,20,19,0,20,12,8,0,0,0,19,1,4,1,0,4,0,11,0,5,0,0,0,0,0,0,0,0,0,0,0,0,0,0,0,6,0,14,0,0,0
"135",2020-05-17,56,50,30,20,4,30,19,11,3,1,2,24,6,13,11,3,4,0,14,0,10,0,0,0,2,2,0,0,0,0,0,0,0,0,0,0,7,0,18,0,5,3
"136",2020-05-18,106,103,63,40,2,63,24,39,5,0,5,54,9,19,12,2,15,1,26,0,20,2,0,0,1,0,1,0,0,0,0,0,0,0,2,0,12,0,42,3,7,2
"137",2020-05-19,131,121,52,69,6,53,27,26,0,0,0,50,3,8,3,0,6,0,39,0,8,0,0,0,0,0,0,0,0,0,0,0,0,0,0,0,9,0,37,0,7,0
"138",2020-05-20,135,117,59,58,11,61,32,29,3,2,1,54,7,15,8,1,8,2,39,0,13,1,0,0,1,0,0,0,0,0,0,0,0,0,2,0,10,0,38,2,11,1
"139",2020-05-21,184,158,85,73,18,85,39,46,4,2,2,74,11,19,14,0,19,3,51,0,15,0,0,0,0,0,0,0,0,0,0,0,0,0,0,0,17,0,53,1,15,3
"140",2020-05-22,126,100,65,35,16,68,31,37,4,0,4,55,13,25,14,2,20,2,26,0,21,1,0,0,0,0,1,0,0,0,0,0,0,0,1,0,8,0,46,1,13,3
"141",2020-05-23,128,117,63,54,6,64,25,39,8,1,7,48,16,30,22,3,8,4,37,0,17,1,0,0,2,0,0,0,0,0,0,0,0,0,3,0,14,0,37,3,10,5
"142",2020-05-24,131,122,56,66,8,56,19,37,4,1,3,44,12,21,12,1,9,0,33,0,13,2,0,0,1,1,0,0,0,0,0,0,0,0,1,0,13,0,34,1,8,3
"143",2020-05-25,162,145,67,78,11,67,36,31,7,3,4,48,19,27,21,2,12,3,39,0,15,0,0,0,1,1,0,0,0,0,0,0,0,0,1,0,16,0,44,4,6,3
"144",2020-05-26,215,197,99,98,10,100,44,56,4,0,4,92,8,12,8,0,14,2,76,0,8,0,0,0,2,0,0,0,0,0,0,0,0,0,3,0,22,0,61,2,14,2
"145",2020-05-27,183,162,86,76,15,86,40,46,7,1,6,73,13,26,14,1,18,4,47,0,20,1,0,0,1,0,0,0,0,0,0,0,0,0,0,0,22,0,51,4,13,3
"146",2020-05-28,257,249,111,138,3,113,52,61,8,2,6,99,14,28,18,1,22,4,69,0,20,3,0,0,2,0,0,0,0,0,0,0,0,0,0,0,31,0,67,5,15,3
"147",2020-05-29,211,195,104,91,8,106,46,60,8,2,6,94,12,28,17,3,14,2,66,0,24,0,0,0,2,0,0,0,0,0,0,0,0,0,2,0,21,0,71,3,12,5
"148",2020-05-30,113,105,50,55,7,51,29,22,7,2,5,36,15,24,16,0,12,4,21,0,18,0,0,0,0,0,0,0,0,0,0,0,0,0,0,0,8,0,33,4,10,3
"149",2020-05-31,88,80,59,21,7,59,30,29,9,5,4,41,18,29,23,3,19,6,14,0,26,1,0,0,0,0,0,0,0,0,0,0,0,0,2,0,10,0,41,5,6,4
"150",2020-06-01,132,117,80,37,12,81,41,40,12,5,7,57,24,46,29,3,25,7,19,0,33,1,0,0,4,1,0,0,0,0,0,0,0,0,0,0,14,0,52,3,15,9
"151",2020-06-02,140,131,74,57,7,74,37,37,8,5,3,51,23,37,27,1,25,5,22,0,20,0,0,0,7,2,0,0,0,0,0,0,0,0,0,0,16,0,40,0,18,8
"152",2020-06-03,136,130,75,55,4,75,34,41,9,4,5,57,18,27,20,1,21,7,38,0,12,1,0,0,4,0,0,0,0,0,0,0,0,0,0,0,19,0,38,3,18,6
"153",2020-06-04,125,119,75,44,2,76,40,36,15,9,6,53,23,46,29,3,20,8,32,0,17,1,0,0,7,1,0,0,0,0,0,0,0,0,0,0,10,0,44,5,22,10
"154",2020-06-05,125,119,61,58,2,62,34,28,8,3,5,43,19,38,23,2,14,3,26,0,17,2,0,0,5,0,0,0,0,0,0,0,0,0,2,1,6,0,43,0,11,7
"155",2020-06-06,127,115,73,42,9,74,45,29,15,8,7,43,31,56,41,1,21,10,23,0,29,2,0,0,1,0,0,0,0,0,0,0,0,0,1,0,8,0,49,8,16,7
"156",2020-06-07,107,102,44,58,4,45,24,21,9,3,6,30,15,32,20,4,13,3,14,0,18,2,0,0,0,0,0,0,0,0,0,0,0,0,1,0,9,0,23,2,12,7
"157",2020-06-08,171,160,100,60,7,102,52,50,12,4,8,76,26,51,30,2,20,6,43,0,32,3,0,0,7,1,0,0,0,0,0,0,0,0,3,0,17,0,62,5,20,7
"158",2020-06-09,157,138,92,46,9,96,50,46,11,3,8,69,27,50,34,4,32,7,36,0,27,1,0,0,1,0,0,0,0,0,0,0,0,0,1,0,21,1,59,3,15,7
"159",2020-06-10,155,141,85,56,7,89,43,46,14,5,9,60,29,57,31,2,24,10,22,0,32,1,0,0,11,2,0,0,0,0,0,0,0,0,0,0,16,0,54,4,19,10
"160",2020-06-11,168,155,93,62,4,95,51,44,12,5,7,73,22,43,27,3,25,5,43,0,19,1,0,0,8,0,0,0,0,0,0,0,0,0,1,0,22,0,57,5,15,7
"161",2020-06-12,167,142,94,48,15,101,60,41,19,10,9,67,34,67,38,1,41,13,32,0,21,3,0,0,6,0,1,0,0,0,0,0,0,0,2,0,14,0,66,7,19,12
"162",2020-06-13,140,121,84,37,9,91,49,42,21,7,14,60,31,63,39,3,31,14,41,0,18,2,0,0,1,0,0,0,0,0,0,0,0,0,0,0,16,0,53,11,22,10
"163",2020-06-14,100,86,64,22,3,71,35,36,24,11,13,33,38,68,49,6,28,16,25,0,17,3,0,0,1,1,0,0,0,0,0,0,0,0,0,0,7,0,45,12,19,12
"164",2020-06-15,200,182,122,60,8,127,64,63,19,4,15,91,36,66,42,2,30,13,33,0,51,3,0,0,13,0,0,0,0,0,0,0,0,0,1,0,22,2,78,3,26,14
"165",2020-06-16,167,147,106,41,7,112,67,45,19,6,13,68,44,71,52,5,28,11,47,0,22,2,0,0,15,0,0,0,0,0,0,0,0,0,2,0,25,2,61,8,24,9
"166",2020-06-17,191,168,107,61,6,115,71,44,21,14,7,78,37,70,45,1,31,15,50,0,27,3,0,0,7,0,0,0,0,0,0,0,0,0,0,0,27,1,61,2,27,18
"167",2020-06-18,161,145,105,40,13,106,65,41,12,5,7,71,35,53,38,1,50,11,36,0,16,0,0,0,3,0,1,0,0,0,0,0,0,0,2,0,16,0,68,4,20,8
"168",2020-06-19,220,206,136,70,7,141,65,76,21,6,15,99,42,68,46,1,45,14,66,0,19,3,0,0,11,1,0,0,0,0,0,0,0,0,2,0,28,0,94,12,17,9
"169",2020-06-20,134,119,81,38,9,87,46,41,18,8,10,56,31,53,37,3,23,13,37,0,19,2,0,0,8,1,0,0,0,0,0,0,0,0,1,0,15,0,53,8,18,10
"170",2020-06-21,127,110,78,32,7,84,33,51,20,8,12,57,27,57,36,1,25,11,42,0,16,3,0,0,1,0,0,0,0,0,0,0,0,0,0,0,14,1,46,7,24,12
"171",2020-06-22,217,185,148,37,21,157,85,72,21,6,15,117,40,73,46,3,45,13,53,0,50,4,0,0,9,0,0,0,0,0,0,0,0,0,3,0,20,0,111,9,23,12
"172",2020-06-23,215,192,128,64,12,138,78,60,22,11,11,84,54,100,64,3,36,11,61,0,33,3,0,0,8,1,0,0,0,0,0,0,0,0,0,0,19,0,95,12,24,10
"173",2020-06-24,207,188,115,73,15,118,59,59,12,8,4,86,32,60,35,1,33,9,52,0,30,2,0,0,3,0,0,0,0,0,0,0,0,0,1,0,21,1,65,2,31,9
"174",2020-06-25,248,229,155,74,8,164,87,77,16,7,9,126,38,78,44,0,40,11,73,0,44,3,0,0,7,1,0,0,0,0,0,0,0,0,1,0,19,0,113,7,31,9
"175",2020-06-26,191,178,128,50,9,129,69,60,14,6,8,89,40,70,44,2,46,9,50,0,26,1,0,0,7,0,0,0,0,0,0,0,0,0,0,0,23,0,87,8,19,6
"176",2020-06-27,155,140,92,48,6,97,60,37,20,11,9,62,35,72,43,0,37,16,40,0,18,4,0,0,2,0,0,0,0,0,0,0,0,0,0,0,13,0,54,4,30,16
"177",2020-06-28,177,161,103,58,1,116,54,62,25,7,18,76,40,70,48,3,42,18,50,0,24,4,0,0,0,0,0,0,0,0,0,0,0,0,2,0,20,1,72,10,22,14
"178",2020-06-29,265,216,144,72,7,183,100,83,19,9,10,138,45,75,51,1,33,12,103,0,37,1,0,0,10,2,0,0,0,0,0,0,0,0,1,0,25,0,128,8,29,11
"179",2020-06-30,321,291,201,90,10,218,112,106,25,10,15,156,62,111,69,3,44,15,92,0,77,6,0,0,5,0,0,0,0,0,0,0,0,0,1,0,37,2,140,11,40,12
"180",2020-07-01,306,264,195,69,15,220,114,106,16,5,11,167,53,93,55,1,33,8,129,0,41,2,0,0,16,1,1,1,0,0,0,0,0,0,3,0,34,0,152,7,31,9
"181",2020-07-02,344,308,228,80,10,247,125,122,20,9,11,203,44,74,51,2,36,10,154,0,43,6,0,0,14,1,0,0,0,0,0,0,0,0,4,0,54,0,141,6,48,14
"182",2020-07-03,276,236,152,84,10,167,96,71,14,6,8,136,31,60,34,0,29,9,106,0,27,3,0,0,5,0,0,0,0,0,0,0,0,0,1,0,43,0,96,7,27,7
"183",2020-07-04,208,182,109,73,6,122,80,42,11,4,7,100,22,49,24,0,25,8,71,0,24,0,0,0,1,0,1,0,0,0,0,0,0,0,2,0,20,0,81,5,19,6
"184",2020-07-05,255,211,155,56,8,186,94,92,17,5,12,159,27,57,34,1,19,9,138,0,28,6,0,0,1,0,0,0,0,0,0,0,0,0,6,0,30,0,109,7,41,10
"185",2020-07-06,424,368,259,109,14,294,157,137,21,9,12,245,49,92,54,4,59,14,167,0,57,2,0,0,11,1,0,0,0,0,0,0,0,0,3,0,50,1,188,8,53,12
"186",2020-07-07,338,298,210,88,12,237,131,106,23,11,12,178,59,114,61,1,45,17,134,0,39,3,0,0,19,0,0,0,0,0,0,0,0,0,2,0,51,0,135,7,49,16
"187",2020-07-08,393,335,206,129,17,244,136,108,18,7,11,196,48,83,52,1,46,15,144,0,42,2,0,0,12,0,0,0,0,0,0,0,0,0,5,0,34,0,157,3,48,15
"188",2020-07-09,371,323,199,124,14,227,106,121,27,11,16,180,47,89,52,1,55,18,125,0,39,4,0,0,8,3,0,0,0,0,0,0,0,0,1,0,39,0,139,10,48,17
"189",2020-07-10,366,262,174,88,63,211,91,120,20,4,16,166,45,88,51,1,47,17,102,0,57,2,0,0,4,0,1,0,0,0,0,0,0,0,7,0,34,0,138,2,32,18
"190",2020-07-11,208,180,132,48,10,150,79,71,31,8,23,103,47,88,53,3,38,16,71,0,40,6,0,0,1,1,0,0,0,0,0,0,0,0,3,0,22,1,83,10,42,20
"191",2020-07-12,180,116,66,50,3,126,60,66,13,2,11,94,32,58,36,1,17,8,74,0,34,2,0,0,1,0,0,0,0,0,0,0,0,0,0,0,22,1,66,4,38,8
"192",2020-07-13,430,235,146,89,20,319,163,156,19,8,11,280,39,72,45,1,29,10,222,0,51,5,0,0,16,1,1,0,0,0,0,0,0,0,8,0,45,0,200,5,66,14
"193",2020-07-14,351,189,103,86,27,236,122,114,12,6,6,208,28,48,30,0,33,6,171,0,28,1,0,0,4,0,0,0,0,0,0,0,0,0,2,0,37,0,142,2,55,10
"194",2020-07-15,310,137,82,55,23,227,138,89,23,15,8,184,43,86,49,2,41,16,160,0,20,2,0,0,6,0,0,0,0,0,0,0,0,0,3,0,28,0,144,10,52,13
"195",2020-07-16,281,137,93,44,11,212,116,96,15,5,10,185,27,49,34,0,37,10,145,0,30,4,0,0,0,0,0,0,0,0,0,0,0,0,7,0,27,0,131,7,47,8
"196",2020-07-17,340,150,95,55,59,225,143,82,15,6,9,189,36,69,43,0,34,10,137,0,43,4,0,0,11,1,0,0,0,0,0,0,0,0,4,0,31,0,135,5,55,10
"197",2020-07-18,209,88,51,37,26,141,83,58,11,4,7,121,20,36,23,2,18,6,104,0,18,2,0,0,1,1,0,0,0,0,0,0,0,0,1,0,28,0,78,4,34,7
"198",2020-07-19,183,75,43,32,15,130,80,50,9,5,4,109,21,45,24,2,9,5,109,0,11,1,0,0,1,1,0,0,0,0,0,0,0,0,14,0,21,0,70,2,25,7
"199",2020-07-20,346,165,99,66,85,190,102,88,17,9,8,160,30,65,35,0,34,11,122,0,22,1,0,0,12,2,0,0,0,0,0,0,0,0,4,0,28,0,109,4,49,13
"200",2020-07-21,203,115,58,57,51,94,58,36,10,7,3,71,23,48,28,1,18,5,50,0,19,2,0,0,7,0,0,0,0,0,0,0,0,0,0,0,13,0,50,0,31,10
"201",2020-07-22,214,93,46,47,56,108,56,52,12,6,6,87,21,41,21,0,24,10,69,0,9,0,0,0,6,2,0,0,0,0,0,0,0,0,1,0,13,0,69,6,25,6
"202",2020-07-23,263,106,60,46,47,166,99,67,13,4,9,141,25,60,31,2,21,9,117,0,24,1,0,0,4,1,0,0,0,0,0,0,0,0,9,0,15,0,104,4,38,9
"203",2020-07-24,265,117,61,56,17,182,110,72,10,3,7,162,20,40,22,1,19,5,143,0,14,1,0,0,6,1,0,0,0,0,0,0,0,0,5,0,26,0,101,3,50,7
"204",2020-07-25,182,83,38,45,4,133,86,47,7,2,5,117,16,33,19,1,10,4,112,0,11,2,0,0,0,0,0,0,0,0,0,0,0,0,1,0,21,0,78,1,33,6
"205",2020-07-26,170,88,29,59,4,105,64,41,9,3,6,90,15,32,15,2,12,7,82,0,9,1,0,0,2,1,0,0,0,0,0,0,0,0,3,0,17,1,60,0,25,8
"206",2020-07-27,307,163,69,94,28,183,106,77,13,8,5,161,22,46,26,1,28,7,125,0,28,3,0,0,2,0,0,0,0,0,0,0,0,0,1,0,21,0,124,5,37,8
"207",2020-07-28,323,155,56,99,19,200,118,82,10,2,8,180,20,40,25,0,18,8,163,0,16,1,0,0,3,0,0,0,0,0,0,0,0,0,4,0,39,1,119,3,38,6
"208",2020-07-29,367,202,68,134,16,211,111,100,4,1,3,196,15,34,16,0,14,3,175,0,17,1,0,0,5,0,0,0,0,0,0,0,0,0,8,0,40,0,126,2,37,2
"209",2020-07-30,359,203,73,130,3,226,137,89,6,1,5,218,8,15,9,1,5,2,207,0,14,3,0,0,0,0,0,0,0,0,0,0,0,0,8,0,51,0,136,1,31,5
"210",2020-07-31,304,161,42,119,7,176,92,84,3,0,3,167,9,18,11,2,8,1,160,0,5,1,0,0,3,1,0,0,0,0,0,0,0,0,3,0,43,0,112,2,18,1
"211",2020-08-01,208,133,45,88,3,117,69,48,6,2,4,100,17,34,19,1,12,3,99,0,6,1,0,0,0,0,0,0,0,0,0,0,0,0,3,0,26,0,68,1,20,5
"212",2020-08-02,164,125,43,82,4,78,39,39,6,5,1,69,9,24,14,1,7,4,62,0,9,2,0,0,0,0,0,0,0,0,0,0,0,0,1,0,15,0,51,3,11,3
"213",2020-08-03,278,199,87,112,6,158,92,66,10,5,5,141,17,39,20,2,15,6,124,0,18,0,0,0,1,0,0,0,0,0,0,0,0,0,2,0,28,1,95,6,33,3
"214",2020-08-04,325,199,77,122,9,192,112,80,5,4,1,179,13,34,15,0,14,2,162,0,12,1,0,0,3,0,1,0,0,0,0,0,0,0,0,0,39,0,114,4,39,1
"215",2020-08-05,307,193,69,124,8,174,93,81,10,4,6,153,21,36,25,2,16,6,146,0,6,2,0,0,6,0,0,0,0,0,0,0,0,0,2,0,45,0,102,4,25,6
"216",2020-08-06,283,184,68,116,10,153,79,74,4,2,2,144,9,26,11,1,16,3,123,0,14,0,0,0,0,0,0,0,0,0,0,0,0,0,3,0,25,0,101,2,24,2
"217",2020-08-07,304,176,64,112,16,175,100,75,4,3,1,159,16,33,17,0,18,3,145,0,8,0,0,0,4,0,0,0,0,0,0,0,0,0,3,0,50,0,92,1,30,3
"218",2020-08-08,174,86,33,53,4,117,74,43,4,1,3,113,4,17,6,0,2,2,112,0,3,0,0,0,0,0,0,0,0,0,0,0,0,0,1,0,22,0,70,1,24,3
"219",2020-08-09,174,127,37,90,2,82,53,29,6,4,2,74,8,19,8,0,8,6,73,0,1,0,0,0,0,0,0,0,0,0,0,0,0,0,0,0,23,0,46,0,13,6
"220",2020-08-10,256,181,74,107,17,130,60,70,8,4,4,113,17,36,21,1,13,5,108,0,5,0,0,0,4,0,0,0,0,0,0,0,0,0,6,0,30,1,71,3,23,4
"221",2020-08-11,265,197,79,118,8,138,76,62,5,3,2,125,13,28,18,1,17,3,113,0,6,1,0,0,2,1,0,0,0,0,0,0,0,0,2,0,35,0,72,1,29,4
"222",2020-08-12,252,177,63,114,6,130,73,57,11,6,5,113,17,35,20,1,12,4,113,0,4,1,0,0,1,0,0,0,0,0,0,0,0,0,3,0,25,0,73,5,29,6
"223",2020-08-13,311,229,73,156,5,150,91,59,3,1,2,141,9,20,10,0,8,2,132,0,9,0,0,0,1,0,0,0,0,0,0,0,0,0,7,0,33,0,88,0,22,3
"224",2020-08-14,277,168,59,109,5,159,96,63,4,0,4,150,9,21,10,0,9,3,147,0,3,0,0,0,0,0,0,0,0,0,0,0,0,0,12,0,40,0,81,1,26,3
"225",2020-08-15,146,102,43,59,7,80,43,37,2,1,1,70,10,24,10,0,7,1,64,0,8,0,0,0,0,0,1,0,0,0,0,0,0,0,1,0,16,0,51,0,12,2
"226",2020-08-16,102,70,26,44,3,54,38,16,1,1,0,51,3,9,3,0,3,1,49,0,2,0,0,0,0,0,0,0,0,0,0,0,0,0,1,0,19,0,22,1,12,0
"227",2020-08-17,221,163,78,85,12,123,74,49,2,0,2,116,7,19,8,0,10,2,106,0,6,0,0,0,1,0,0,0,0,0,0,0,0,0,3,0,31,0,72,1,17,1
"228",2020-08-18,187,122,50,72,4,111,61,50,5,3,2,96,15,30,17,0,12,4,84,0,8,1,0,0,7,0,0,0,0,0,0,0,0,0,6,0,21,0,55,0,29,5
"229",2020-08-19,203,160,53,107,14,82,44,38,4,0,4,70,12,25,14,1,6,2,59,0,11,0,0,0,5,1,0,0,1,0,0,0,0,0,1,0,17,0,52,3,12,1
"230",2020-08-20,170,129,35,94,7,69,48,21,2,1,1,65,4,13,4,0,7,1,62,0,0,0,0,0,0,0,0,0,0,0,0,0,0,0,2,0,18,0,43,1,6,1
"231",2020-08-21,221,143,36,107,6,105,55,50,1,1,0,98,7,18,8,0,10,1,87,0,8,0,0,0,0,0,0,0,0,0,0,0,0,0,2,0,23,0,64,1,16,0
"232",2020-08-22,122,79,27,52,5,65,38,27,4,3,1,59,6,18,6,0,4,3,59,0,2,0,0,0,0,0,0,0,0,0,0,0,0,0,3,0,19,0,33,2,10,2
"233",2020-08-23,78,62,29,33,3,42,25,17,2,2,0,36,6,12,6,1,3,1,35,0,3,0,0,0,0,0,0,0,1,0,0,0,0,0,2,0,9,0,24,1,7,1
"234",2020-08-24,171,132,49,83,2,86,45,41,2,1,1,78,8,14,9,0,9,1,60,0,12,0,0,0,5,0,0,0,0,0,0,0,0,0,1,0,21,0,54,2,10,0
"235",2020-08-25,215,158,36,122,5,87,49,38,2,1,1,81,6,17,7,0,6,0,71,0,8,0,0,0,2,0,0,0,0,0,0,0,0,0,3,0,15,1,55,0,14,1
"236",2020-08-26,262,163,47,116,4,141,86,55,4,0,4,134,7,17,8,0,7,3,126,0,7,0,0,0,1,0,0,0,0,0,0,0,0,0,3,0,34,0,81,1,23,3
"237",2020-08-27,195,128,40,88,8,97,54,43,5,3,2,89,8,24,8,0,12,3,78,0,7,0,0,0,0,0,0,0,0,0,0,0,0,0,6,0,17,0,59,1,15,4
"238",2020-08-28,204,120,33,87,4,112,70,42,1,1,0,111,1,11,1,0,3,1,98,0,11,0,0,0,0,0,0,0,0,0,0,0,0,0,4,0,29,0,63,0,16,1
"239",2020-08-29,106,68,27,41,4,61,36,25,8,1,7,50,11,26,12,0,5,3,53,0,2,1,0,0,0,0,0,0,1,0,0,0,0,0,0,0,17,0,31,2,13,6
"240",2020-08-30,61,46,20,26,2,32,13,19,1,0,1,27,5,10,6,0,3,0,22,0,7,1,0,0,0,0,0,0,0,0,0,0,0,0,1,0,7,0,21,0,3,1
"241",2020-08-31,201,134,61,73,3,125,66,59,1,0,1,118,7,18,8,0,8,1,103,0,12,0,0,0,2,0,0,0,0,0,0,0,0,0,2,0,24,0,82,1,17,0
"242",2020-09-01,179,114,37,77,3,99,58,41,1,1,0,96,3,12,5,0,6,0,86,0,7,0,0,0,0,0,0,0,0,0,0,0,0,0,2,0,20,0,62,0,15,1
"243",2020-09-02,106,93,40,53,1,52,30,22,1,0,1,48,4,14,4,0,4,1,39,0,9,0,0,0,0,0,0,0,0,0,0,0,0,0,3,0,15,0,26,0,8,1
"244",2020-09-03,112,73,15,58,6,47,30,17,1,1,0,44,3,11,4,1,5,1,39,0,3,0,0,0,0,0,0,0,0,0,0,0,0,0,0,0,13,0,30,0,4,1
"245",2020-09-04,140,94,34,60,9,70,43,27,1,0,1,64,6,9,6,0,4,1,62,0,4,0,0,0,0,0,0,0,0,0,0,0,0,0,1,0,13,0,44,0,12,1
"246",2020-09-05,96,42,16,26,2,68,35,33,2,0,2,66,2,6,2,0,1,1,66,0,1,0,0,0,0,0,0,0,0,0,0,0,0,0,3,0,18,0,39,1,8,1
"247",2020-09-06,65,52,13,39,2,24,12,12,1,1,0,22,2,7,2,0,3,1,20,0,1,0,0,0,0,0,0,0,0,0,0,0,0,0,1,0,8,0,12,0,3,1
"248",2020-09-07,176,134,54,80,5,90,62,28,4,2,2,83,7,16,7,0,12,3,71,0,6,0,0,0,1,0,0,0,0,0,0,0,0,0,4,0,18,0,55,1,13,3
"249",2020-09-08,205,153,58,95,2,105,53,52,3,1,2,100,5,11,5,0,15,2,80,0,9,0,0,0,0,0,0,0,1,1,0,0,0,0,8,0,25,0,60,2,12,1
"250",2020-09-09,168,119,48,71,6,89,42,47,1,0,1,83,6,13,7,0,3,0,78,0,6,0,0,0,2,0,0,0,0,0,0,0,0,0,5,0,26,0,49,0,9,1
"251",2020-09-10,142,101,38,63,1,78,51,27,1,0,1,75,3,6,3,0,5,0,61,0,8,1,0,0,4,0,0,0,0,0,0,0,0,0,4,0,16,0,48,1,10,0
"252",2020-09-11,193,138,23,115,5,71,40,31,0,0,0,71,0,1,1,0,2,0,67,0,2,0,0,0,0,0,0,0,0,0,0,0,0,0,4,0,20,0,37,0,10,0
"253",2020-09-12,104,68,16,52,3,48,26,22,0,0,0,46,2,9,3,0,2,0,45,0,1,0,0,0,0,0,0,0,0,0,0,0,0,0,0,0,14,0,26,0,8,0
"254",2020-09-13,106,85,27,58,0,47,24,23,4,1,3,42,5,9,5,0,5,4,38,0,4,0,0,0,0,0,0,0,0,0,0,0,0,0,1,0,12,0,28,2,6,2
"255",2020-09-14,223,168,53,115,4,104,58,46,2,0,2,98,6,10,6,0,7,2,88,0,8,0,0,0,1,0,0,0,0,0,0,0,0,0,3,0,29,0,70,2,2,0
"256",2020-09-15,155,114,34,80,7,67,38,29,4,1,3,60,7,20,11,0,4,4,58,0,3,0,0,0,2,0,0,0,0,0,0,0,0,0,1,0,23,0,32,1,11,3
"257",2020-09-16,113,75,34,41,1,70,39,31,2,2,0,63,7,14,8,0,3,0,64,0,2,1,0,0,1,0,0,0,0,0,0,0,0,0,5,0,12,0,42,0,11,2
"258",2020-09-17,285,244,49,195,1,88,54,34,1,0,1,82,6,13,6,0,11,1,70,0,4,0,0,0,3,0,0,0,0,0,0,0,0,0,6,0,25,0,50,0,7,1
"259",2020-09-18,157,119,38,81,0,76,43,33,2,0,2,69,7,11,8,0,5,1,63,0,5,1,0,0,3,0,0,0,0,0,0,0,0,0,1,0,17,0,47,1,11,1
"260",2020-09-19,114,82,25,57,0,57,34,23,0,0,0,52,5,10,5,0,5,0,50,0,2,0,0,0,0,0,0,0,0,0,0,0,0,0,1,0,16,0,23,0,17,0
"261",2020-09-20,49,38,11,27,0,21,11,10,2,0,2,18,3,6,4,1,1,0,19,0,1,0,0,0,0,0,0,0,0,0,0,0,0,0,0,0,10,0,7,1,4,1
"262",2020-09-21,150,138,49,89,7,54,38,16,2,2,0,51,3,6,3,0,9,2,34,0,11,0,0,0,0,0,0,0,0,0,0,0,0,0,1,0,11,0,36,1,6,1
"263",2020-09-22,215,165,51,114,0,101,47,54,2,0,2,95,6,11,6,0,5,1,87,0,7,1,0,0,2,0,0,0,0,0,0,0,0,0,2,0,27,0,60,0,12,2
"264",2020-09-23,169,120,40,80,4,84,46,38,2,0,2,81,3,6,3,0,5,2,74,0,4,0,0,0,1,0,0,0,0,0,0,0,0,0,1,0,22,0,51,0,10,2
"265",2020-09-24,177,130,35,95,0,80,48,32,1,0,1,79,1,6,2,0,1,0,70,0,9,1,0,0,0,0,0,0,0,0,0,0,0,0,1,0,18,0,49,0,12,1
"266",2020-09-25,165,119,22,97,1,67,39,28,2,1,1,60,7,16,10,2,7,2,53,0,6,0,0,0,0,0,0,0,1,0,0,0,0,0,2,0,15,0,37,0,13,2
"267",2020-09-26,87,56,21,35,1,51,27,24,1,1,0,49,2,5,3,0,2,1,47,0,2,0,0,0,0,0,0,0,0,0,0,0,0,0,1,0,17,0,25,0,8,1
"268",2020-09-27,45,25,5,20,1,24,13,11,0,0,0,23,1,3,1,0,0,0,22,0,1,0,0,0,1,0,0,0,0,0,0,0,0,0,3,0,9,0,11,0,1,0
"269",2020-09-28,194,127,38,89,1,100,60,40,3,1,2,95,5,15,7,0,6,3,85,0,9,0,0,0,0,0,0,0,0,0,0,0,0,0,5,0,24,0,56,0,15,3
"270",2020-09-29,187,140,49,91,0,96,56,40,5,3,2,87,9,15,10,1,5,4,79,0,7,0,0,0,5,1,0,0,0,0,0,0,0,0,4,0,25,0,52,2,15,3
"271",2020-09-30,197,137,42,95,2,95,49,46,0,0,0,92,3,6,3,0,2,0,88,0,4,0,0,0,1,0,0,0,0,0,0,0,0,0,4,0,27,0,48,0,16,0
"272",2020-10-01,214,153,40,113,3,98,59,39,1,1,0,96,2,4,2,0,2,1,90,0,6,0,0,0,0,0,0,0,0,0,0,0,0,0,7,0,34,0,47,0,10,1
"273",2020-10-02,205,140,33,107,2,96,48,48,0,0,0,93,3,12,3,0,4,0,86,0,4,0,0,0,2,0,0,0,0,0,0,0,0,0,8,0,27,0,49,0,12,0
"274",2020-10-03,75,54,17,37,2,36,18,18,2,2,0,34,2,5,2,0,2,2,29,0,5,0,0,0,0,0,0,0,0,0,0,0,0,0,2,0,5,0,22,0,7,2
"275",2020-10-04,83,64,14,50,1,32,15,17,0,0,0,31,1,3,1,0,1,0,26,0,5,0,0,0,0,0,0,0,0,0,0,0,0,0,1,0,11,0,16,0,4,0
"276",2020-10-05,229,163,55,108,0,118,66,52,1,1,0,111,7,10,8,0,6,0,97,0,12,1,0,0,3,0,0,0,0,0,0,0,0,0,4,0,20,0,73,0,21,1
"277",2020-10-06,227,180,46,134,3,89,50,39,3,1,2,83,6,13,6,0,7,3,75,0,6,0,0,0,1,0,0,0,0,0,0,0,0,0,4,0,21,0,49,0,15,3
"278",2020-10-07,144,114,47,67,2,74,40,34,4,2,2,67,7,13,9,1,7,3,53,0,12,0,0,0,2,0,0,0,0,0,0,0,0,0,2,0,18,0,44,0,10,4
"279",2020-10-08,134,114,38,76,0,55,26,29,1,0,1,53,2,4,2,0,7,0,43,0,5,0,0,0,0,0,0,0,0,0,0,0,0,0,1,0,12,0,35,1,7,0
"280",2020-10-09,132,118,33,85,0,47,27,20,0,0,0,44,3,5,4,0,3,0,35,0,8,0,0,0,1,0,0,0,0,0,0,0,0,0,0,0,14,0,31,0,2,0
"281",2020-10-10,91,64,24,40,3,48,31,17,2,1,1,40,8,14,9,0,4,2,38,0,5,0,0,0,1,0,0,0,0,0,0,0,0,0,2,0,10,0,27,1,9,1
"282",2020-10-11,65,60,28,32,1,32,18,14,5,2,3,26,6,9,6,2,4,4,25,0,1,0,0,0,1,1,1,0,0,0,0,0,0,0,0,0,8,0,17,3,7,2
"283",2020-10-12,126,99,39,60,9,57,35,22,3,0,3,52,5,8,6,1,10,2,41,0,4,0,0,0,2,1,0,0,0,0,0,0,0,0,2,0,11,0,33,0,11,3
"284",2020-10-13,158,132,46,86,4,68,38,30,3,1,2,63,5,10,6,0,9,2,53,0,5,0,0,0,1,0,0,0,0,0,0,0,0,0,2,0,13,0,44,1,9,2
"285",2020-10-14,151,119,45,74,3,74,35,39,2,0,2,70,4,10,5,0,7,2,60,0,6,0,0,0,1,0,0,0,0,0,0,0,0,0,0,0,24,0,39,1,11,1
"286",2020-10-15,152,113,51,62,2,86,51,35,2,1,1,80,6,10,8,1,4,0,69,0,11,0,0,0,2,1,0,0,0,0,0,0,0,0,1,0,26,0,48,0,11,2
"287",2020-10-16,166,122,44,78,8,80,42,38,1,1,0,76,4,11,4,0,8,1,60,0,12,0,0,0,0,0,0,0,0,0,0,0,0,0,2,0,12,0,57,1,9,0
"288",2020-10-17,82,50,19,31,0,51,31,20,1,0,1,47,4,5,4,0,4,1,44,0,3,0,0,0,0,0,0,0,0,0,0,0,0,0,0,0,13,0,30,1,8,0
"289",2020-10-18,105,86,38,48,0,57,34,23,4,2,2,50,7,11,8,0,4,2,50,0,3,1,0,0,0,0,0,0,0,0,0,0,0,0,1,0,15,0,32,1,9,3
"290",2020-10-19,221,140,58,82,4,130,71,59,1,0,1,125,5,16,8,2,5,0,80,0,41,1,0,0,3,0,0,0,1,0,0,0,0,0,3,0,36,0,76,1,15,0
"291",2020-10-20,133,131,48,83,1,49,26,23,2,1,1,42,7,15,9,1,6,0,36,0,6,0,0,0,1,0,0,0,0,0,0,0,0,0,3,0,13,0,26,0,7,2
"292",2020-10-21,212,184,64,120,8,83,37,46,2,0,2,78,5,10,5,0,3,1,67,0,11,1,0,0,2,0,0,0,0,0,0,0,0,0,0,0,21,0,47,0,15,2
"293",2020-10-22,159,144,80,64,3,92,56,36,3,3,0,88,4,9,5,0,9,3,76,0,6,0,0,0,1,0,0,0,0,0,0,0,0,0,2,0,19,0,57,0,14,3
"294",2020-10-23,226,187,72,115,10,99,54,45,4,2,2,90,9,12,9,0,7,4,86,0,3,0,0,0,3,0,0,0,0,0,0,0,0,0,2,0,31,0,55,1,11,3
"295",2020-10-24,66,46,23,23,11,32,21,11,3,2,1,25,7,13,8,0,4,2,23,0,3,0,0,0,1,1,0,0,1,0,0,0,0,0,1,0,6,0,20,1,5,2
"296",2020-10-25,81,64,22,42,2,37,21,16,3,1,2,30,7,9,7,0,7,3,28,0,2,0,0,0,0,0,0,0,0,0,0,0,0,0,3,0,6,0,17,0,11,3
"297",2020-10-26,244,233,114,119,6,118,70,48,3,3,0,104,14,21,16,1,10,2,86,0,13,0,0,0,9,0,0,0,0,0,0,0,0,0,4,0,31,0,66,1,17,2
"298",2020-10-27,125,121,51,70,3,52,31,21,6,2,4,43,9,14,10,1,9,2,28,0,11,2,0,0,4,1,0,0,0,0,0,0,0,0,1,0,11,1,29,1,11,4
"299",2020-10-28,151,148,57,91,3,57,34,23,1,1,0,53,4,13,5,0,6,1,44,0,6,0,0,0,1,0,0,0,0,0,0,0,0,0,2,0,9,0,37,0,9,1
"300",2020-10-29,133,132,41,91,1,41,27,14,0,0,0,34,7,10,7,0,6,0,28,0,5,0,0,0,2,0,0,0,0,0,0,0,0,0,1,0,4,0,27,0,9,0
"301",2020-10-30,156,120,44,76,11,66,43,23,3,2,1,62,4,9,5,1,3,2,57,0,5,1,0,0,0,0,0,0,1,0,0,0,0,0,2,0,15,0,41,1,8,2
"302",2020-10-31,46,38,15,23,4,18,7,11,0,0,0,15,3,10,4,0,2,0,15,0,1,0,0,0,0,0,0,0,0,0,0,0,0,0,1,0,5,0,7,0,5,0
"303",2020-11-01,41,40,20,20,1,20,12,8,0,0,0,15,5,8,5,0,4,0,13,0,2,0,0,0,1,0,0,0,0,0,0,0,0,0,0,0,5,0,12,0,3,0
"304",2020-11-02,148,123,54,69,24,54,19,35,2,2,0,48,6,13,7,0,6,0,38,0,7,2,0,0,3,0,0,0,0,0,0,0,0,0,0,0,10,0,39,2,5,0
"305",2020-11-03,223,214,95,119,4,96,62,34,3,2,1,90,6,10,6,1,3,1,73,0,17,0,0,0,3,1,0,0,0,0,0,0,0,0,2,0,30,0,54,2,10,1
"306",2020-11-04,227,176,63,113,46,63,30,33,5,2,3,54,9,15,9,0,5,3,45,0,12,1,0,0,1,1,0,0,0,0,0,0,0,0,2,0,14,0,41,2,6,3
"307",2020-11-05,302,255,108,147,46,108,48,60,1,0,1,106,2,6,2,0,5,0,91,0,12,1,0,0,0,0,0,0,0,0,0,0,0,0,2,0,22,0,72,0,12,1
"308",2020-11-06,170,107,47,60,60,47,25,22,2,0,2,42,5,9,5,0,6,2,26,0,12,0,0,0,3,0,0,0,0,0,0,0,0,0,1,0,8,0,31,0,7,2
"309",2020-11-07,75,75,38,37,0,38,20,18,1,1,0,34,4,7,4,0,3,1,31,0,4,0,0,0,0,0,0,0,0,0,0,0,0,0,0,0,5,0,25,0,8,1
"310",2020-11-08,92,89,60,29,2,61,27,34,5,3,2,54,7,18,9,0,5,3,50,0,6,2,0,0,0,0,0,0,0,0,0,0,0,0,0,0,15,0,34,0,12,5
"311",2020-11-09,203,157,76,81,45,76,49,27,3,1,2,69,7,14,8,0,12,2,47,0,12,1,0,0,5,0,0,0,0,0,0,0,0,0,0,0,13,0,52,1,11,2
"312",2020-11-10,173,134,76,58,38,76,41,35,5,4,1,66,10,16,10,0,10,2,46,0,14,0,0,0,6,3,0,0,0,0,0,0,0,0,0,0,14,0,46,1,16,4
"313",2020-11-11,151,141,75,66,7,77,38,39,3,1,2,71,6,19,6,0,6,2,61,0,8,0,0,0,2,0,0,0,0,0,0,0,0,0,0,0,22,0,44,1,11,2
"314",2020-11-12,168,163,95,68,2,97,52,45,7,1,6,82,15,24,15,0,13,6,70,0,10,0,0,0,4,0,0,0,0,0,0,0,0,0,3,0,20,0,53,2,21,5
"315",2020-11-13,190,184,83,101,2,85,48,37,11,6,5,71,14,27,18,1,16,8,53,0,14,1,0,0,2,1,0,0,0,0,0,0,0,0,3,0,18,0,44,3,20,8
"316",2020-11-14,81,76,42,34,2,44,21,23,5,1,4,33,11,18,12,1,7,2,29,0,6,0,0,0,2,1,0,0,0,0,0,0,0,0,0,0,8,0,30,4,6,1
"317",2020-11-15,43,42,26,16,0,27,15,12,3,1,2,21,6,11,7,0,1,1,19,0,6,1,0,0,1,0,0,0,0,0,0,0,0,0,0,0,2,0,16,0,9,3
"318",2020-11-16,80,75,44,31,3,45,22,23,3,1,2,38,7,12,8,0,8,3,30,0,7,0,0,0,0,0,0,0,0,0,0,0,0,0,0,0,9,1,31,1,5,1
"319",2020-11-17,229,222,117,105,4,118,74,44,1,0,1,110,8,12,8,0,14,0,79,0,23,0,0,0,2,0,0,0,0,0,0,0,0,0,1,0,34,0,70,1,13,0
"320",2020-11-18,235,227,117,110,1,118,62,56,6,1,5,106,12,24,12,0,18,3,77,0,14,0,0,0,9,2,0,0,0,0,0,0,0,0,0,0,28,0,77,2,13,4
"321",2020-11-19,257,251,147,104,3,148,86,62,5,3,2,138,10,19,11,0,9,3,115,0,20,2,0,0,4,0,0,0,0,0,0,0,0,0,4,0,40,0,88,2,16,3
"322",2020-11-20,282,274,153,121,4,155,87,68,4,2,2,143,12,26,14,1,8,2,124,0,20,0,0,0,3,0,0,0,0,0,0,0,0,0,1,0,35,0,95,0,24,4
"323",2020-11-21,102,99,54,45,1,55,34,21,3,1,2,49,6,18,7,1,6,2,38,0,11,0,0,0,0,0,0,0,0,0,0,0,0,0,0,0,18,0,29,0,8,3
"324",2020-11-22,71,67,42,25,1,45,21,24,6,2,4,34,11,20,12,1,9,5,30,0,6,0,0,0,0,0,0,0,0,0,0,0,0,0,0,0,5,0,27,2,13,4
"325",2020-11-23,306,292,157,135,2,160,83,77,4,2,2,148,12,20,13,0,17,3,103,0,35,1,0,0,5,0,0,0,0,0,0,0,0,0,2,0,37,0,100,0,21,4
"326",2020-11-24,333,323,167,156,5,169,94,75,7,1,6,155,14,29,15,0,13,5,122,0,29,1,0,0,5,0,0,0,0,0,0,0,0,0,1,0,42,0,99,3,27,4
"327",2020-11-25,343,336,169,167,3,170,93,77,5,2,3,160,10,24,11,1,14,1,133,0,22,2,0,0,1,0,0,0,0,0,0,0,0,0,2,0,50,0,98,3,20,2
"328",2020-11-26,288,282,161,121,1,162,84,78,7,5,2,149,13,22,14,0,9,3,120,0,26,2,0,0,7,2,0,0,0,0,0,0,0,0,2,0,34,0,99,2,27,5
"329",2020-11-27,235,232,137,95,1,138,77,61,7,0,7,118,20,31,24,0,13,1,81,0,37,3,0,0,7,0,0,0,0,0,0,0,0,0,0,0,32,0,87,4,19,3
"330",2020-11-28,128,125,75,50,1,75,44,31,6,3,3,60,15,31,19,2,12,2,51,0,12,2,0,0,0,0,0,0,0,0,0,0,0,0,1,0,14,0,39,2,21,4
"331",2020-11-29,75,75,55,20,0,55,29,26,3,2,1,45,10,18,10,0,12,3,33,0,10,0,0,0,0,0,0,0,0,0,0,0,0,0,2,0,11,0,34,1,8,2
"332",2020-11-30,288,271,163,108,6,166,83,83,10,3,7,142,24,45,26,2,24,6,97,0,36,1,0,0,9,0,0,0,0,0,0,0,0,0,1,0,39,0,100,2,26,8
"333",2020-12-01,330,253,153,100,8,220,121,99,6,3,3,204,16,28,17,1,16,3,166,0,29,2,0,0,9,0,0,0,0,0,0,0,0,0,3,0,46,0,140,1,31,5
"334",2020-12-02,359,289,152,137,4,218,109,109,11,3,8,197,21,41,25,2,17,5,148,0,46,1,0,0,7,1,0,0,0,0,0,0,0,0,0,0,55,1,133,3,30,7
"335",2020-12-03,302,241,134,107,0,190,106,84,2,0,2,178,12,25,12,0,16,2,149,0,21,0,0,0,4,0,0,0,0,0,0,0,0,0,1,0,55,0,113,2,21,0
"336",2020-12-04,302,236,134,102,9,188,104,84,4,2,2,173,15,33,15,0,16,2,129,0,40,1,0,0,2,0,0,0,1,0,0,0,0,0,2,0,40,0,126,2,20,2
"337",2020-12-05,185,123,77,46,2,135,86,49,16,5,11,113,22,43,25,2,16,9,98,0,21,3,0,0,0,0,0,0,0,0,0,0,0,0,5,0,21,0,91,6,18,10
"338",2020-12-06,194,148,85,63,4,127,65,62,10,3,7,111,16,31,17,0,11,6,105,0,11,2,0,0,0,0,0,0,0,0,0,0,0,0,5,0,37,0,62,3,23,7
"339",2020-12-07,397,311,182,129,7,254,130,124,8,3,5,238,16,36,18,0,12,3,210,0,27,2,0,0,5,0,0,0,0,0,0,0,0,0,3,0,62,0,154,1,35,7
"340",2020-12-08,368,327,191,136,10,214,121,93,13,3,10,189,25,51,27,0,19,6,164,0,27,2,0,0,4,1,0,0,0,0,0,0,0,0,0,0,43,0,136,3,35,10
"341",2020-12-09,420,328,188,140,5,269,154,115,10,6,4,254,15,28,17,1,14,3,208,0,40,3,0,0,7,2,0,0,0,0,0,0,0,0,1,0,70,0,159,3,39,7
"342",2020-12-10,358,317,164,153,1,198,119,79,10,5,5,175,23,41,25,0,11,6,159,0,25,2,0,0,3,0,0,0,0,0,0,0,0,0,1,0,55,1,120,4,22,5
"343",2020-12-11,379,330,172,158,6,208,121,87,14,4,10,189,19,40,21,1,14,7,156,0,31,1,0,0,6,1,1,0,0,0,0,0,0,0,2,0,58,0,116,7,32,7
"344",2020-12-12,232,191,110,81,3,148,91,57,10,5,5,126,22,44,23,0,17,7,111,0,19,2,0,0,1,1,0,0,0,0,0,0,0,0,4,0,30,0,82,1,32,9
"345",2020-12-13,128,107,80,27,2,98,51,47,16,7,9,75,23,46,29,3,13,7,67,0,16,4,0,0,2,2,0,0,0,0,0,0,0,0,1,0,15,0,62,3,20,13
"346",2020-12-14,413,355,225,130,8,271,140,131,10,5,5,250,21,43,21,0,22,6,202,0,45,2,0,0,2,0,0,0,0,0,0,0,0,0,2,0,61,0,172,3,36,7
"347",2020-12-15,393,367,223,144,6,239,136,103,15,7,8,211,28,56,32,1,21,9,166,0,45,2,0,0,7,2,0,0,0,0,0,0,0,0,3,0,51,0,148,7,37,8
"348",2020-12-16,323,285,180,105,2,213,105,108,13,6,7,187,26,40,26,0,15,6,167,0,25,2,0,0,6,0,0,0,0,0,0,0,0,0,2,0,47,0,132,2,32,11
"349",2020-12-17,341,297,174,123,2,214,112,102,12,5,7,182,32,60,36,1,21,8,177,0,10,0,0,0,6,1,0,0,0,0,0,0,0,0,6,0,50,0,123,4,35,8
"350",2020-12-18,390,348,167,181,11,197,109,88,8,4,4,175,22,41,25,0,14,5,151,0,24,1,0,0,8,1,0,0,0,0,0,0,0,0,4,0,37,0,124,4,32,4
"351",2020-12-19,304,260,132,128,2,173,97,76,23,10,13,140,33,56,36,2,20,14,110,0,40,3,0,0,3,2,0,0,0,0,0,0,0,0,2,0,22,1,113,8,36,14
"352",2020-12-20,184,146,81,65,6,111,56,55,21,9,12,83,28,53,33,0,20,12,74,0,15,4,0,0,2,0,0,0,0,0,0,0,0,0,0,0,22,1,54,3,35,17
"353",2020-12-21,451,348,183,165,7,277,148,129,21,11,10,242,35,67,41,1,24,10,223,0,26,5,0,0,4,1,0,0,0,0,0,0,0,0,4,0,69,0,157,7,47,14
"354",2020-12-22,392,291,148,143,13,230,115,115,12,7,5,203,27,44,28,0,16,8,189,0,18,2,0,0,7,1,0,0,0,0,0,0,0,0,3,0,53,0,137,3,37,9
"355",2020-12-23,437,368,156,212,6,214,119,95,14,5,9,183,31,49,32,1,24,9,167,0,15,2,0,0,8,1,0,0,0,0,0,0,0,0,2,0,55,0,122,4,35,10
"356",2020-12-24,218,175,88,87,5,124,68,56,8,4,4,103,21,40,24,0,12,5,91,0,15,2,0,0,6,0,0,0,0,0,0,0,0,0,2,0,25,0,77,3,20,5
"357",2020-12-25,107,78,54,24,5,77,35,42,14,3,11,56,21,35,25,1,15,10,57,0,5,1,0,0,0,0,0,0,0,0,0,0,0,0,2,0,17,0,38,3,20,11
"358",2020-12-26,258,182,127,55,11,190,89,101,21,8,13,159,31,60,36,0,16,9,155,0,19,5,0,0,0,0,0,0,0,0,0,0,0,0,2,0,42,1,100,2,46,18
"359",2020-12-27,203,163,123,40,5,155,95,60,18,10,8,127,28,56,33,1,16,9,131,0,8,3,0,0,0,0,0,0,0,0,0,0,0,0,2,0,32,1,87,3,34,14
"360",2020-12-28,448,315,189,126,5,315,167,148,19,8,11,285,30,63,35,1,25,12,236,0,42,2,0,0,12,3,0,0,0,0,0,0,0,0,5,0,71,0,183,2,56,17
"361",2020-12-29,399,289,156,133,3,261,140,121,10,5,5,230,31,49,33,1,24,5,204,0,24,3,0,0,9,0,0,0,0,0,0,0,0,0,4,0,71,0,147,1,39,9
"362",2020-12-30,391,295,183,112,2,273,146,127,12,8,4,245,28,40,32,1,17,7,203,0,41,2,0,0,12,2,0,0,0,0,0,0,0,0,4,0,71,0,163,4,35,8
"363",2020-12-31,304,208,123,85,5,210,123,87,15,6,9,176,34,62,34,0,25,12,148,0,27,0,0,0,10,1,0,0,0,0,0,0,0,0,6,0,44,0,132,6,28,9
"364",2021-01-01,148,114,72,42,3,102,48,54,18,6,12,76,26,51,31,0,16,14,79,0,5,1,0,0,2,1,0,0,0,0,0,0,0,0,2,0,18,0,58,8,24,10
"365",2021-01-02,286,228,117,111,2,173,94,79,10,2,8,157,16,34,21,0,8,5,145,0,20,3,0,0,0,0,0,0,0,0,0,0,0,0,3,0,39,0,101,3,30,7
"366",2021-01-03,214,167,93,74,6,134,62,72,12,5,7,112,22,46,26,1,13,9,106,0,11,1,0,0,3,1,0,0,1,0,0,0,0,0,3,0,33,0,64,4,34,8
"367",2021-01-04,389,357,241,116,8,263,135,128,23,12,11,222,41,88,44,0,35,16,174,0,46,2,0,0,8,1,0,0,0,0,0,0,0,0,3,0,56,0,155,8,49,15
"368",2021-01-05,398,360,225,135,4,257,143,114,14,5,9,231,26,60,31,0,26,10,159,0,65,4,0,0,7,0,0,0,0,0,0,0,0,0,2,0,51,0,150,3,54,11
"369",2021-01-06,366,338,152,186,3,176,91,85,12,5,7,160,16,36,18,0,25,11,82,0,63,1,0,0,6,0,0,0,0,0,0,0,0,0,2,0,36,0,108,2,30,10
"370",2021-01-07,336,300,151,149,3,183,87,96,19,4,15,151,32,64,32,0,23,11,104,0,50,2,0,0,6,5,0,0,0,0,0,0,0,0,0,0,24,0,113,4,46,15
"371",2021-01-08,290,268,139,129,8,153,80,73,14,3,11,132,21,47,23,1,19,13,100,0,31,1,0,0,3,0,0,0,0,0,0,0,0,0,4,1,36,1,88,3,25,9
"372",2021-01-09,204,167,81,86,4,114,49,65,13,5,8,89,25,50,29,3,22,10,84,0,5,2,0,0,3,1,0,0,0,0,0,0,0,0,1,0,15,0,74,4,24,9
"373",2021-01-10,217,196,101,95,5,117,61,56,15,8,7,96,21,41,25,1,22,11,86,0,6,1,0,0,3,1,0,0,0,0,0,0,0,0,1,0,23,0,69,5,24,10
"374",2021-01-11,371,317,194,123,17,230,128,102,11,5,6,209,21,41,26,0,18,7,139,0,63,1,0,0,10,1,0,0,0,0,0,0,0,0,1,0,47,0,144,1,38,10
"375",2021-01-12,236,176,95,81,12,143,78,65,13,7,6,122,21,49,24,1,24,11,61,0,45,0,0,0,12,1,1,0,0,0,0,0,0,0,1,0,22,1,89,3,31,9
"376",2021-01-13,266,237,88,149,2,115,63,52,10,7,3,99,16,39,18,1,16,5,63,0,32,1,0,0,4,2,0,0,0,0,0,0,0,0,2,0,27,0,64,1,22,9
"377",2021-01-14,296,279,115,164,1,128,66,62,12,3,9,107,21,41,23,0,21,11,80,0,26,1,0,0,1,0,0,0,0,0,0,0,0,0,1,0,17,0,81,1,29,11
"378",2021-01-15,241,216,105,111,2,128,70,58,18,8,10,97,31,63,32,0,20,10,71,0,31,4,0,0,6,0,0,0,0,0,0,0,0,0,0,0,25,0,70,2,33,16
"379",2021-01-16,164,149,86,63,3,98,53,45,8,3,5,81,17,34,19,0,9,5,85,0,4,1,0,0,0,0,0,0,0,0,0,0,0,0,1,0,15,0,55,2,27,6
"380",2021-01-17,105,78,64,14,0,91,44,47,10,6,4,76,15,27,16,1,7,5,71,0,12,2,0,0,1,1,0,0,0,0,0,0,0,0,0,0,11,0,60,3,20,7
"381",2021-01-18,453,417,156,261,2,188,108,80,14,7,7,159,29,63,33,2,24,10,107,0,54,1,0,0,2,0,1,0,0,0,0,0,0,0,2,0,38,0,104,1,44,13
"382",2021-01-19,213,182,88,94,6,113,61,52,13,6,7,85,28,58,28,0,22,9,54,0,30,2,0,0,7,0,0,0,0,0,0,0,0,0,2,0,31,0,62,9,18,4
"383",2021-01-20,187,164,67,97,2,88,50,38,10,1,9,70,18,31,20,0,25,9,46,0,14,0,0,0,3,0,0,0,0,0,0,0,0,0,0,0,14,0,58,3,16,7
"384",2021-01-21,255,244,118,126,3,126,62,64,7,4,3,109,17,39,17,0,26,5,86,0,12,1,0,0,2,0,0,0,0,0,0,0,0,0,0,0,30,0,66,1,30,6
"385",2021-01-22,228,204,88,116,4,106,47,59,11,4,7,94,12,27,16,1,19,7,73,0,12,0,0,0,2,1,0,0,0,0,0,0,0,0,2,0,26,0,63,5,15,6
"386",2021-01-23,166,138,63,75,2,89,51,38,7,6,1,71,18,30,20,0,11,4,62,0,16,2,0,0,0,0,0,0,0,0,0,0,0,0,0,0,22,0,43,0,24,7
"387",2021-01-24,121,105,32,73,3,45,23,22,1,0,1,40,5,10,6,0,4,1,38,0,3,0,0,0,0,0,0,0,0,0,0,0,0,0,0,0,4,0,32,1,9,0
"388",2021-01-25,278,253,111,142,7,129,68,61,9,3,6,113,16,37,17,0,16,6,77,0,29,0,0,0,7,3,0,0,0,0,0,0,0,0,2,0,18,0,83,3,26,6
"389",2021-01-26,124,109,51,58,3,63,31,32,7,4,3,51,12,26,13,0,12,3,32,0,14,2,0,0,5,1,0,0,0,0,0,0,0,0,1,0,10,0,38,3,14,4
"390",2021-01-27,117,110,56,54,1,62,38,24,11,8,3,42,20,37,23,0,18,8,29,0,13,2,0,0,2,0,0,0,0,0,0,0,0,0,2,0,8,0,32,3,20,8
"391",2021-01-28,212,196,77,119,1,92,50,42,5,3,2,78,14,33,16,2,12,2,58,0,19,1,0,0,3,1,0,0,0,0,0,0,0,0,3,0,16,0,55,0,18,5
"392",2021-01-29,204,181,72,109,10,85,46,39,7,4,3,73,12,28,13,0,33,6,30,0,21,0,0,0,1,0,0,0,0,0,0,0,0,0,0,0,16,0,55,2,14,5
"393",2021-01-30,99,79,36,43,0,56,25,31,2,2,0,52,4,11,4,0,8,1,39,0,9,1,0,0,0,0,0,0,0,0,0,0,0,0,1,0,12,0,33,0,10,2
"394",2021-01-31,135,122,43,79,1,55,32,23,4,2,2,48,7,18,7,0,6,4,47,0,2,0,0,0,0,0,0,0,0,0,0,0,0,0,0,0,17,0,28,0,10,4
"395",2021-02-01,75,56,31,25,1,49,26,23,7,4,3,38,11,25,14,1,9,4,30,0,10,2,0,0,0,0,0,0,0,0,0,0,0,0,1,0,8,0,30,3,10,4
"396",2021-02-02,204,181,78,103,3,98,57,41,11,6,5,84,14,39,17,1,23,6,46,0,26,0,0,0,3,2,0,0,0,0,0,0,0,0,0,0,15,1,64,2,19,8
"397",2021-02-03,172,158,53,105,2,65,34,31,3,1,2,55,10,26,10,0,26,2,28,0,8,1,0,0,3,0,0,0,0,0,0,0,0,0,1,0,14,0,35,0,15,3
"398",2021-02-04,261,254,65,189,1,71,41,30,7,4,3,58,13,30,14,1,15,4,40,0,14,1,0,0,2,0,0,0,0,0,0,0,0,0,2,0,11,0,44,3,14,4
"399",2021-02-05,233,229,77,152,0,81,49,32,2,0,2,75,6,18,6,0,12,0,60,0,7,0,0,0,2,1,0,0,0,0,0,0,0,0,1,0,14,0,55,2,11,0
"400",2021-02-06,113,94,27,67,0,46,29,17,3,2,1,39,7,16,9,1,6,2,37,0,3,1,0,0,0,0,0,0,0,0,0,0,0,0,1,0,8,0,28,0,9,3
"401",2021-02-07,98,85,22,63,4,31,19,12,5,2,3,24,7,13,9,1,5,3,23,0,3,1,0,0,0,0,0,0,0,0,0,0,0,0,0,0,2,0,18,0,11,5
"402",2021-02-08,163,156,46,110,4,49,26,23,3,2,1,43,6,15,8,0,28,3,15,0,6,0,0,0,0,0,0,0,0,0,0,0,0,0,0,0,13,0,27,0,9,3
"403",2021-02-09,223,214,51,163,1,58,35,23,5,3,2,50,8,21,10,1,21,1,19,0,16,3,0,0,2,0,0,0,0,0,0,0,0,0,0,0,17,0,31,1,10,4
"404",2021-02-10,225,210,69,141,1,83,48,35,3,2,1,76,7,15,7,0,23,3,38,0,14,0,0,0,8,0,0,0,0,0,0,0,0,0,3,0,19,0,48,0,13,3
"405",2021-02-11,134,129,52,77,3,54,24,30,2,1,1,52,2,8,2,0,9,1,42,0,2,0,0,0,1,1,0,0,0,0,0,0,0,0,1,0,12,0,31,1,10,1
"406",2021-02-12,156,151,34,117,2,36,14,22,3,0,3,30,6,16,7,0,15,2,16,0,4,1,0,0,1,0,0,0,0,0,0,0,0,0,2,0,12,0,16,0,6,3
"407",2021-02-13,55,39,23,16,2,37,22,15,1,0,1,33,4,9,5,0,4,1,26,0,7,0,0,0,0,0,0,0,0,0,0,0,0,0,2,0,7,0,23,0,5,1
"408",2021-02-14,93,84,14,70,2,21,13,8,2,0,2,17,4,8,4,0,4,2,15,0,2,0,0,0,0,0,0,0,0,0,0,0,0,0,2,0,3,0,13,0,3,2
"409",2021-02-15,126,123,33,90,0,36,20,16,6,2,4,27,9,19,9,0,14,5,17,0,3,0,0,0,2,1,0,0,0,0,0,0,0,0,0,0,4,0,23,1,9,5
"410",2021-02-16,140,135,39,96,1,43,19,24,0,0,0,41,2,7,2,0,9,0,25,0,7,0,0,0,2,0,0,0,0,0,0,0,0,0,1,0,14,0,22,0,6,0
"411",2021-02-17,105,103,19,84,0,21,14,7,0,0,0,21,0,1,0,0,5,0,12,0,3,0,0,0,1,0,0,0,0,0,0,0,0,0,0,0,7,0,13,0,1,0
"412",2021-02-18,154,142,28,114,1,39,22,17,3,3,0,35,4,8,5,0,10,2,17,0,12,1,0,0,0,0,0,0,0,0,0,0,0,0,1,0,6,0,25,1,7,2
"413",2021-02-19,141,130,17,113,1,27,13,14,2,0,2,25,2,2,2,0,12,2,6,0,8,0,0,0,1,0,0,0,0,0,0,0,0,0,0,0,5,0,17,0,5,2
"414",2021-02-20,37,30,10,20,0,17,10,7,1,1,0,16,1,4,2,0,4,0,5,0,8,1,0,0,0,0,0,0,0,0,0,0,0,0,0,0,3,0,12,0,2,1
"415",2021-02-21,67,56,12,44,0,23,12,11,1,0,1,20,3,5,3,0,4,1,17,0,2,0,0,0,0,0,0,0,0,0,0,0,0,0,0,0,4,0,14,1,5,0
"416",2021-02-22,172,164,30,134,1,37,24,13,3,2,1,33,4,9,5,0,10,3,16,0,11,0,0,0,0,0,0,0,0,0,0,0,0,0,1,0,5,0,25,1,6,2
"417",2021-02-23,156,147,25,122,1,32,11,21,0,0,0,31,1,2,1,0,9,0,13,0,9,0,0,0,1,0,0,0,0,0,0,0,0,0,2,0,7,0,19,0,4,0
"418",2021-02-24,154,150,20,130,1,21,8,13,2,0,2,17,4,13,6,1,9,1,10,0,1,0,0,0,1,0,0,0,0,0,0,0,0,0,0,0,2,0,15,2,4,0
"419",2021-02-25,158,151,20,131,1,25,20,5,0,0,0,25,0,2,0,0,6,0,9,0,8,0,0,0,2,0,0,0,0,0,0,0,0,0,1,0,5,0,16,0,3,0
"420",2021-02-26,120,112,13,99,0,21,9,12,0,0,0,20,1,3,1,0,2,0,10,0,9,0,0,0,0,0,0,0,0,0,0,0,0,0,1,0,7,0,7,0,6,0
"421",2021-02-27,57,44,6,38,0,19,9,10,1,1,0,18,1,4,1,0,4,1,10,0,5,0,0,0,0,0,0,0,0,0,0,0,0,0,2,0,5,0,6,0,6,1
"422",2021-02-28,43,39,5,34,1,8,4,4,0,0,0,7,1,4,1,0,4,0,2,0,2,0,0,0,0,0,0,0,0,0,0,0,0,0,1,0,3,0,3,0,1,0
"423",2021-03-01,160,148,29,119,3,38,22,16,1,0,1,35,3,10,4,0,9,0,16,0,13,1,0,0,0,0,0,0,0,0,0,0,0,0,0,0,10,0,22,0,6,1
"424",2021-03-02,183,169,14,155,1,27,19,8,1,0,1,25,2,8,3,0,5,1,6,0,15,0,0,0,1,0,0,0,0,0,0,0,0,0,1,0,7,0,17,1,2,0
"425",2021-03-03,174,165,27,138,2,34,21,13,0,0,0,34,0,1,0,0,13,0,12,0,8,0,0,0,1,0,0,0,0,0,0,0,0,0,0,0,12,0,18,0,4,0
"426",2021-03-04,131,125,24,101,0,30,17,13,1,0,1,29,1,5,2,0,12,1,9,0,9,0,0,0,0,0,0,0,0,0,0,0,0,0,0,0,8,0,19,0,3,1
"427",2021-03-05,115,115,24,91,0,24,14,10,0,0,0,24,0,0,0,0,10,0,10,0,1,0,0,0,2,0,0,0,0,0,1,0,0,0,0,0,11,0,12,0,1,0
"428",2021-03-06,56,45,8,37,0,19,9,10,0,0,0,18,1,3,1,0,6,0,11,0,2,0,0,0,0,0,0,0,0,0,0,0,0,0,0,0,8,0,6,0,5,0
"429",2021-03-07,37,33,13,20,1,16,9,7,3,1,2,12,4,11,5,1,5,2,9,0,2,0,0,0,0,0,0,0,0,0,0,0,0,0,0,0,3,0,8,1,5,2
"430",2021-03-08,133,123,26,97,4,32,21,11,0,0,0,30,2,10,4,0,17,0,6,0,9,0,0,0,0,0,0,0,0,0,0,0,0,0,0,0,14,0,17,0,1,0
"431",2021-03-09,201,180,44,136,2,61,27,34,1,0,1,57,4,11,4,0,17,1,24,0,18,0,0,0,2,0,0,0,0,0,0,0,0,0,1,0,13,0,39,1,8,0
"432",2021-03-10,129,111,21,90,1,37,20,17,0,0,0,36,1,2,1,0,12,0,9,0,16,0,0,0,0,0,0,0,0,0,0,0,0,0,1,0,9,0,21,0,6,0
"433",2021-03-11,131,119,25,94,0,35,22,13,1,0,1,32,3,8,3,1,4,1,15,0,16,0,0,0,0,0,0,0,0,0,0,0,0,0,0,0,6,0,25,1,4,0
"434",2021-03-12,188,173,44,129,4,55,34,21,1,0,1,54,1,6,3,0,11,0,26,0,16,1,0,0,2,0,0,0,0,0,0,0,0,0,1,0,14,0,33,0,7,1
"435",2021-03-13,75,71,14,57,0,17,9,8,2,1,1,14,3,7,4,1,7,2,6,0,4,0,0,0,0,0,0,0,0,0,0,0,0,0,1,0,7,0,6,0,3,2
"436",2021-03-14,105,105,12,93,0,12,7,5,3,2,1,8,4,9,7,1,1,1,7,0,4,1,0,0,0,0,0,0,0,0,0,0,0,0,1,0,0,0,8,0,3,3
"437",2021-03-15,100,90,16,74,2,24,18,6,2,2,0,21,3,10,3,0,5,1,9,0,10,1,0,0,0,0,0,0,0,0,0,0,0,0,1,0,5,0,12,2,6,0
"438",2021-03-16,172,158,47,111,0,60,33,27,1,1,0,56,4,9,4,0,20,1,22,0,17,0,0,0,1,0,0,0,0,0,0,0,0,0,0,0,18,0,34,0,8,1
"439",2021-03-17,146,139,31,108,0,38,22,16,2,1,1,33,5,11,7,1,14,1,14,0,10,0,0,0,0,0,0,0,0,0,0,0,0,0,1,0,6,0,23,1,8,1
"440",2021-03-18,144,142,32,110,2,32,16,16,1,1,0,31,1,4,2,0,11,1,17,0,3,0,0,0,1,0,0,0,0,0,0,0,0,0,0,0,12,0,14,1,6,0
"441",2021-03-19,171,168,41,127,3,41,22,19,3,1,2,36,5,10,5,0,17,2,17,0,5,0,0,0,2,1,0,0,0,0,0,0,0,0,0,0,9,0,26,1,6,2
"442",2021-03-20,115,113,17,96,0,19,13,6,0,0,0,18,1,5,3,0,4,0,14,0,1,0,0,0,0,0,0,0,0,0,0,0,0,0,0,0,3,0,11,0,5,0
"443",2021-03-21,86,83,17,66,0,19,10,9,0,0,0,18,1,3,1,0,5,0,12,0,2,0,0,0,0,0,0,0,0,0,0,0,0,0,0,0,2,0,11,0,6,0
"444",2021-03-22,222,205,51,154,13,55,26,29,0,0,0,52,3,8,3,0,23,0,24,0,8,0,0,0,0,0,0,0,0,0,0,0,0,0,1,0,10,0,33,0,11,0
"445",2021-03-23,159,150,44,106,2,51,30,21,0,0,0,50,1,3,1,0,15,0,26,0,9,0,0,0,1,0,0,0,0,0,0,0,0,0,0,0,11,0,35,0,5,0
"446",2021-03-24,159,149,36,113,3,43,22,21,1,1,0,39,4,8,5,1,12,0,19,0,11,0,0,0,1,0,0,0,0,0,0,0,0,0,1,0,10,0,26,0,6,1
"447",2021-03-25,131,120,29,91,1,38,21,17,1,0,1,37,1,5,2,1,10,0,14,0,12,0,0,0,2,0,0,0,0,0,0,0,0,0,0,0,8,0,28,1,2,0
"448",2021-03-26,173,151,28,123,1,49,25,24,2,0,2,45,4,12,6,1,7,0,16,0,26,1,0,0,0,0,0,0,0,0,0,0,0,0,2,0,10,0,25,1,12,1
"449",2021-03-27,81,80,22,58,0,23,12,11,1,1,0,21,2,7,2,0,8,1,14,0,1,0,0,0,0,0,0,0,0,0,0,0,0,0,0,0,5,0,16,1,2,0
"450",2021-03-28,54,51,11,40,0,14,9,5,1,1,0,13,1,3,1,0,4,1,6,0,4,0,0,0,0,0,0,0,0,0,0,0,0,0,2,0,5,0,4,0,3,1
"451",2021-03-29,188,159,38,121,3,63,34,29,1,1,0,59,4,13,4,0,20,1,12,0,30,0,0,0,1,0,0,0,0,0,0,0,0,0,2,0,19,0,36,0,6,1
"452",2021-03-30,132,122,25,97,2,33,22,11,0,0,0,31,2,6,2,0,14,0,7,0,11,0,0,0,1,0,0,0,0,0,0,0,0,0,1,0,8,0,18,0,6,0
"453",2021-03-31,198,182,28,154,1,42,22,20,3,3,0,38,4,8,6,2,12,1,15,0,14,0,0,0,1,0,0,0,0,0,0,0,0,0,0,0,10,0,29,2,3,1
"454",2021-04-01,60,58,17,41,2,17,12,5,2,1,1,13,4,11,4,0,4,1,12,0,1,1,0,0,0,0,0,0,0,0,0,0,0,0,0,0,3,0,9,0,5,2
"455",2021-04-02,79,75,25,50,2,27,20,7,0,0,0,26,1,5,2,0,5,0,16,0,6,0,0,0,0,0,0,0,0,0,0,0,0,0,0,0,5,0,16,0,6,0
"456",2021-04-03,50,49,21,28,0,22,11,11,1,1,0,20,2,5,3,0,5,0,15,0,1,0,0,0,1,1,0,0,0,0,0,0,0,0,0,0,8,0,11,0,3,1
"457",2021-04-04,71,63,16,47,3,21,7,14,2,1,1,17,4,12,5,0,6,2,10,0,5,0,0,0,0,0,0,0,0,0,0,0,0,0,1,0,5,0,9,0,6,2
"458",2021-04-05,186,174,44,130,0,56,32,24,4,3,1,48,8,20,11,0,19,2,15,0,18,1,0,0,4,1,0,0,0,0,0,0,0,0,1,0,9,0,30,0,16,4
"459",2021-04-06,127,119,28,91,0,36,23,13,0,0,0,34,2,8,2,0,14,0,11,0,11,0,0,0,0,0,0,0,0,0,0,0,0,0,1,0,13,0,22,0,0,0
"460",2021-04-07,152,132,33,99,0,52,27,25,1,1,0,50,2,5,3,0,15,1,14,0,23,0,0,0,0,0,0,0,0,0,0,0,0,0,1,0,11,0,35,0,5,1
"461",2021-04-08,147,138,33,105,2,40,23,17,2,2,0,37,3,10,4,1,11,0,17,0,12,1,0,0,0,0,0,0,0,0,0,0,0,0,1,0,8,0,21,0,10,2
"462",2021-04-09,127,119,31,88,0,39,17,22,2,0,2,30,9,20,11,2,11,0,17,0,9,0,0,0,2,0,0,0,0,0,0,0,0,0,0,0,12,0,22,2,5,0
"463",2021-04-10,61,56,20,36,1,24,13,11,1,1,0,22,2,5,2,0,13,1,7,0,4,0,0,0,0,0,0,0,0,0,0,0,0,0,0,0,7,0,12,0,5,1
"464",2021-04-11,70,68,11,57,0,13,6,7,1,1,0,11,2,4,2,0,3,0,7,0,2,0,0,0,1,1,0,0,0,0,0,0,0,0,0,0,4,0,7,0,2,1
"465",2021-04-12,190,169,44,125,1,64,36,28,0,0,0,64,0,4,0,0,10,0,29,0,24,0,0,0,1,0,0,0,0,0,0,0,0,0,5,0,15,0,39,0,5,0
"466",2021-04-13,154,142,39,103,2,49,29,20,2,1,1,44,5,14,5,0,15,2,21,0,13,0,0,0,0,0,0,0,0,0,0,0,0,0,2,0,10,0,32,0,5,2
"467",2021-04-14,119,118,20,98,0,21,13,8,1,1,0,19,2,4,3,0,1,1,12,0,7,0,0,0,1,0,0,0,0,0,0,0,0,0,0,0,5,0,16,1,0,0
"468",2021-04-15,117,103,28,75,2,40,20,20,1,1,0,36,4,11,5,0,13,0,8,0,19,1,0,0,0,0,0,0,0,0,0,0,0,0,1,0,10,0,21,0,8,1
"469",2021-04-16,129,120,26,94,0,35,19,16,1,1,0,31,4,10,5,0,5,0,20,0,10,1,0,0,0,0,0,0,0,0,0,0,0,0,0,0,8,0,23,0,4,1
"470",2021-04-17,46,46,12,34,0,12,8,4,3,1,2,8,4,10,6,1,7,2,4,0,1,0,0,0,0,0,0,0,0,0,0,0,0,0,0,0,1,0,8,1,3,2
"471",2021-04-18,42,41,10,31,0,11,8,3,0,0,0,9,2,4,3,0,2,0,7,0,2,0,0,0,0,0,0,0,0,0,0,0,0,0,0,0,2,0,8,0,1,0
"472",2021-04-19,164,142,37,105,2,57,34,23,4,1,3,48,9,19,10,1,16,4,9,0,27,0,0,0,5,0,0,0,0,0,0,0,0,0,1,0,10,0,28,0,18,4
"473",2021-04-20,161,146,30,116,2,43,23,20,2,1,1,39,4,9,4,0,10,2,16,0,17,0,0,0,0,0,0,0,0,0,0,0,0,0,2,0,10,0,25,1,6,1
"474",2021-04-21,150,134,30,104,2,44,19,25,1,0,1,43,1,7,2,0,9,0,20,0,14,1,0,0,0,0,1,0,0,0,0,0,0,0,2,0,8,0,31,0,3,1
"475",2021-04-22,140,128,26,102,1,37,21,16,2,0,2,32,5,13,6,0,10,1,16,0,10,0,0,0,1,1,0,0,0,0,0,0,0,0,3,0,3,0,26,1,5,1
"476",2021-04-23,142,135,31,104,1,36,21,15,2,0,2,33,3,10,4,0,12,2,17,0,6,0,0,0,1,0,0,0,0,0,0,0,0,0,1,0,13,0,18,1,4,1
"477",2021-04-24,72,67,15,52,1,19,12,7,1,0,1,18,1,2,1,0,6,1,6,0,7,0,0,0,0,0,0,0,0,0,0,0,0,0,1,0,1,0,17,1,0,0
"478",2021-04-25,63,60,17,43,0,20,13,7,1,1,0,17,3,8,3,0,4,0,11,0,5,1,0,0,0,0,0,0,0,0,0,0,0,0,0,0,4,0,11,0,5,1
"479",2021-04-26,177,147,40,107,4,66,37,29,1,1,0,63,3,11,4,1,18,0,17,0,31,0,0,0,0,0,0,0,0,0,0,0,0,0,0,0,14,0,49,1,3,0
"480",2021-04-27,150,135,31,104,1,45,20,25,1,0,1,44,1,5,1,0,10,0,19,0,14,0,0,0,2,1,0,0,0,0,0,0,0,0,2,0,12,0,25,1,6,0
"481",2021-04-28,106,93,10,83,0,23,16,7,0,0,0,23,0,3,0,0,5,0,8,0,8,0,0,0,2,0,0,0,0,0,0,0,0,0,0,0,2,0,16,0,5,0
"482",2021-04-29,123,117,16,101,1,21,17,4,0,0,0,20,1,4,1,0,6,0,8,0,7,0,0,0,0,0,0,0,0,0,0,0,0,0,0,0,3,0,14,0,4,0
"483",2021-04-30,90,77,12,65,1,24,16,8,0,0,0,23,1,4,1,0,5,0,9,0,10,0,0,0,0,0,0,0,0,0,0,0,0,0,0,0,7,0,14,0,3,0
"484",2021-05-01,64,60,13,47,2,15,10,5,1,1,0,13,2,8,3,0,1,1,10,0,4,0,0,0,0,0,0,0,0,0,0,0,0,0,0,0,4,0,8,0,3,1
"485",2021-05-02,42,41,16,25,0,17,9,8,1,0,1,14,3,9,3,0,7,1,9,0,1,0,0,0,0,0,0,0,0,0,0,0,0,0,1,0,2,0,11,0,3,1
"486",2021-05-03,113,95,17,78,4,31,18,13,1,0,1,29,2,7,3,1,6,0,10,0,14,0,0,0,1,0,0,0,0,0,0,0,0,0,2,0,10,0,18,1,1,0
"487",2021-05-04,128,111,23,88,3,36,23,13,0,0,0,34,2,8,2,0,12,0,10,0,14,0,0,0,0,0,0,0,0,0,0,0,0,0,1,0,9,0,21,0,5,0
"488",2021-05-05,88,83,15,68,1,19,9,10,0,0,0,19,0,6,0,0,6,0,10,0,3,0,0,0,0,0,0,0,0,0,0,0,0,0,1,0,8,0,10,0,0,0
"489",2021-05-06,126,117,22,95,0,31,19,12,0,0,0,30,1,3,1,0,7,0,15,0,9,0,0,0,0,0,0,0,0,0,0,0,0,0,1,0,6,0,23,0,1,0
"490",2021-05-07,93,81,14,67,0,26,17,9,0,0,0,23,3,7,3,0,11,0,6,0,9,0,0,0,0,0,0,0,0,0,0,0,0,0,2,0,1,0,16,0,7,0
"491",2021-05-08,55,51,24,27,0,28,18,10,0,0,0,26,2,3,2,0,4,0,16,0,7,0,0,0,0,0,1,0,0,0,0,0,0,0,1,0,10,0,16,0,1,0
"492",2021-05-09,54,52,13,39,0,15,5,10,0,0,0,13,2,6,2,0,2,0,8,0,5,0,0,0,0,0,0,0,0,0,0,0,0,0,0,0,0,0,11,0,4,0
"493",2021-05-10,58,50,17,33,3,22,11,11,0,0,0,19,3,11,3,1,2,0,14,0,6,0,0,0,0,0,0,0,0,0,0,0,0,0,1,0,5,0,14,0,2,0
"494",2021-05-11,156,143,28,115,2,38,19,19,1,0,1,36,2,4,2,0,13,1,14,0,10,0,0,0,1,0,0,0,0,0,0,0,0,0,0,0,3,0,34,1,1,0
"495",2021-05-12,115,108,30,78,0,37,22,15,2,1,1,34,3,9,4,0,5,1,24,0,6,0,0,0,2,1,0,0,0,0,0,0,0,0,1,0,13,0,18,1,5,1
"496",2021-05-13,238,229,19,210,2,25,11,14,1,1,0,22,3,8,4,1,7,0,13,0,5,0,0,0,0,0,0,0,0,0,0,0,0,0,2,0,5,0,13,0,5,1
"497",2021-05-14,90,82,20,62,1,27,19,8,0,0,0,27,0,1,1,0,11,0,10,0,6,0,0,0,0,0,0,0,0,0,0,0,0,0,1,0,4,0,19,0,3,0
"498",2021-05-15,52,45,17,28,1,23,9,14,1,0,1,20,3,9,3,0,4,1,15,0,4,0,0,0,0,0,0,0,0,0,0,0,0,0,0,0,3,0,19,0,1,1
"499",2021-05-16,37,33,18,15,1,21,5,16,0,0,0,20,1,3,1,0,2,0,16,0,3,0,0,0,0,0,0,0,0,0,0,0,0,0,0,0,6,0,11,0,4,0
"500",2021-05-17,121,108,25,83,6,32,18,14,3,1,2,28,4,9,4,0,7,3,19,0,6,0,0,0,0,0,0,0,0,0,0,0,0,0,0,0,6,0,20,1,6,2
"501",2021-05-18,123,117,32,85,0,38,17,21,3,2,1,33,5,10,5,0,10,3,19,0,8,0,0,0,1,0,0,0,0,0,0,0,0,0,0,0,8,0,21,0,9,3
"502",2021-05-19,109,103,21,82,0,27,13,14,1,0,1,25,2,7,3,0,6,0,11,0,9,0,0,0,1,1,0,0,0,0,0,0,0,0,0,0,9,0,15,1,3,0
"503",2021-05-20,248,239,20,219,0,27,14,13,0,0,0,26,1,6,2,0,8,0,13,0,6,0,0,0,0,0,0,0,0,0,0,0,0,0,1,0,7,0,13,0,6,0
"504",2021-05-21,95,90,15,75,0,20,9,11,1,0,1,18,2,6,3,0,6,1,11,0,3,0,0,0,0,0,0,0,0,0,0,0,0,0,0,0,4,0,13,1,3,0
"505",2021-05-22,39,39,16,23,0,16,9,7,0,0,0,16,0,2,1,0,1,0,15,0,0,0,0,0,0,0,0,0,0,0,0,0,0,0,0,0,2,0,11,0,3,0
"506",2021-05-23,28,27,10,17,1,10,5,5,2,1,1,7,3,8,4,1,1,1,7,0,2,0,0,0,0,0,0,0,0,0,0,0,0,0,0,0,3,0,5,1,2,1
"507",2021-05-24,93,87,34,53,2,38,15,23,2,0,2,32,6,17,7,0,14,2,15,0,9,0,0,0,0,0,0,0,0,0,0,0,0,0,0,0,7,0,26,0,5,2
"508",2021-05-25,119,110,27,83,1,35,20,15,0,0,0,35,0,4,0,0,10,0,16,0,9,0,0,0,0,0,0,0,0,0,0,0,0,0,2,0,7,0,24,0,2,0
"509",2021-05-26,116,108,34,74,1,41,26,15,3,2,1,36,5,11,7,0,17,2,12,0,10,0,0,0,2,1,0,0,0,0,0,0,0,0,1,0,10,0,26,1,4,2
"510",2021-05-27,129,119,35,84,1,44,27,17,0,0,0,42,2,7,2,0,9,0,18,0,15,0,0,0,2,0,0,0,0,0,0,0,0,0,1,0,14,0,25,0,4,0
"511",2021-05-28,98,95,29,66,1,31,19,12,1,1,0,27,4,7,5,0,14,0,17,0,0,0,0,0,0,0,0,0,0,0,0,0,0,0,0,0,15,0,13,1,3,0
"512",2021-05-29,45,45,11,34,0,11,4,7,1,0,1,10,1,2,1,0,4,1,6,0,1,0,0,0,0,0,0,0,0,0,0,0,0,0,0,0,3,0,5,0,3,1
"513",2021-05-30,32,32,8,24,0,8,5,3,0,0,0,6,2,9,2,0,3,0,4,0,1,0,0,0,0,0,0,0,0,0,0,0,0,0,0,0,1,0,7,0,0,0
"514",2021-05-31,97,93,20,73,0,24,11,13,1,0,1,20,4,9,4,0,10,1,10,0,4,0,0,0,0,0,0,0,0,0,0,0,0,0,0,0,7,0,16,1,1,0
"515",2021-06-01,131,127,28,99,0,32,17,15,0,0,0,29,3,9,3,0,12,0,13,0,5,0,0,0,2,0,0,0,0,0,0,0,0,0,1,0,6,0,25,0,0,0
"516",2021-06-02,87,82,25,57,1,29,16,13,0,0,0,28,1,3,1,0,12,0,11,0,6,0,0,0,0,0,0,0,0,0,0,0,0,0,1,0,8,0,18,0,2,0
"517",2021-06-03,124,121,30,91,0,33,17,16,2,0,2,30,3,8,3,0,20,2,10,0,3,0,0,0,0,0,0,0,0,0,0,0,0,0,0,0,15,0,14,0,4,2
"518",2021-06-04,113,110,33,77,1,35,19,16,3,1,2,32,3,7,5,1,14,2,19,0,2,0,0,0,0,0,0,0,0,0,0,0,0,0,3,0,10,0,18,2,4,1
"519",2021-06-05,52,52,25,27,0,25,14,11,2,1,1,22,3,8,3,0,9,1,15,0,1,1,0,0,0,0,0,0,0,0,0,0,0,0,0,0,9,0,12,1,4,1
"520",2021-06-06,53,52,18,34,0,18,8,10,2,0,2,15,3,7,4,0,4,2,14,0,0,0,0,0,0,0,0,0,0,0,0,0,0,0,2,0,3,0,11,0,2,2
"521",2021-06-07,163,155,48,107,4,52,27,25,1,0,1,51,1,5,1,0,21,1,22,0,6,0,0,0,3,0,0,0,0,0,0,0,0,0,1,0,17,0,33,1,1,0
"522",2021-06-08,162,157,69,88,1,71,38,33,4,3,1,63,8,17,12,0,28,2,38,0,4,2,0,0,1,0,0,0,0,0,0,0,0,0,1,0,18,0,45,3,7,1
"523",2021-06-09,189,180,50,130,4,54,19,35,4,1,3,45,9,20,10,0,24,2,26,0,2,0,0,0,2,1,0,0,0,0,0,0,0,0,2,0,13,0,34,3,5,1
"524",2021-06-10,136,136,61,75,0,61,34,27,1,0,1,54,7,17,7,0,35,1,20,0,5,0,0,0,1,0,0,0,0,0,0,0,0,0,0,0,17,0,41,1,3,0
"525",2021-06-11,140,136,54,82,0,58,36,22,0,0,0,55,3,7,3,0,31,0,22,0,5,0,0,0,0,0,0,0,0,0,0,0,0,0,3,0,16,0,37,0,2,0
"526",2021-06-12,87,86,35,51,0,35,21,14,4,4,0,27,8,20,11,1,13,3,21,0,1,0,0,0,0,0,0,0,0,0,0,0,0,0,0,0,11,0,22,3,2,1
"527",2021-06-13,71,71,26,45,0,26,12,14,1,0,1,24,2,6,3,0,2,1,23,0,1,0,0,0,0,0,0,0,0,0,0,0,0,0,1,0,7,0,14,0,4,1
"528",2021-06-14,217,208,91,117,5,95,50,45,4,0,4,82,13,24,17,3,29,4,46,0,18,0,0,0,2,0,0,0,0,0,0,0,0,0,2,0,19,1,68,0,6,3
"529",2021-06-15,176,171,63,108,2,66,31,35,3,1,2,62,4,10,4,0,24,3,34,0,7,0,0,0,1,0,0,0,0,0,0,0,0,0,1,0,23,0,35,1,7,2
"530",2021-06-16,169,162,62,100,1,68,28,40,4,2,2,60,8,17,9,1,26,2,32,0,9,1,0,0,1,1,0,0,0,0,0,0,0,0,0,0,19,0,45,3,4,1
"531",2021-06-17,212,200,86,114,2,96,41,55,1,1,0,94,2,9,3,0,32,0,46,0,18,1,0,0,0,0,0,0,0,0,0,0,0,0,6,0,33,0,50,1,7,0
"532",2021-06-18,186,178,82,96,1,89,48,41,5,1,4,80,9,18,11,1,28,4,45,0,15,1,0,0,1,0,0,0,0,0,0,0,0,0,9,0,26,0,47,4,7,1
"533",2021-06-19,129,129,63,66,0,63,29,34,0,0,0,62,1,5,1,0,21,0,42,0,0,0,0,0,0,0,0,0,0,0,0,0,0,0,1,0,21,0,34,0,7,0
"534",2021-06-20,92,89,34,55,3,34,14,20,3,1,2,23,11,22,11,0,9,3,23,0,1,0,0,0,1,0,0,0,0,0,0,0,0,0,0,0,10,0,20,2,4,1
"535",2021-06-21,251,240,88,152,0,99,53,46,1,1,0,93,6,15,7,0,38,1,38,0,23,0,0,0,0,0,0,0,0,0,0,0,0,0,6,0,22,0,68,0,3,1
"536",2021-06-22,209,192,61,131,0,77,41,36,1,1,0,69,8,21,9,1,26,0,30,0,20,0,0,0,1,0,0,0,0,0,0,0,0,0,3,0,24,0,41,1,9,0
"537",2021-06-23,240,224,79,145,1,94,58,36,4,1,3,87,7,21,7,0,33,3,38,0,20,0,0,0,3,0,0,0,0,0,0,0,0,0,2,0,29,0,55,2,8,2
"538",2021-06-24,256,241,97,144,3,109,59,50,2,2,0,100,9,17,9,0,49,1,48,0,11,0,0,0,1,0,0,0,0,0,0,0,0,0,4,0,44,0,49,1,12,1
"539",2021-06-25,208,193,74,119,2,87,54,33,3,2,1,79,8,15,8,0,22,1,49,0,16,0,0,0,0,0,0,0,0,0,0,0,0,0,4,0,24,1,51,1,8,1
"540",2021-06-26,151,146,52,94,0,56,31,25,0,0,0,52,4,9,4,0,14,0,39,0,3,0,0,0,0,0,0,0,0,0,0,0,0,0,2,0,22,0,27,0,5,0
"541",2021-06-27,122,120,58,62,0,60,35,25,4,2,2,56,4,11,5,1,10,1,45,0,4,0,0,0,1,1,0,0,0,0,0,0,0,0,8,0,17,1,32,2,3,1
"542",2021-06-28,286,267,106,161,3,122,67,55,2,0,2,117,5,13,6,0,35,2,61,0,24,0,0,0,2,0,0,0,0,0,0,0,0,0,6,0,32,0,73,1,11,1
"543",2021-06-29,229,209,88,121,5,103,53,50,2,1,1,88,15,23,16,0,33,1,41,0,26,0,0,0,3,1,0,0,0,0,0,0,0,0,4,0,41,0,53,1,5,1
"544",2021-06-30,233,211,73,138,4,91,48,43,0,0,0,87,4,11,5,1,26,0,43,0,22,0,0,0,0,0,0,0,0,0,0,0,0,0,3,0,37,0,46,0,5,0
"545",2021-07-01,236,206,81,125,1,110,68,42,0,0,0,101,9,16,9,0,30,0,46,0,30,0,0,0,1,0,0,0,3,0,0,0,0,0,3,0,31,0,70,0,6,0
"546",2021-07-02,215,188,68,120,8,87,43,44,2,1,1,82,5,14,5,0,24,0,36,0,27,0,0,0,0,0,0,0,0,0,0,0,0,0,6,0,28,0,49,1,4,1
"547",2021-07-03,122,114,43,71,1,50,31,19,1,1,0,43,7,17,7,0,14,1,24,0,12,0,0,0,0,0,0,0,0,0,0,0,0,0,3,0,14,0,30,0,3,1
"548",2021-07-04,52,43,28,15,3,34,16,18,0,0,0,29,5,14,6,1,10,0,15,0,9,0,0,0,0,0,0,0,0,0,0,0,0,0,2,0,9,0,20,0,3,0
"549",2021-07-05,197,162,69,93,0,103,59,44,2,1,1,95,8,14,10,1,22,1,41,0,38,0,0,0,1,0,0,0,1,0,0,0,0,0,3,0,38,0,56,2,6,0
"550",2021-07-06,198,181,67,114,3,78,41,37,1,0,1,67,11,21,12,1,31,0,34,0,12,0,0,0,1,0,0,0,0,0,0,0,0,0,2,0,29,0,40,1,7,0
"551",2021-07-07,200,195,86,109,0,91,54,37,4,2,2,79,12,26,14,1,28,2,48,0,12,1,0,0,3,0,0,0,0,0,0,0,0,0,3,0,27,0,49,0,12,4
"552",2021-07-08,175,167,67,100,1,74,44,30,3,0,3,63,11,18,11,0,27,2,39,0,8,0,0,0,0,0,0,0,0,0,0,0,0,0,7,0,24,0,41,1,2,2
"553",2021-07-09,238,201,76,125,3,109,61,48,0,0,0,104,5,9,5,0,24,0,60,0,25,0,0,0,0,0,0,0,0,0,0,0,0,0,4,0,48,0,49,0,8,0
"554",2021-07-10,129,118,59,59,1,69,33,36,0,0,0,67,2,8,2,0,11,0,42,0,16,0,0,0,0,0,0,0,0,0,0,0,0,0,10,0,24,0,32,0,3,0
"555",2021-07-11,108,94,37,57,1,50,30,20,3,1,2,44,6,15,9,1,13,1,18,0,18,1,0,0,1,0,0,0,0,0,0,0,0,0,2,0,19,0,24,1,5,2
"556",2021-07-12,305,271,105,166,2,137,66,71,3,3,0,132,5,10,6,0,33,3,59,0,42,0,0,0,2,0,1,0,0,0,0,0,0,0,10,0,41,0,78,2,8,1
"557",2021-07-13,288,264,100,164,1,123,69,54,3,2,1,114,9,21,10,0,39,2,48,0,34,1,0,0,2,0,0,0,0,0,0,0,0,0,9,0,40,0,59,1,15,2
"558",2021-07-14,291,269,117,152,4,135,66,69,5,1,4,124,11,22,14,0,42,3,65,0,27,0,0,0,1,0,0,0,0,0,0,0,0,0,5,0,48,1,75,3,7,1
"559",2021-07-15,294,265,103,162,3,128,59,69,5,3,2,117,11,23,13,0,48,3,46,0,34,0,0,0,0,0,0,0,0,0,0,0,0,0,10,0,54,0,56,5,8,0
"560",2021-07-16,266,254,121,133,1,132,62,70,3,0,3,124,8,19,10,2,48,2,60,0,22,0,0,0,2,0,0,0,0,0,0,0,0,0,12,0,42,0,76,3,2,0
"561",2021-07-17,138,129,51,78,1,59,31,28,1,0,1,56,3,10,5,0,15,1,32,0,11,0,0,0,0,0,1,0,0,0,0,0,0,0,6,0,22,0,25,0,6,1
"562",2021-07-18,119,110,57,53,0,66,38,28,0,0,0,62,4,9,4,0,18,0,29,0,19,0,0,0,0,0,0,0,0,0,0,0,0,0,6,0,23,0,35,0,2,0
"563",2021-07-19,369,351,141,210,2,157,88,69,5,2,3,145,12,24,14,0,51,4,73,0,19,0,0,0,14,1,0,0,0,0,0,0,0,0,5,0,50,1,89,2,13,2
"564",2021-07-20,332,313,110,203,9,119,67,52,3,1,2,111,8,23,9,0,44,3,57,0,13,0,0,0,5,0,0,0,0,0,0,0,0,0,10,0,41,0,66,3,2,0
"565",2021-07-21,353,334,118,216,2,135,72,63,4,1,3,126,9,26,12,0,50,4,56,0,26,0,0,0,3,0,0,0,0,0,0,0,0,0,6,0,59,0,63,1,7,3
"566",2021-07-22,369,345,117,228,4,135,72,63,0,0,0,131,4,10,5,0,49,0,49,0,30,0,0,0,7,0,0,0,0,0,0,0,0,0,9,0,41,0,75,0,10,0
"567",2021-07-23,344,327,125,202,6,131,64,67,4,2,2,120,11,23,14,0,50,2,64,0,15,0,0,0,2,1,0,0,0,0,0,0,0,0,14,0,42,0,63,3,12,1
"568",2021-07-24,172,168,63,105,0,67,32,35,5,2,3,57,10,24,12,0,27,3,32,0,6,1,0,0,2,1,0,0,0,0,0,0,0,0,5,0,22,0,32,2,8,3
"569",2021-07-25,178,175,58,117,2,59,33,26,6,3,3,51,8,19,10,0,24,5,34,0,1,0,0,0,0,0,0,0,0,0,0,0,0,0,4,0,21,0,28,5,6,1
"570",2021-07-26,453,430,151,279,6,167,82,85,6,3,3,154,13,28,14,0,51,2,74,0,34,1,0,0,8,1,0,0,0,0,0,0,0,0,6,0,61,0,88,1,12,5
"571",2021-07-27,379,358,133,225,4,150,70,80,4,2,2,136,14,33,18,2,56,2,71,0,20,2,0,0,3,0,0,0,0,0,0,0,0,0,7,0,54,0,78,2,11,2
"572",2021-07-28,372,347,132,215,1,156,86,70,9,6,3,141,15,33,18,1,47,4,75,0,32,2,0,0,2,1,0,0,0,0,0,0,0,0,13,0,43,0,83,4,17,5
"573",2021-07-29,440,417,163,254,2,182,91,91,6,3,3,167,15,31,16,0,66,5,81,0,30,1,0,0,5,0,0,0,0,0,0,0,0,0,7,0,54,0,104,5,17,1
"574",2021-07-30,345,325,120,205,3,137,73,64,1,1,0,130,7,19,7,0,64,1,41,0,29,0,0,0,3,0,0,0,0,0,0,0,0,0,8,0,51,0,63,0,15,1
"575",2021-07-31,245,228,93,135,0,110,54,56,7,5,2,94,16,32,18,1,32,3,50,0,27,1,0,0,1,1,0,0,0,0,0,0,0,0,19,0,37,0,44,5,10,2
"576",2021-08-01,270,263,72,191,2,77,43,34,3,1,2,63,14,31,15,0,31,3,32,0,13,0,0,0,0,0,1,0,0,0,0,0,0,0,5,0,29,0,40,2,3,1
"577",2021-08-02,469,449,151,298,3,166,92,74,5,1,4,154,12,30,14,2,45,3,82,0,34,0,0,0,5,0,0,0,0,0,0,0,0,0,6,0,60,0,80,2,20,3
"578",2021-08-03,433,404,149,255,10,168,94,74,4,1,3,154,14,26,15,1,62,2,64,0,39,0,0,0,3,1,0,0,0,0,0,0,0,0,9,0,57,0,89,1,13,3
"579",2021-08-04,409,393,132,261,1,145,82,63,4,0,4,135,10,21,12,1,56,3,60,0,23,0,0,0,6,0,0,0,0,0,0,0,0,0,10,0,55,0,73,4,7,0
"580",2021-08-05,336,316,112,204,7,125,58,67,7,4,3,112,13,28,16,1,44,4,57,0,22,1,0,0,2,1,0,0,0,0,0,0,0,0,2,0,60,0,59,7,4,0
"581",2021-08-06,344,319,126,193,5,146,80,66,5,3,2,131,15,31,16,0,55,4,67,0,23,1,0,0,1,0,0,0,0,0,0,0,0,0,9,0,47,0,73,3,17,2
"582",2021-08-07,230,209,104,105,3,121,68,53,2,1,1,115,6,14,8,1,26,1,78,0,17,0,0,0,0,0,0,0,0,0,0,0,0,0,10,0,31,0,72,0,8,2
"583",2021-08-08,148,135,68,67,0,81,45,36,6,5,1,68,13,28,16,0,24,4,41,0,15,1,0,0,1,1,0,0,0,0,0,0,0,0,9,0,21,0,43,4,8,2
"584",2021-08-09,359,339,128,211,2,146,79,67,2,0,2,137,9,21,10,1,55,1,64,0,20,0,0,0,7,1,0,0,0,0,0,0,0,0,10,0,42,0,84,0,10,2
"585",2021-08-10,335,311,154,157,10,166,77,89,3,0,3,152,14,29,15,0,64,3,75,0,24,0,0,0,3,0,0,0,0,0,0,0,0,0,9,0,43,0,98,1,16,2
"586",2021-08-11,335,314,151,163,9,162,82,80,0,0,0,146,16,31,17,0,60,0,67,0,23,0,0,0,12,0,0,0,0,0,0,0,0,0,8,0,43,0,99,0,12,0
"587",2021-08-12,347,329,151,178,2,167,98,69,2,1,1,150,17,34,18,1,61,1,87,0,16,0,0,0,3,0,0,0,0,0,0,0,0,0,5,0,52,0,97,1,13,1
"588",2021-08-13,302,289,140,149,2,151,83,68,6,2,4,138,13,28,15,0,50,4,82,0,13,0,0,0,6,2,0,0,0,0,0,0,0,0,8,0,45,1,89,3,9,2
"589",2021-08-14,178,173,89,84,1,93,55,38,4,0,4,80,13,30,14,1,25,3,56,0,12,0,0,0,0,0,0,0,0,0,0,0,0,0,2,0,36,0,48,1,7,3
"590",2021-08-15,185,179,68,111,0,74,40,34,3,1,2,66,8,22,11,1,26,2,42,0,6,0,0,0,0,0,0,0,0,0,0,0,0,0,6,0,23,0,34,1,11,2
"591",2021-08-16,367,341,140,201,6,160,86,74,6,1,5,148,12,29,15,1,65,3,71,0,22,1,0,0,2,1,0,0,0,0,0,0,0,0,9,0,54,0,86,4,11,2
"592",2021-08-17,358,345,130,215,1,141,71,70,5,2,3,130,11,22,13,1,63,4,59,0,15,0,0,0,4,0,0,0,0,0,0,0,0,0,6,0,41,0,83,2,11,3
"593",2021-08-18,368,345,130,215,3,149,83,66,7,1,6,138,11,26,14,2,54,4,76,0,16,0,0,0,3,1,0,0,0,0,0,0,0,0,7,0,44,1,86,2,12,4
"594",2021-08-19,393,348,121,227,21,145,88,57,6,1,5,134,11,24,13,0,58,3,67,0,17,1,0,0,3,2,0,0,0,0,0,0,0,0,16,0,44,1,67,1,18,4
"595",2021-08-20,386,353,124,229,1,156,80,76,3,2,1,145,11,27,12,0,66,1,51,0,34,1,0,0,5,1,0,0,0,0,0,0,0,0,22,0,48,0,78,2,8,1
"596",2021-08-21,241,233,82,151,2,87,41,46,4,0,4,79,8,22,12,2,22,1,60,0,5,1,0,0,0,0,0,0,0,0,0,0,0,0,10,0,27,0,44,3,6,1
"597",2021-08-22,195,185,60,125,5,65,37,28,4,3,1,56,9,21,12,0,16,3,37,0,12,1,0,0,0,0,0,0,0,0,0,0,0,0,4,0,17,0,35,1,9,3
"598",2021-08-23,399,385,157,228,1,169,94,75,2,0,2,159,10,26,12,0,54,1,81,0,27,0,0,0,6,0,0,0,1,0,0,0,0,0,10,0,47,0,95,0,17,2
"599",2021-08-24,379,359,132,227,2,149,87,62,5,2,3,141,8,22,10,0,63,4,56,0,22,1,0,0,8,0,0,0,0,0,0,0,0,0,9,0,42,0,90,3,8,2
"600",2021-08-25,407,381,127,254,3,150,84,66,7,4,3,139,11,21,15,0,51,3,73,0,23,1,0,0,3,1,0,0,0,0,0,0,0,0,8,0,38,1,86,3,18,3
"601",2021-08-26,301,272,92,180,3,118,64,54,6,3,3,105,13,28,15,1,41,4,46,0,31,0,0,0,0,0,0,0,0,0,0,0,0,0,11,0,29,1,68,3,10,2
"602",2021-08-27,314,285,109,176,1,137,75,62,3,1,2,132,5,13,7,0,50,1,46,0,36,1,0,0,5,1,0,0,0,0,0,0,0,0,7,0,31,0,87,2,12,1
"603",2021-08-28,150,138,51,87,2,61,36,25,5,3,2,54,7,15,10,0,16,3,25,0,20,2,0,0,0,0,0,0,0,0,0,0,0,0,7,0,11,0,33,1,10,4
"604",2021-08-29,123,113,43,70,1,52,31,21,3,2,1,47,5,16,5,0,14,3,27,0,11,0,0,0,0,0,0,0,0,0,0,0,0,0,6,0,16,0,27,1,3,2
"605",2021-08-30,350,308,111,197,6,147,77,70,5,2,3,134,13,28,14,1,58,4,45,0,40,0,0,0,4,0,0,0,0,0,0,0,0,0,14,0,32,0,90,3,11,2
"606",2021-08-31,271,259,79,180,3,88,48,40,4,2,2,79,9,23,10,0,49,4,28,0,8,0,0,0,3,0,0,0,0,0,0,0,0,0,11,0,20,0,44,1,13,3
"607",2021-09-01,274,256,108,148,0,126,78,48,3,3,0,120,6,17,6,0,45,3,45,0,32,0,0,0,4,0,0,0,0,0,0,0,0,0,13,0,28,0,74,1,11,2
"608",2021-09-02,229,208,87,121,2,106,57,49,4,2,2,97,9,18,11,1,39,1,39,0,23,0,0,0,5,0,0,0,0,0,0,0,0,0,12,0,26,0,56,2,12,2
"609",2021-09-03,200,177,72,105,0,95,53,42,5,1,4,85,10,19,12,1,37,4,30,0,27,0,0,0,1,0,0,0,0,0,0,0,0,0,10,0,16,0,57,1,12,4
"610",2021-09-04,109,102,47,55,3,51,27,24,2,1,1,42,9,18,10,1,10,0,30,0,11,1,0,0,0,0,0,0,0,0,0,0,0,0,3,0,6,0,35,1,7,1
"611",2021-09-05,63,54,19,35,1,27,12,15,1,0,1,20,7,16,9,0,9,1,12,0,6,0,0,0,0,0,0,0,0,0,0,0,0,0,1,0,6,0,14,0,6,1
"612",2021-09-06,190,173,79,94,2,94,54,40,3,0,3,89,5,13,6,1,32,2,36,0,22,0,0,0,4,0,0,0,0,0,0,0,0,0,9,0,17,0,55,1,13,2
"613",2021-09-07,198,168,67,101,1,96,49,47,3,0,3,86,10,21,12,1,27,2,32,0,36,0,0,0,1,0,0,0,0,0,0,0,0,0,11,0,26,0,49,0,10,3
"614",2021-09-08,191,173,63,110,0,81,46,35,5,2,3,71,10,21,12,1,22,1,30,0,26,0,0,0,3,1,0,0,0,0,0,0,0,0,5,0,18,0,51,3,7,2
"615",2021-09-09,176,158,73,85,3,87,40,47,3,1,2,77,10,21,10,0,21,2,41,0,20,1,0,0,5,0,0,0,0,0,0,0,0,0,6,0,24,0,49,3,8,0
"616",2021-09-10,201,174,81,93,4,103,63,40,3,3,0,98,5,12,6,0,28,2,48,0,25,1,0,0,2,0,0,0,0,0,0,0,0,0,9,0,21,0,61,1,12,2
"617",2021-09-11,125,112,52,60,1,64,31,33,4,0,4,57,7,19,8,0,15,3,30,0,19,0,0,0,0,0,0,0,0,0,0,0,0,0,4,0,16,0,35,1,9,3
"618",2021-09-12,89,80,32,48,0,41,28,13,4,3,1,34,7,16,7,0,12,3,14,0,15,0,0,0,0,0,0,0,0,0,0,0,0,0,3,0,8,0,26,2,4,2
"619",2021-09-13,200,175,63,112,0,88,45,43,4,2,2,81,7,18,9,0,22,1,31,0,32,1,0,0,3,0,0,0,0,0,0,0,0,0,8,0,25,0,39,0,16,4
"620",2021-09-14,204,183,74,109,2,93,61,32,1,0,1,86,7,13,7,0,32,1,33,0,27,0,0,0,1,0,0,0,0,0,0,0,0,0,9,0,21,0,50,0,13,1
"621",2021-09-15,123,98,60,38,2,83,45,38,3,1,2,75,8,16,11,1,3,1,50,0,23,0,0,0,6,1,0,0,1,0,0,0,0,0,8,0,24,0,44,0,7,3
"622",2021-09-16,69,55,28,27,3,39,24,15,2,0,2,35,4,11,4,0,3,2,22,0,14,0,0,0,0,0,0,0,0,0,0,0,0,0,6,0,8,0,21,0,4,2
"623",2021-09-17,190,163,64,99,4,87,46,41,2,1,1,82,5,14,5,0,34,2,27,0,26,0,0,0,0,0,0,0,0,0,0,0,0,0,9,0,20,0,50,0,8,2
"624",2021-09-18,83,74,36,38,0,45,24,21,5,1,4,38,7,15,9,1,9,2,24,0,11,0,0,0,1,1,0,0,0,0,0,0,0,0,1,0,12,0,27,3,5,2
"625",2021-09-19,66,54,14,40,2,24,12,12,1,0,1,21,3,9,4,0,9,1,2,0,13,0,0,0,0,0,0,0,0,0,0,0,0,0,2,0,5,0,15,0,2,1
"626",2021-09-20,253,230,66,164,1,88,52,36,4,3,1,82,6,17,6,0,32,4,35,0,20,0,0,0,1,0,0,0,0,0,0,0,0,0,7,0,33,0,38,0,10,4
"627",2021-09-21,207,177,49,128,2,77,43,34,0,0,0,72,5,10,5,0,14,0,35,0,28,0,0,0,0,0,0,0,0,0,0,0,0,0,15,0,24,0,34,0,4,0
"628",2021-09-22,180,154,52,102,3,73,37,36,2,2,0,66,7,18,7,0,21,2,31,0,21,0,0,0,0,0,0,0,0,0,0,0,0,0,4,0,21,0,41,0,7,2
"629",2021-09-23,174,148,42,106,2,65,33,32,1,0,1,61,4,15,5,0,17,0,24,0,23,1,0,0,1,0,0,0,0,0,0,0,0,0,7,0,14,0,38,1,6,0
"630",2021-09-24,163,137,41,96,1,66,38,28,2,1,1,62,4,14,5,0,11,1,24,0,27,1,0,0,4,0,0,0,0,0,0,0,0,0,8,0,17,0,34,1,7,1
"631",2021-09-25,82,72,30,42,0,40,21,19,1,1,0,36,4,9,4,0,7,1,22,0,11,0,0,0,0,0,0,0,0,0,0,0,0,0,4,0,6,0,23,1,7,0
"632",2021-09-26,58,54,33,21,1,36,21,15,0,0,0,34,2,6,2,0,4,0,28,0,4,0,0,0,0,0,0,0,0,0,0,0,0,0,1,0,8,0,24,0,3,0
"633",2021-09-27,167,158,42,116,0,51,25,26,6,2,4,44,7,15,8,0,20,4,26,0,4,1,0,0,1,0,0,0,0,0,0,0,0,0,5,0,16,0,25,2,5,4
"634",2021-09-28,133,122,36,86,1,45,27,18,1,0,1,42,3,10,3,0,16,1,22,0,7,0,0,0,0,0,0,0,0,0,0,0,0,0,2,0,9,0,31,0,3,1
"635",2021-09-29,130,118,41,77,3,48,21,27,1,1,0,43,5,11,6,0,10,1,28,0,9,0,0,0,1,0,0,0,0,0,0,0,0,0,4,0,10,0,24,0,10,1
"636",2021-09-30,104,85,28,57,2,44,25,19,0,0,0,40,4,9,4,0,13,0,14,0,15,0,0,0,2,0,0,0,0,0,0,0,0,0,3,0,8,0,24,0,9,0
"637",2021-10-01,120,104,30,74,2,43,27,16,4,1,3,35,8,19,10,0,16,3,11,0,14,0,0,0,2,0,0,0,0,0,0,0,0,0,7,0,10,0,22,3,4,1
"638",2021-10-02,47,39,14,25,2,20,8,12,3,0,3,16,4,9,5,0,5,2,9,0,6,1,0,0,0,0,0,0,0,0,0,0,0,0,4,1,2,0,11,0,3,2
"639",2021-10-03,32,26,12,14,1,17,10,7,2,1,1,14,3,7,3,0,6,2,4,0,7,0,0,0,0,0,0,0,0,0,0,0,0,0,2,0,3,0,10,1,2,1
"640",2021-10-04,151,128,39,89,1,61,31,30,3,1,2,52,9,20,11,0,21,3,18,0,20,0,0,0,2,0,0,0,0,0,0,0,0,0,8,0,13,0,32,3,8,0
"641",2021-10-05,127,110,30,80,3,44,23,21,1,0,1,41,3,10,3,0,14,1,11,0,16,0,0,0,3,0,0,0,0,0,0,0,0,0,3,0,10,0,24,0,7,1
"642",2021-10-06,142,127,29,98,0,44,26,18,2,1,1,41,3,9,3,0,8,2,13,0,21,0,0,0,2,0,0,0,0,0,0,0,0,0,5,0,6,0,27,0,6,2
"643",2021-10-07,148,126,34,92,1,53,24,29,1,1,0,51,2,5,3,1,15,0,16,0,21,0,0,0,1,0,0,0,0,0,0,0,0,0,5,0,6,0,34,1,8,0
"644",2021-10-08,154,131,40,91,2,61,32,29,1,0,1,59,2,7,3,0,17,0,17,0,23,0,0,0,3,1,1,0,0,0,0,0,0,0,7,0,18,0,24,0,12,1
"645",2021-10-09,66,63,10,53,0,13,9,4,3,3,0,10,3,6,4,1,4,2,6,0,3,0,0,0,0,0,0,0,0,0,0,0,0,0,1,0,1,0,7,0,4,3
"646",2021-10-10,58,50,6,44,1,13,6,7,2,0,2,11,2,5,2,0,3,2,4,0,6,0,0,0,0,0,0,0,0,0,0,0,0,0,1,0,4,0,7,1,1,1
"647",2021-10-11,159,123,39,84,0,75,44,31,1,0,1,71,4,7,5,1,10,0,24,0,40,0,0,0,1,0,0,0,0,0,0,0,0,0,8,0,15,0,42,1,10,0
"648",2021-10-12,144,112,22,90,9,44,24,20,0,0,0,39,5,10,5,0,10,0,15,0,16,0,0,0,3,0,0,0,0,0,0,0,0,0,3,0,12,0,27,0,2,0
"649",2021-10-13,155,132,23,109,1,41,27,14,2,1,1,37,4,11,5,0,11,1,13,0,16,1,0,0,1,0,0,0,0,0,0,0,0,0,5,0,4,0,24,0,8,2
"650",2021-10-14,130,119,30,89,1,40,17,23,1,0,1,38,2,9,3,0,15,1,17,0,6,0,0,0,2,0,0,0,0,0,0,0,0,0,4,0,9,0,20,0,7,1
"651",2021-10-15,134,128,36,92,0,42,25,17,2,2,0,37,5,12,5,0,13,2,14,0,12,0,0,0,3,0,0,0,0,0,0,0,0,0,3,0,13,0,19,0,7,2
"652",2021-10-16,56,49,8,41,0,15,7,8,0,0,0,14,1,5,1,0,3,0,4,0,8,0,0,0,0,0,0,0,0,0,0,0,0,0,1,0,2,0,9,0,3,0
"653",2021-10-17,60,54,11,43,1,16,11,5,1,0,1,14,2,7,2,0,2,0,7,0,7,0,0,0,0,0,0,0,0,0,0,0,0,0,3,0,0,0,12,0,1,1
"654",2021-10-18,181,157,32,125,3,53,28,25,2,1,1,50,3,9,4,0,15,1,19,0,17,1,0,0,1,0,1,0,0,0,0,0,0,0,2,0,9,0,32,0,10,2
"655",2021-10-19,158,131,28,103,2,52,29,23,1,0,1,48,4,6,4,0,14,1,13,0,24,0,0,0,1,0,0,0,0,0,0,0,0,0,5,0,10,0,28,0,9,1
"656",2021-10-20,104,94,20,74,1,29,15,14,0,0,0,28,1,4,1,0,4,0,15,0,7,0,0,0,3,0,0,0,0,0,0,0,0,0,1,0,6,0,19,0,3,0
"657",2021-10-21,123,108,30,78,3,42,26,16,2,1,1,36,6,15,6,0,14,2,20,0,8,0,0,0,0,0,0,0,0,0,0,0,0,0,4,0,13,0,16,1,9,1
"658",2021-10-22,124,113,36,77,1,46,25,21,3,1,2,43,3,9,4,0,13,2,18,0,8,0,0,0,7,1,0,0,0,0,0,0,0,0,6,0,9,0,23,2,8,1
"659",2021-10-23,47,43,10,33,1,13,8,5,1,1,0,9,4,10,4,0,4,1,5,0,4,0,0,0,0,0,0,0,0,0,0,0,0,0,0,0,2,0,8,0,3,1
"660",2021-10-24,50,44,12,32,0,18,12,6,2,1,1,14,4,8,4,0,4,2,4,0,10,0,0,0,0,0,0,0,0,0,0,0,0,0,0,0,2,0,13,1,3,1
"661",2021-10-25,144,129,33,96,3,45,23,22,1,1,0,40,5,13,6,0,11,0,23,0,8,0,0,0,3,0,0,0,0,0,0,0,0,0,5,0,5,0,26,1,9,0
"662",2021-10-26,126,114,39,75,0,51,32,19,4,1,3,44,7,15,9,0,20,3,11,0,18,0,0,0,2,1,0,0,0,0,0,0,0,0,2,0,8,0,31,2,10,2
"663",2021-10-27,92,78,16,62,0,30,19,11,1,0,1,28,2,8,2,0,5,1,11,0,14,0,0,0,0,0,0,0,0,0,0,0,0,0,2,0,5,0,17,0,6,1
"664",2021-10-28,122,106,30,76,1,45,24,21,2,0,2,36,9,21,10,1,10,1,16,0,15,0,0,0,4,1,0,0,0,0,0,0,0,0,4,0,6,0,28,1,7,1
"665",2021-10-29,104,87,24,63,0,41,18,23,1,0,1,38,3,10,3,0,13,1,20,0,6,0,0,0,2,0,0,0,0,0,0,0,0,0,0,0,9,0,23,0,9,1
"666",2021-10-30,49,47,20,27,0,22,12,10,1,0,1,20,2,6,4,0,7,0,11,0,4,0,0,0,0,0,0,0,0,0,0,0,0,0,2,0,1,0,15,0,4,1
"667",2021-10-31,37,33,14,19,1,17,9,8,1,0,1,12,5,10,6,1,3,1,7,0,7,0,0,0,0,0,0,0,0,0,0,0,0,0,1,0,3,0,9,1,4,0
"668",2021-11-01,92,78,23,55,2,35,17,18,1,0,1,34,1,4,2,0,9,1,22,0,4,0,0,0,0,0,0,0,0,0,0,0,0,0,1,0,7,0,18,0,9,1
"669",2021-11-02,79,77,24,53,1,25,11,14,2,0,2,22,3,10,3,0,13,1,8,0,4,0,0,0,0,0,0,0,0,0,0,0,0,0,1,0,6,0,14,1,4,1
"670",2021-11-03,102,95,25,70,0,32,14,18,0,0,0,32,0,3,0,0,5,0,19,0,8,0,0,0,0,0,0,0,0,0,0,0,0,0,2,0,4,0,24,0,2,0
"671",2021-11-04,111,89,25,64,3,44,27,17,3,2,1,39,5,14,6,0,8,2,30,0,5,0,0,0,1,0,0,0,0,0,0,0,0,0,0,0,10,0,31,2,3,1
"672",2021-11-05,121,106,43,63,3,55,29,26,2,1,1,47,8,18,9,1,9,1,36,0,9,0,0,0,1,0,0,0,0,0,0,0,0,0,3,0,15,0,23,1,14,1
"673",2021-11-06,85,77,31,46,3,36,19,17,0,0,0,33,3,7,3,0,9,0,22,0,5,0,0,0,0,0,0,0,0,0,0,0,0,0,6,0,8,0,19,0,3,0
"674",2021-11-07,50,44,15,29,2,18,14,4,1,1,0,15,3,10,3,0,4,1,5,0,9,0,0,0,0,0,0,0,0,0,0,0,0,0,2,0,3,0,11,0,2,1
"675",2021-11-08,185,151,66,85,3,97,55,42,1,0,1,91,6,23,7,0,23,1,49,0,24,0,0,0,1,0,0,0,0,0,0,0,0,0,5,0,23,0,57,0,12,1
"676",2021-11-09,170,153,50,103,0,67,46,21,2,1,1,60,7,17,8,0,17,2,34,0,13,0,0,0,3,0,0,0,0,0,0,0,0,0,4,0,8,0,44,0,11,2
"677",2021-11-10,159,120,47,73,0,86,50,36,4,1,3,79,7,16,7,0,18,2,37,0,29,0,0,0,2,2,0,0,0,0,0,0,0,0,4,0,18,0,49,1,15,3
"678",2021-11-11,172,130,52,78,2,92,52,40,1,0,1,86,6,13,7,1,22,0,43,0,25,0,0,0,2,0,0,0,0,0,0,0,0,0,4,0,21,0,56,0,11,1
"679",2021-11-12,171,120,46,74,10,87,52,35,1,1,0,83,4,13,5,0,21,1,38,0,27,0,0,0,1,0,0,0,0,0,0,0,0,0,1,0,24,0,49,0,13,1
"680",2021-11-13,77,43,22,21,18,38,19,19,1,1,0,32,6,18,8,1,4,1,16,0,18,0,0,0,0,0,0,0,0,0,0,0,0,0,3,0,3,0,24,0,8,1
"681",2021-11-14,52,41,21,20,7,25,15,10,5,1,4,17,8,22,13,1,10,3,5,0,10,1,0,0,0,0,0,0,0,0,0,0,0,0,3,0,2,0,12,0,8,5
"682",2021-11-15,86,61,44,17,14,55,27,28,3,0,3,44,11,20,11,0,11,2,14,0,30,1,0,0,0,0,0,0,0,0,0,0,0,0,7,0,7,0,30,0,11,3
"683",2021-11-16,224,162,71,91,6,127,81,46,3,1,2,121,6,15,8,1,32,1,48,0,43,0,0,0,4,1,0,0,0,0,0,0,0,0,5,0,27,0,73,2,22,1
"684",2021-11-17,209,156,83,73,7,129,71,58,5,4,1,111,18,35,19,0,37,5,44,0,42,0,0,0,6,0,0,0,0,0,0,0,0,0,10,0,21,0,79,2,19,3
"685",2021-11-18,201,156,74,82,9,110,61,49,3,1,2,101,9,23,9,0,26,3,51,0,31,0,0,0,2,0,0,0,0,0,0,0,0,0,5,0,30,0,62,0,13,3
"686",2021-11-19,191,161,79,82,5,100,58,42,3,0,3,89,11,26,12,0,37,1,34,0,25,0,0,0,4,2,0,0,0,0,0,0,0,0,5,0,24,0,57,0,14,3
"687",2021-11-20,93,66,34,32,4,57,37,20,3,3,0,51,6,12,6,0,15,3,40,0,2,0,0,0,0,0,0,0,0,0,0,0,0,0,9,0,15,0,26,1,7,2
"688",2021-11-21,65,57,33,24,6,35,24,11,4,2,2,29,6,15,8,1,15,2,12,0,8,2,0,0,0,0,0,0,0,0,0,0,0,0,2,0,8,0,18,0,7,4
"689",2021-11-22,288,233,104,129,13,146,83,63,7,1,6,131,15,30,16,0,31,5,74,0,33,0,0,0,8,1,0,0,0,0,0,0,0,0,14,0,33,0,70,0,29,7
"690",2021-11-23,237,223,90,133,0,102,64,38,3,2,1,94,8,21,9,0,37,2,52,0,8,1,0,0,5,0,0,0,0,0,0,0,0,0,5,0,13,0,68,1,16,2
"691",2021-11-24,208,178,70,108,6,87,42,45,10,3,7,71,16,40,18,1,35,9,49,0,0,0,0,0,3,0,0,0,0,0,0,0,0,0,4,0,16,0,52,4,15,6
"692",2021-11-25,197,144,60,84,14,91,46,45,2,0,2,84,7,17,7,0,37,0,51,0,2,0,0,0,1,0,0,0,0,0,0,0,0,0,3,0,20,0,50,1,18,1
"693",2021-11-26,194,161,72,89,16,89,54,35,3,1,2,77,12,31,12,0,30,2,39,0,18,0,0,0,2,1,0,0,0,0,0,0,0,0,2,0,21,0,52,1,14,2
"694",2021-11-27,110,94,40,54,11,45,29,16,3,1,2,37,8,18,10,2,16,1,25,0,4,0,0,0,0,0,0,0,0,0,0,0,0,0,0,0,9,0,30,0,6,3
"695",2021-11-28,85,73,41,32,5,47,25,22,9,6,3,34,13,25,15,0,17,6,20,0,9,3,0,0,1,0,0,0,0,0,0,0,0,0,2,0,7,0,25,2,13,7
"696",2021-11-29,283,219,99,120,13,149,87,62,11,5,6,132,17,38,19,0,40,7,80,0,24,2,0,0,5,2,0,0,0,0,0,0,0,0,9,0,39,0,70,3,31,8
"697",2021-11-30,216,163,74,89,22,104,59,45,7,3,4,89,15,35,16,1,37,6,49,0,16,0,0,0,2,0,0,0,0,0,0,0,0,0,2,0,18,1,62,1,22,5
"698",2021-12-01,215,176,70,106,16,92,50,42,2,1,1,83,9,24,9,0,29,2,43,0,17,0,0,0,3,0,0,0,0,0,0,0,0,0,3,0,18,0,55,0,16,2
"699",2021-12-02,261,206,74,132,24,105,52,53,5,0,5,93,12,29,14,1,42,3,55,0,6,1,0,0,2,0,0,0,0,0,0,0,0,0,4,0,13,0,64,0,24,5
"700",2021-12-03,208,165,61,104,5,99,49,50,7,1,6,87,12,30,15,2,26,3,60,0,6,1,0,0,7,1,0,0,0,0,0,0,0,0,3,0,21,1,65,2,10,4
"701",2021-12-04,116,94,44,50,20,46,20,26,5,2,3,33,13,27,18,0,17,4,25,0,4,1,0,0,0,0,0,0,0,0,0,0,0,0,3,0,13,0,16,1,14,4
"702",2021-12-05,97,92,40,52,3,42,23,19,5,3,2,31,11,25,12,1,11,3,23,0,7,0,0,0,1,1,0,0,0,0,0,0,0,0,3,0,9,0,23,2,7,3
"703",2021-12-06,247,237,86,151,1,94,46,48,11,3,8,78,16,37,16,0,38,7,35,0,18,0,0,0,3,1,0,0,0,0,0,0,0,0,5,0,15,0,57,2,17,9
"704",2021-12-07,243,218,89,129,11,99,58,41,4,2,2,90,9,22,10,1,26,2,46,0,22,0,0,0,5,0,0,0,0,0,0,0,0,0,3,0,16,0,59,0,21,4
"705",2021-12-08,248,208,59,149,5,94,52,42,7,3,4,77,17,41,19,0,36,5,40,0,17,2,0,0,1,0,0,0,0,0,0,0,0,0,3,0,19,0,52,1,20,6
"706",2021-12-09,207,203,73,130,2,74,29,45,6,2,4,61,13,30,13,0,42,6,17,0,11,0,0,0,4,0,0,0,0,0,0,0,0,0,1,0,11,0,43,0,19,6
"707",2021-12-10,162,160,67,93,0,67,33,34,7,3,4,52,15,36,17,2,30,4,18,0,16,0,0,0,3,0,0,0,0,0,0,0,0,0,1,0,17,0,34,2,15,5
"708",2021-12-11,94,86,37,49,0,45,28,17,4,0,4,39,6,12,10,1,19,0,20,0,6,3,0,0,0,0,0,0,0,0,0,0,0,0,3,0,8,0,26,1,8,3
"709",2021-12-12,77,68,23,45,2,28,16,12,0,0,0,25,3,14,3,0,3,0,20,0,5,0,0,0,0,0,0,0,0,0,0,0,0,0,4,0,2,0,12,0,10,0
"710",2021-12-13,208,207,98,109,0,98,50,48,5,1,4,86,12,30,15,1,47,3,24,0,22,0,0,0,5,0,0,0,0,0,0,0,0,0,1,0,17,0,67,1,13,4
"711",2021-12-14,175,170,62,108,1,62,35,27,7,3,4,47,15,31,16,1,30,5,13,0,10,0,0,0,9,1,0,0,0,0,0,0,0,0,2,0,13,0,38,3,9,4
"712",2021-12-15,172,164,63,101,1,63,45,18,1,1,0,56,7,15,8,1,24,1,18,0,15,0,0,0,6,0,0,0,0,0,0,0,0,0,2,0,10,0,42,0,9,1
"713",2021-12-16,133,132,65,67,1,65,32,33,4,0,4,53,12,25,13,0,30,2,20,0,12,0,0,0,3,1,0,0,0,0,0,0,0,0,2,0,10,0,33,1,20,3
"714",2021-12-17,119,118,53,65,1,53,30,23,9,5,4,39,14,33,14,0,25,3,12,0,8,1,0,0,8,5,0,0,0,0,0,0,0,0,3,0,4,0,32,1,14,8
"715",2021-12-18,87,77,36,41,1,45,21,24,4,2,2,39,6,17,8,0,14,2,30,0,0,0,0,0,1,1,0,0,0,0,0,0,0,0,8,0,10,0,19,2,8,2
"716",2021-12-19,67,62,18,44,2,21,15,6,0,0,0,16,5,14,5,0,7,0,12,0,2,0,0,0,0,0,0,0,0,0,0,0,0,0,2,0,3,0,13,0,3,0
"717",2021-12-20,154,151,61,90,3,61,27,34,5,0,5,47,14,35,15,0,39,4,9,0,6,0,0,0,7,1,0,0,0,0,0,0,0,0,0,0,15,0,36,3,10,2
"718",2021-12-21,138,137,61,76,1,61,31,30,7,1,6,51,10,26,13,1,42,5,13,0,4,0,0,0,1,1,1,0,0,0,0,0,0,0,1,0,16,0,33,4,11,3
"719",2021-12-22,123,123,39,84,0,39,21,18,3,2,1,32,7,14,8,0,17,2,18,0,4,0,0,0,0,0,0,0,0,0,0,0,0,0,3,0,4,0,28,2,4,1
"720",2021-12-23,152,152,67,85,0,67,34,33,3,0,3,57,10,19,12,2,25,1,24,0,17,0,0,0,1,0,0,0,0,0,0,0,0,0,0,0,20,0,41,2,6,1
"721",2021-12-24,114,113,58,55,0,59,36,23,8,3,5,47,12,27,14,0,29,8,21,0,8,0,0,0,1,0,0,0,0,0,0,0,0,0,4,0,12,0,29,1,14,7
"722",2021-12-25,57,49,20,29,0,27,8,19,2,0,2,19,8,25,10,0,6,2,14,0,5,0,0,0,0,0,2,0,0,0,0,0,0,0,3,0,3,0,13,0,8,2
"723",2021-12-26,95,90,36,54,2,39,25,14,3,2,1,29,10,23,10,0,10,3,22,0,7,0,0,0,0,0,0,0,0,0,0,0,0,0,1,0,6,0,24,0,8,3
"724",2021-12-27,187,184,68,116,3,68,42,26,5,3,2,63,5,28,10,0,23,3,35,0,8,0,0,0,2,1,0,0,0,0,0,0,0,0,3,0,15,0,42,1,8,4
"725",2021-12-28,200,196,80,116,2,80,53,27,6,3,3,65,15,34,18,0,40,4,18,0,14,0,0,0,7,2,1,0,0,0,0,0,0,0,3,0,17,0,52,4,8,2
"726",2021-12-29,207,205,88,117,0,90,51,39,1,1,0,84,6,18,7,0,40,1,20,0,22,0,0,0,8,0,0,0,0,0,0,0,0,0,0,0,26,0,57,0,7,1
"727",2021-12-30,226,222,110,112,1,113,65,48,4,2,2,107,6,16,6,0,50,2,40,0,18,1,0,0,5,1,0,0,0,0,0,0,0,0,1,0,19,0,88,2,5,2
"728",2021-12-31,191,188,106,82,1,108,73,35,4,1,3,102,6,17,8,0,36,3,44,0,24,0,0,0,4,0,0,0,0,0,0,0,0,0,1,0,29,0,67,0,11,4
"729",2022-01-01,51,47,21,26,1,24,9,15,3,1,2,17,7,19,7,0,8,3,11,0,5,0,0,0,0,0,0,0,0,0,0,0,0,0,3,0,4,0,13,1,4,2
"730",2022-01-02,177,171,88,83,1,93,47,46,1,1,0,85,8,17,10,0,30,1,54,0,8,0,0,0,0,0,0,0,1,0,0,0,0,0,7,0,28,0,43,0,15,1
"731",2022-01-03,354,353,197,156,1,197,133,64,5,5,0,183,14,26,15,0,84,4,69,0,35,0,0,0,9,1,0,0,0,0,0,0,0,0,3,0,64,0,113,1,17,4
"732",2022-01-04,526,518,300,218,3,304,182,122,3,1,2,294,10,26,14,1,141,2,91,0,54,0,0,0,18,1,0,0,0,0,0,0,0,0,6,0,87,0,193,2,18,1
"733",2022-01-05,635,629,358,271,1,361,227,134,2,1,1,352,9,21,9,1,163,2,141,0,42,0,0,0,14,0,1,0,0,0,0,0,0,0,6,0,123,0,217,1,15,1
"734",2022-01-06,695,685,415,270,4,417,243,174,1,0,1,410,7,17,9,0,206,0,120,0,74,1,0,0,16,0,1,0,0,0,0,0,0,0,5,0,132,0,256,0,24,1
"735",2022-01-07,716,708,428,280,4,431,259,172,2,0,2,420,11,32,13,1,205,1,122,0,72,0,0,0,30,0,2,0,0,0,0,0,0,0,7,0,144,0,261,2,19,0
"736",2022-01-08,393,388,210,178,2,213,124,89,1,0,1,206,7,23,8,0,72,0,107,0,33,1,0,0,0,0,1,0,0,0,0,0,0,0,11,0,51,0,134,1,17,0
"737",2022-01-09,362,357,226,131,0,231,132,99,1,1,0,221,10,21,11,0,79,1,137,0,15,0,0,0,0,0,0,0,0,0,0,0,0,0,5,0,68,0,142,1,16,0
"738",2022-01-10,931,924,576,348,5,578,338,240,3,2,1,571,7,23,8,2,322,1,197,0,40,0,0,0,19,2,0,0,0,0,0,0,0,0,10,0,161,0,378,2,29,1
"739",2022-01-11,904,899,619,280,3,621,358,263,6,2,4,605,16,33,17,1,371,3,172,0,52,0,0,0,26,1,0,0,0,0,0,0,0,0,15,0,160,0,405,3,41,3
"740",2022-01-12,831,823,535,288,3,539,334,205,4,2,2,522,17,34,18,1,311,2,138,0,65,0,0,0,25,2,0,0,0,0,0,0,0,0,11,0,135,0,361,1,32,3
"741",2022-01-13,751,740,528,212,2,535,299,236,1,0,1,526,9,25,10,0,302,1,165,0,38,0,0,0,30,0,0,0,0,0,0,0,0,0,16,0,166,0,317,1,36,0
"742",2022-01-14,635,630,455,175,1,458,267,191,3,0,3,449,9,23,10,0,276,2,116,0,47,0,0,0,19,1,0,0,0,0,0,0,0,0,6,0,140,0,288,3,24,0
"743",2022-01-15,397,381,269,112,3,282,180,102,6,4,2,272,10,23,12,0,127,4,136,0,19,2,0,0,0,0,0,0,0,0,0,0,0,0,5,0,82,0,172,1,23,5
"744",2022-01-16,355,333,250,83,0,272,175,97,4,1,3,264,8,19,8,0,139,4,115,0,18,0,0,0,0,0,0,0,0,0,0,0,0,0,5,0,78,0,172,1,17,3
"745",2022-01-17,608,600,470,130,0,477,281,196,3,0,3,464,13,33,14,0,300,1,103,0,55,1,0,0,19,1,0,0,0,0,0,0,0,0,10,0,110,0,320,0,37,3
"746",2022-01-18,602,592,483,109,0,493,311,182,8,3,5,474,19,40,21,1,299,6,104,0,68,0,0,0,21,1,1,0,0,0,0,0,0,0,17,0,109,0,336,2,31,6
"747",2022-01-19,536,520,407,113,3,419,254,165,7,4,3,401,18,45,18,0,201,4,131,0,66,1,0,0,21,0,0,0,0,0,0,0,0,0,10,0,97,0,276,2,36,5
"748",2022-01-20,608,522,399,123,4,479,282,197,4,1,3,465,14,31,17,0,207,3,202,0,53,0,0,0,17,0,0,0,0,0,0,0,0,0,17,0,130,0,294,0,38,4
"749",2022-01-21,633,556,448,108,5,519,325,194,9,6,3,498,21,49,23,0,242,5,204,0,56,1,0,0,17,1,0,0,0,0,0,0,0,0,7,0,142,0,317,2,53,7
"750",2022-01-22,269,240,197,43,1,225,132,93,1,0,1,218,7,19,8,1,120,1,79,0,26,0,0,0,0,0,0,0,0,0,0,0,0,0,6,0,60,0,138,0,21,1
"751",2022-01-23,212,196,155,41,0,169,109,60,7,2,5,157,12,29,14,0,101,7,52,0,16,0,0,0,0,0,0,0,0,0,0,0,0,0,16,0,45,0,85,1,23,6
"752",2022-01-24,719,667,546,121,6,591,325,266,4,2,2,572,19,38,20,1,281,4,181,0,99,0,0,0,29,0,0,0,0,0,0,0,1,0,16,0,111,0,415,0,49,4
"753",2022-01-25,576,511,402,109,6,461,276,185,12,5,7,436,25,47,29,1,255,8,143,0,54,3,0,0,9,1,0,0,0,0,0,0,0,0,19,0,103,1,299,2,40,9
"754",2022-01-26,568,514,396,118,2,448,267,181,9,4,5,428,20,41,23,1,221,6,138,0,75,2,0,0,14,0,0,0,0,0,0,0,0,0,14,0,109,0,277,0,48,9
"755",2022-01-27,451,404,314,90,1,359,216,143,7,1,6,340,19,36,20,0,172,4,111,0,60,0,0,0,16,1,0,0,0,0,0,0,0,0,20,0,81,0,221,3,37,4
"756",2022-01-28,471,435,358,77,1,392,251,141,7,2,5,372,20,37,21,0,214,4,114,0,49,0,0,0,15,1,0,0,0,0,0,0,0,0,27,0,99,0,223,2,43,5
"757",2022-01-29,253,226,187,39,0,214,128,86,6,1,5,200,14,32,16,0,133,4,64,0,17,2,0,0,0,0,0,0,0,0,0,0,0,0,9,0,53,0,115,1,37,5
"758",2022-01-30,193,179,136,43,2,148,83,65,4,1,3,139,9,26,11,1,102,3,40,0,6,0,0,0,0,0,0,0,0,0,0,0,0,0,5,0,31,0,96,1,16,3
"759",2022-01-31,481,436,330,106,2,373,214,159,8,4,4,355,18,42,23,0,186,4,112,0,60,2,0,0,15,1,0,0,0,0,0,0,0,0,8,0,93,0,223,2,49,6
"760",2022-02-01,452,420,348,72,4,374,228,146,7,3,4,353,21,45,23,0,193,7,111,0,56,0,0,0,13,0,0,0,1,0,0,0,0,0,21,0,75,0,232,1,46,6
"761",2022-02-02,415,379,304,75,7,333,207,126,6,3,3,313,20,40,24,1,153,5,84,0,84,0,0,0,12,0,0,0,0,0,0,0,0,0,20,0,78,0,192,0,43,6
"762",2022-02-03,314,298,234,64,3,247,157,90,9,5,4,234,13,29,15,0,112,8,61,0,62,0,0,0,12,0,0,0,0,0,0,0,0,0,15,0,62,0,138,1,32,8
"763",2022-02-04,257,233,183,50,2,204,125,79,4,1,3,192,12,24,13,0,76,2,70,0,45,0,0,0,13,2,0,0,0,0,0,0,0,0,13,0,58,0,103,0,30,4
"764",2022-02-05,132,122,86,36,2,94,57,37,3,2,1,85,9,22,9,0,40,2,34,0,19,0,0,0,1,1,0,0,0,0,0,0,0,0,13,0,26,0,41,0,14,3
"765",2022-02-06,86,66,51,15,5,66,38,28,3,1,2,59,7,16,9,0,15,3,32,0,19,0,0,0,0,0,0,0,0,0,0,0,0,0,7,0,11,0,39,1,9,2
"766",2022-02-07,120,92,68,24,2,94,60,34,4,0,4,86,8,18,9,0,31,2,42,0,20,0,0,0,1,1,0,0,0,0,0,0,0,0,8,0,17,0,56,1,13,3
"767",2022-02-08,296,269,196,73,8,215,131,84,5,1,4,193,22,50,22,0,68,3,50,0,80,0,0,0,17,1,0,0,0,0,0,0,0,0,17,0,26,0,140,0,32,5
"768",2022-02-09,221,185,143,42,9,170,105,65,2,2,0,157,13,25,14,0,65,1,47,0,42,1,0,0,16,0,0,0,0,0,0,0,0,0,18,0,25,0,102,0,25,2
"769",2022-02-10,208,173,120,53,5,150,95,55,2,2,0,144,6,17,6,0,53,2,54,0,34,0,0,0,9,0,0,0,0,0,0,0,0,0,13,0,44,0,78,1,15,1
"770",2022-02-11,165,149,104,45,5,115,69,46,6,2,4,102,13,26,15,0,50,4,38,0,18,0,0,0,9,2,0,0,0,0,0,0,0,0,8,0,20,0,64,0,23,6
"771",2022-02-12,83,77,46,31,2,50,37,13,2,2,0,44,6,15,6,0,12,2,30,0,8,0,0,0,0,0,0,0,0,0,0,0,0,0,6,0,10,0,24,0,10,2
"772",2022-02-13,63,59,37,22,1,40,24,16,4,2,2,34,6,15,6,0,19,4,13,0,8,0,0,0,0,0,0,0,0,0,0,0,0,0,4,0,4,0,24,1,8,3
"773",2022-02-14,224,206,142,64,6,153,80,73,8,3,5,134,19,43,21,0,73,6,29,0,39,1,0,0,12,1,0,0,0,0,0,0,0,0,13,0,31,0,78,2,31,6
"774",2022-02-15,178,158,104,54,3,121,67,54,1,1,0,111,10,23,11,0,42,1,29,0,39,0,0,0,8,0,3,0,0,0,0,0,0,0,12,0,17,0,70,0,22,1
"775",2022-02-16,148,125,81,44,5,99,65,34,1,1,0,90,9,16,10,0,32,1,41,0,20,0,0,0,6,0,0,0,0,0,0,0,0,0,9,0,25,0,53,0,12,1
"776",2022-02-17,123,110,65,45,3,75,52,23,1,1,0,72,3,6,3,0,15,1,27,0,27,0,0,0,6,0,0,0,0,0,0,0,0,0,4,0,16,0,51,1,4,0
"777",2022-02-18,128,112,63,49,3,76,48,28,4,2,2,71,5,11,6,0,15,4,33,0,22,0,0,0,5,0,1,0,0,0,0,0,0,0,3,0,19,0,42,0,12,4
"778",2022-02-19,59,45,23,22,8,29,18,11,0,0,0,28,1,4,1,0,10,0,15,0,4,0,0,0,0,0,0,0,0,0,0,0,0,0,1,0,11,0,15,0,2,0
"779",2022-02-20,44,36,22,14,2,28,22,6,0,0,0,26,2,5,2,0,8,0,9,0,11,0,0,0,0,0,0,0,0,0,0,0,0,0,3,0,4,0,13,0,8,0
"780",2022-02-21,134,115,64,51,2,81,52,29,3,1,2,76,5,11,6,1,18,2,15,0,36,0,0,0,12,1,0,0,0,0,0,0,0,0,11,0,16,0,46,1,8,2
"781",2022-02-22,90,81,39,42,0,48,27,21,2,0,2,43,5,12,6,0,10,1,19,0,15,1,0,0,4,0,0,0,0,0,0,0,0,0,2,0,8,0,22,0,16,2
"782",2022-02-23,83,74,37,37,3,43,22,21,0,0,0,41,2,5,2,0,9,0,10,0,16,0,0,0,8,0,0,0,0,0,0,0,0,0,4,0,6,0,28,0,5,0
"783",2022-02-24,70,64,30,34,1,35,18,17,0,0,0,33,2,6,4,0,10,0,11,0,10,0,0,0,4,0,0,0,0,0,0,0,0,0,3,0,10,0,12,0,10,0
"784",2022-02-25,79,71,38,33,2,44,24,20,2,0,2,36,8,17,9,0,14,2,14,0,12,0,0,0,2,0,2,0,0,0,0,0,0,0,5,0,9,0,23,0,7,2
"785",2022-02-26,24,21,14,7,1,16,9,7,2,1,1,13,3,7,4,0,4,1,8,0,4,1,0,0,0,0,0,0,0,0,0,0,0,0,0,0,2,0,11,0,3,2
"786",2022-02-27,35,33,16,17,1,17,10,7,0,0,0,14,3,9,3,0,6,0,4,0,7,0,0,0,0,0,0,0,0,0,0,0,0,0,3,0,3,0,8,0,3,0
"787",2022-02-28,94,85,33,52,3,39,20,19,0,0,0,37,2,6,2,0,8,0,15,0,11,0,0,0,5,0,0,0,0,0,0,0,0,0,4,0,10,0,20,0,5,0
"788",2022-03-01,95,79,34,45,5,45,26,19,2,1,1,42,3,6,3,0,10,2,20,0,12,0,0,0,3,0,0,0,0,0,0,0,0,0,1,0,9,0,23,0,12,2
"789",2022-03-02,79,74,26,48,3,28,20,8,1,0,1,24,4,8,4,0,10,1,10,0,6,0,0,0,2,0,0,0,0,0,0,0,0,0,3,0,3,0,15,0,7,1
"790",2022-03-03,59,57,22,35,1,23,16,7,0,0,0,21,2,4,2,0,4,0,8,0,7,0,0,0,4,0,0,0,0,0,0,0,0,0,1,0,3,0,17,0,2,0
"791",2022-03-04,61,54,24,30,5,26,14,12,0,0,0,23,3,6,3,0,5,0,13,0,7,0,0,0,1,0,0,0,0,0,0,0,0,0,4,0,12,0,7,0,3,0
"792",2022-03-05,26,24,11,13,1,12,4,8,1,0,1,10,2,6,2,0,4,1,6,0,2,0,0,0,0,0,0,0,0,0,0,0,0,0,1,0,7,0,2,0,2,1
"793",2022-03-06,9,5,1,4,4,1,0,1,0,0,0,1,0,1,0,0,0,0,0,0,1,0,0,0,0,0,0,0,0,0,0,0,0,0,0,0,0,0,1,0,0,0
"794",2022-03-07,84,69,14,55,7,22,13,9,0,0,0,21,1,5,2,0,3,0,11,0,4,0,0,0,3,0,1,0,0,0,0,0,0,0,2,0,3,0,13,0,4,0
"795",2022-03-08,43,35,13,22,7,14,9,5,0,0,0,14,0,0,0,0,5,0,5,0,3,0,0,0,1,0,0,0,0,0,0,0,0,0,0,0,2,0,10,0,2,0
