"","fecha_def","Analizados","Resultados_lab","Confirmados_lab","Descartados_lab","Sospechosos","Casos","C_M","C_H","Decesos","D_M","D_H","Ambulatorios","Hospitalizados","Graves","Criticos","UCI","C_IMSS","D_IMSS","C_SSA","D_SSA","C_Estatal","D_Estatal","C_Municipal","D_Municipal","C_ISSSTE","D_ISSSTE","C_Privada","D_Privada","C_SEDENA","D_SEDENA","C_SEMAR","D_SEMAR","C_PEMEX","D_PEMEX","C_0_14","D_0_14","C_15_29","D_15_29","C_30_59","D_30_59","C_60_mas","D_60_mas"
"1",2020-01-12,1,1,0,1,0,0,0,0,0,0,0,0,0,0,0,0,0,0,0,0,0,0,0,0,0,0,0,0,0,0,0,0,0,0,0,0,0,0,0,0,0,0
"2",2020-01-19,1,0,0,0,1,0,0,0,0,0,0,0,0,1,0,0,0,0,0,0,0,0,0,0,0,0,0,0,0,0,0,0,0,0,0,0,0,0,0,0,0,0
"3",2020-01-28,1,1,0,1,0,0,0,0,0,0,0,0,0,0,0,0,0,0,0,0,0,0,0,0,0,0,0,0,0,0,0,0,0,0,0,0,0,0,0,0,0,0
"4",2020-02-07,1,0,0,0,0,0,0,0,0,0,0,0,0,0,0,0,0,0,0,0,0,0,0,0,0,0,0,0,0,0,0,0,0,0,0,0,0,0,0,0,0,0
"5",2020-02-16,1,1,0,1,0,0,0,0,0,0,0,0,0,0,0,0,0,0,0,0,0,0,0,0,0,0,0,0,0,0,0,0,0,0,0,0,0,0,0,0,0,0
"6",2020-02-19,1,1,0,1,0,0,0,0,0,0,0,0,0,0,0,0,0,0,0,0,0,0,0,0,0,0,0,0,0,0,0,0,0,0,0,0,0,0,0,0,0,0
"7",2020-02-24,2,2,0,2,0,0,0,0,0,0,0,0,0,0,0,0,0,0,0,0,0,0,0,0,0,0,0,0,0,0,0,0,0,0,0,0,0,0,0,0,0,0
"8",2020-02-28,1,1,0,1,0,0,0,0,0,0,0,0,0,0,0,0,0,0,0,0,0,0,0,0,0,0,0,0,0,0,0,0,0,0,0,0,0,0,0,0,0,0
"9",2020-02-29,1,1,0,1,0,0,0,0,0,0,0,0,0,0,0,0,0,0,0,0,0,0,0,0,0,0,0,0,0,0,0,0,0,0,0,0,0,0,0,0,0,0
"10",2020-03-02,1,1,0,1,0,0,0,0,0,0,0,0,0,0,0,0,0,0,0,0,0,0,0,0,0,0,0,0,0,0,0,0,0,0,0,0,0,0,0,0,0,0
"11",2020-03-11,2,2,0,2,0,0,0,0,0,0,0,0,0,0,0,0,0,0,0,0,0,0,0,0,0,0,0,0,0,0,0,0,0,0,0,0,0,0,0,0,0,0
"12",2020-03-12,1,1,0,1,0,0,0,0,0,0,0,0,0,0,0,0,0,0,0,0,0,0,0,0,0,0,0,0,0,0,0,0,0,0,0,0,0,0,0,0,0,0
"13",2020-03-18,1,1,0,1,0,0,0,0,0,0,0,0,0,0,0,0,0,0,0,0,0,0,0,0,0,0,0,0,0,0,0,0,0,0,0,0,0,0,0,0,0,0
"14",2020-03-21,1,1,0,1,0,0,0,0,0,0,0,0,0,1,0,0,0,0,0,0,0,0,0,0,0,0,0,0,0,0,0,0,0,0,0,0,0,0,0,0,0,0
"15",2020-03-25,1,1,0,1,0,0,0,0,0,0,0,0,0,1,0,0,0,0,0,0,0,0,0,0,0,0,0,0,0,0,0,0,0,0,0,0,0,0,0,0,0,0
"16",2020-03-30,1,1,0,1,0,0,0,0,0,0,0,0,0,1,1,0,0,0,0,0,0,0,0,0,0,0,0,0,0,0,0,0,0,0,0,0,0,0,0,0,0,0
"17",2020-04-01,1,1,0,1,0,0,0,0,0,0,0,0,0,1,1,0,0,0,0,0,0,0,0,0,0,0,0,0,0,0,0,0,0,0,0,0,0,0,0,0,0,0
"18",2020-04-08,1,1,0,1,0,0,0,0,0,0,0,0,0,1,0,0,0,0,0,0,0,0,0,0,0,0,0,0,0,0,0,0,0,0,0,0,0,0,0,0,0,0
"19",2020-04-09,1,1,1,0,0,1,0,1,1,0,1,0,1,2,1,0,0,0,0,0,1,1,0,0,0,0,0,0,0,0,0,0,0,0,0,0,0,0,0,0,1,1
"20",2020-04-10,1,1,0,1,0,0,0,0,0,0,0,0,0,1,0,0,0,0,0,0,0,0,0,0,0,0,0,0,0,0,0,0,0,0,0,0,0,0,0,0,0,0
"21",2020-04-11,1,1,0,1,0,0,0,0,0,0,0,0,0,1,0,0,0,0,0,0,0,0,0,0,0,0,0,0,0,0,0,0,0,0,0,0,0,0,0,0,0,0
"22",2020-04-14,1,1,0,1,0,0,0,0,0,0,0,0,0,1,1,0,0,0,0,0,0,0,0,0,0,0,0,0,0,0,0,0,0,0,0,0,0,0,0,0,0,0
"23",2020-04-17,1,1,1,0,0,1,1,0,1,1,0,0,1,2,2,1,1,1,0,0,0,0,0,0,0,0,0,0,0,0,0,0,0,0,0,0,0,0,0,0,1,1
"24",2020-04-19,1,1,0,1,0,0,0,0,0,0,0,0,0,1,1,0,0,0,0,0,0,0,0,0,0,0,0,0,0,0,0,0,0,0,0,0,0,0,0,0,0,0
"25",2020-04-22,1,1,0,1,0,0,0,0,0,0,0,0,0,1,0,0,0,0,0,0,0,0,0,0,0,0,0,0,0,0,0,0,0,0,0,0,0,0,0,0,0,0
"26",2020-04-23,1,1,0,1,0,0,0,0,0,0,0,0,0,1,0,0,0,0,0,0,0,0,0,0,0,0,0,0,0,0,0,0,0,0,0,0,0,0,0,0,0,0
"27",2020-04-24,1,1,0,1,0,0,0,0,0,0,0,0,0,1,0,0,0,0,0,0,0,0,0,0,0,0,0,0,0,0,0,0,0,0,0,0,0,0,0,0,0,0
"28",2020-04-25,2,2,1,1,0,1,0,1,1,0,1,0,1,2,1,0,0,0,0,0,1,1,0,0,0,0,0,0,0,0,0,0,0,0,0,0,0,0,1,1,0,0
"29",2020-04-27,1,1,1,0,0,1,1,0,1,1,0,0,1,2,1,0,1,1,0,0,0,0,0,0,0,0,0,0,0,0,0,0,0,0,0,0,0,0,0,0,1,1
"30",2020-04-28,3,3,1,2,0,1,0,1,1,0,1,0,1,3,1,0,1,1,0,0,0,0,0,0,0,0,0,0,0,0,0,0,0,0,0,0,0,0,0,0,1,1
"31",2020-05-02,1,1,0,1,0,0,0,0,0,0,0,0,0,1,0,0,0,0,0,0,0,0,0,0,0,0,0,0,0,0,0,0,0,0,0,0,0,0,0,0,0,0
"32",2020-05-04,2,2,1,1,0,1,1,0,1,1,0,0,1,3,3,1,1,1,0,0,0,0,0,0,0,0,0,0,0,0,0,0,0,0,0,0,0,0,0,0,1,1
"33",2020-05-07,1,1,1,0,0,1,1,0,1,1,0,0,1,2,2,1,1,1,0,0,0,0,0,0,0,0,0,0,0,0,0,0,0,0,0,0,0,0,1,1,0,0
"34",2020-05-08,1,1,0,1,0,0,0,0,0,0,0,0,0,1,0,0,0,0,0,0,0,0,0,0,0,0,0,0,0,0,0,0,0,0,0,0,0,0,0,0,0,0
"35",2020-05-10,1,1,0,1,0,0,0,0,0,0,0,0,0,1,1,0,0,0,0,0,0,0,0,0,0,0,0,0,0,0,0,0,0,0,0,0,0,0,0,0,0,0
"36",2020-05-11,1,1,1,0,0,1,0,1,1,0,1,0,1,2,2,1,0,0,1,0,0,0,0,0,0,0,0,0,0,0,0,0,0,0,0,0,0,0,1,1,0,0
"37",2020-05-12,1,1,0,1,0,0,0,0,0,0,0,0,0,1,0,0,0,0,0,0,0,0,0,0,0,0,0,0,0,0,0,0,0,0,0,0,0,0,0,0,0,0
"38",2020-05-13,2,2,1,1,0,1,0,1,1,0,1,0,1,3,2,1,0,0,1,0,0,0,0,0,0,0,0,0,0,0,0,0,0,0,0,0,0,0,0,0,1,1
"39",2020-05-14,1,1,1,0,0,1,0,1,1,0,1,0,1,2,2,0,1,1,0,0,0,0,0,0,0,0,0,0,0,0,0,0,0,0,0,0,0,0,0,0,1,1
"40",2020-05-16,1,1,1,0,0,1,0,1,1,0,1,0,1,2,1,0,0,0,1,0,0,0,0,0,0,0,0,0,0,0,0,0,0,0,0,0,0,0,0,0,1,1
"41",2020-05-17,1,1,0,1,0,0,0,0,0,0,0,0,0,1,0,0,0,0,0,0,0,0,0,0,0,0,0,0,0,0,0,0,0,0,0,0,0,0,0,0,0,0
"42",2020-05-18,1,1,0,1,0,0,0,0,0,0,0,0,0,1,0,0,0,0,0,0,0,0,0,0,0,0,0,0,0,0,0,0,0,0,0,0,0,0,0,0,0,0
"43",2020-05-19,3,3,1,2,0,1,0,1,1,0,1,0,1,4,2,0,0,0,1,0,0,0,0,0,0,0,0,0,0,0,0,0,0,0,0,0,0,0,1,1,0,0
"44",2020-05-20,3,3,1,2,0,1,1,0,1,1,0,0,1,2,2,0,1,1,0,0,0,0,0,0,0,0,0,0,0,0,0,0,0,0,0,0,0,0,0,0,1,1
"45",2020-05-22,2,2,1,1,0,1,1,0,1,1,0,0,1,3,2,1,0,0,0,0,0,0,0,0,1,1,0,0,0,0,0,0,0,0,0,0,0,0,0,0,1,1
"46",2020-05-23,6,6,4,2,0,4,1,3,4,1,3,0,4,8,8,2,0,0,1,0,1,1,0,0,2,2,0,0,0,0,0,0,0,0,0,0,0,0,0,0,4,4
"47",2020-05-24,5,4,4,0,0,5,0,5,5,0,5,0,5,10,7,0,4,4,0,0,1,1,0,0,0,0,0,0,0,0,0,0,0,0,0,0,0,0,2,2,3,3
"48",2020-05-25,5,4,4,0,0,5,2,3,5,2,3,0,5,9,6,1,2,2,3,0,0,0,0,0,0,0,0,0,0,0,0,0,0,0,0,0,0,0,4,4,1,1
"49",2020-05-26,6,5,5,0,0,6,3,3,6,3,3,0,6,11,7,1,1,1,3,0,2,2,0,0,0,0,0,0,0,0,0,0,0,0,0,0,0,0,4,4,2,2
"50",2020-05-27,3,2,2,0,1,2,0,2,2,0,2,0,2,4,2,0,1,1,1,0,0,0,0,0,0,0,0,0,0,0,0,0,0,0,0,0,0,0,0,0,2,2
"51",2020-05-28,3,3,3,0,0,3,2,1,3,2,1,0,3,6,5,1,0,0,1,0,2,2,0,0,0,0,0,0,0,0,0,0,0,0,0,0,0,0,0,0,3,3
"52",2020-05-29,5,4,3,1,0,4,0,4,4,0,4,0,4,8,6,1,1,1,2,0,1,1,0,0,0,0,0,0,0,0,0,0,0,0,0,0,0,0,2,2,2,2
"53",2020-05-30,3,3,3,0,0,3,1,2,3,1,2,0,3,6,5,0,1,1,2,0,0,0,0,0,0,0,0,0,0,0,0,0,0,0,0,0,0,0,1,1,2,2
"54",2020-05-31,4,4,3,1,0,3,1,2,3,1,2,0,3,5,5,1,2,2,1,0,0,0,0,0,0,0,0,0,0,0,0,0,0,0,0,0,0,0,1,1,2,2
"55",2020-06-01,8,7,7,0,0,8,4,4,8,4,4,0,8,14,10,2,5,5,1,0,1,1,0,0,1,1,0,0,0,0,0,0,0,0,0,0,0,0,6,6,2,2
"56",2020-06-02,6,6,5,1,0,5,1,4,5,1,4,0,5,8,8,2,3,3,2,0,0,0,0,0,0,0,0,0,0,0,0,0,0,0,0,0,0,0,4,4,1,1
"57",2020-06-03,8,6,5,1,1,6,2,4,6,2,4,0,6,12,8,0,5,5,1,0,0,0,0,0,0,0,0,0,0,0,0,0,0,0,0,0,0,0,3,3,3,3
"58",2020-06-04,7,6,6,0,0,7,4,3,7,4,3,0,7,13,8,0,5,5,2,0,0,0,0,0,0,0,0,0,0,0,0,0,0,0,0,0,0,0,1,1,6,6
"59",2020-06-05,11,11,11,0,0,11,5,6,11,5,6,0,11,22,14,1,3,3,3,0,2,2,0,0,3,3,0,0,0,0,0,0,0,0,0,0,0,0,2,2,9,9
"60",2020-06-06,5,4,3,1,1,3,0,3,3,0,3,0,3,5,4,1,1,1,2,0,0,0,0,0,0,0,0,0,0,0,0,0,0,0,0,0,0,0,2,2,1,1
"61",2020-06-07,6,6,6,0,0,6,4,2,6,4,2,0,6,12,8,2,2,2,3,0,1,1,0,0,0,0,0,0,0,0,0,0,0,0,0,0,0,0,2,2,4,4
"62",2020-06-08,5,5,3,2,0,3,0,3,3,0,3,0,3,7,5,1,1,1,1,0,1,1,0,0,0,0,0,0,0,0,0,0,0,0,0,0,0,0,1,1,2,2
"63",2020-06-09,10,9,9,0,0,10,3,7,10,3,7,0,10,19,17,4,5,5,4,0,1,1,0,0,0,0,0,0,0,0,0,0,0,0,0,0,0,0,7,7,3,3
"64",2020-06-10,12,9,6,3,0,8,4,4,8,4,4,0,8,18,9,1,6,6,2,0,0,0,0,0,0,0,0,0,0,0,0,0,0,0,0,0,0,0,2,2,6,6
"65",2020-06-11,12,10,10,0,0,12,6,6,12,6,6,0,12,22,17,3,6,6,2,0,3,3,0,0,1,1,0,0,0,0,0,0,0,0,0,0,0,0,1,1,11,11
"66",2020-06-12,16,15,11,4,0,12,4,8,12,4,8,0,12,24,14,1,9,9,2,0,0,0,0,0,1,1,0,0,0,0,0,0,0,0,0,0,0,0,4,4,8,8
"67",2020-06-13,12,10,10,0,1,11,3,8,11,3,8,0,11,22,14,2,5,5,5,0,1,1,0,0,0,0,0,0,0,0,0,0,0,0,0,0,0,0,4,4,7,7
"68",2020-06-14,13,13,11,2,0,11,4,7,11,4,7,0,11,22,19,3,8,8,1,0,2,2,0,0,0,0,0,0,0,0,0,0,0,0,0,0,0,0,4,4,7,7
"69",2020-06-15,19,15,14,1,1,17,4,13,17,4,13,0,17,28,22,2,10,10,5,0,2,2,0,0,0,0,0,0,0,0,0,0,0,0,0,0,1,1,7,7,9,9
"70",2020-06-16,16,15,13,2,0,14,5,9,14,5,9,0,14,27,21,2,8,8,5,0,1,1,0,0,0,0,0,0,0,0,0,0,0,0,0,0,0,0,8,8,6,6
"71",2020-06-17,12,8,7,1,0,11,2,9,11,2,9,0,11,20,14,1,7,7,2,0,2,2,0,0,0,0,0,0,0,0,0,0,0,0,0,0,0,0,3,3,8,8
"72",2020-06-18,18,14,14,0,1,17,8,9,17,8,9,0,17,34,20,2,10,10,3,0,4,4,0,0,0,0,0,0,0,0,0,0,0,0,0,0,1,1,2,2,14,14
"73",2020-06-19,13,9,8,1,1,11,4,7,11,4,7,0,11,20,14,0,8,8,2,0,1,1,0,0,0,0,0,0,0,0,0,0,0,0,0,0,0,0,4,4,7,7
"74",2020-06-20,26,18,16,2,1,23,8,15,23,8,15,0,23,41,31,5,13,13,6,0,3,3,0,0,1,1,0,0,0,0,0,0,0,0,0,0,1,1,9,9,13,13
"75",2020-06-21,11,9,8,1,0,10,5,5,10,5,5,0,10,16,15,2,7,7,3,0,0,0,0,0,0,0,0,0,0,0,0,0,0,0,0,0,0,0,4,4,6,6
"76",2020-06-22,20,16,13,3,2,15,5,10,15,5,10,0,15,30,20,4,10,10,2,0,3,3,0,0,0,0,0,0,0,0,0,0,0,0,0,0,0,0,6,6,9,9
"77",2020-06-23,33,24,20,4,3,25,10,15,25,10,15,0,25,49,35,3,16,16,5,0,3,3,0,0,1,1,0,0,0,0,0,0,0,0,0,0,1,1,8,8,16,16
"78",2020-06-24,25,20,17,3,0,22,7,15,22,7,15,0,22,41,31,6,15,15,3,0,3,3,0,0,1,1,0,0,0,0,0,0,0,0,0,0,2,2,5,5,15,15
"79",2020-06-25,22,14,13,1,1,20,11,9,20,11,9,0,20,36,26,2,15,15,2,0,3,3,0,0,0,0,0,0,0,0,0,0,0,0,0,0,0,0,8,8,12,12
"80",2020-06-26,18,16,15,1,0,17,6,11,17,6,11,0,17,28,20,0,11,11,1,0,3,3,0,0,2,2,0,0,0,0,0,0,0,0,0,0,0,0,10,10,7,7
"81",2020-06-27,21,16,14,2,1,18,10,8,18,10,8,0,18,32,24,1,12,12,5,0,1,1,0,0,0,0,0,0,0,0,0,0,0,0,0,0,1,1,6,6,11,11
"82",2020-06-28,28,23,19,4,0,24,10,14,24,10,14,0,24,42,28,1,18,18,5,0,1,1,0,0,0,0,0,0,0,0,0,0,0,0,0,0,0,0,10,10,14,14
"83",2020-06-29,19,16,10,6,1,12,7,5,12,7,5,0,12,27,15,1,6,6,3,0,3,3,0,0,0,0,0,0,0,0,0,0,0,0,0,0,1,1,4,4,7,7
"84",2020-06-30,15,11,10,1,1,13,6,7,13,6,7,0,13,26,17,2,9,9,2,0,1,1,0,0,1,1,0,0,0,0,0,0,0,0,0,0,0,0,7,7,6,6
"85",2020-07-01,24,21,20,1,1,22,16,6,22,16,6,0,22,42,36,0,13,13,2,0,7,7,0,0,0,0,0,0,0,0,0,0,0,0,0,0,0,0,7,7,15,15
"86",2020-07-02,17,14,13,1,0,16,4,12,16,4,12,0,16,29,18,0,14,14,1,0,1,1,0,0,0,0,0,0,0,0,0,0,0,0,0,0,2,2,6,6,8,8
"87",2020-07-03,20,15,14,1,1,18,7,11,18,7,11,0,18,34,26,1,15,15,3,0,0,0,0,0,0,0,0,0,0,0,0,0,0,0,0,0,0,0,7,7,11,11
"88",2020-07-04,19,15,13,2,2,15,7,8,15,7,8,0,15,29,17,1,9,9,3,0,2,2,0,0,1,1,0,0,0,0,0,0,0,0,0,0,0,0,5,5,10,10
"89",2020-07-05,18,15,13,2,0,16,5,11,16,5,11,0,16,31,19,0,10,10,3,0,3,3,0,0,0,0,0,0,0,0,0,0,0,0,0,0,0,0,7,7,9,9
"90",2020-07-06,21,17,17,0,1,20,7,13,20,7,13,0,20,36,25,0,12,12,5,0,3,3,0,0,0,0,0,0,0,0,0,0,0,0,0,0,0,0,11,11,9,9
"91",2020-07-07,26,18,17,1,2,23,8,15,23,8,15,0,23,41,28,2,16,16,2,0,5,5,0,0,0,0,0,0,0,0,0,0,0,0,0,0,1,1,10,10,12,12
"92",2020-07-08,30,28,25,3,0,27,11,16,27,11,16,0,27,51,32,0,21,21,3,0,3,3,0,0,0,0,0,0,0,0,0,0,0,0,0,0,0,0,10,10,17,17
"93",2020-07-09,30,27,20,7,1,22,11,11,22,11,11,0,22,44,28,1,14,14,2,0,6,6,0,0,0,0,0,0,0,0,0,0,0,0,0,0,0,0,6,6,16,16
"94",2020-07-10,29,25,23,2,2,25,13,12,25,13,12,0,25,46,31,2,14,14,4,0,3,3,0,0,4,4,0,0,0,0,0,0,0,0,0,0,1,1,10,10,14,14
"95",2020-07-11,22,18,17,1,0,21,7,14,21,7,14,0,21,32,28,4,14,14,5,0,2,2,0,0,0,0,0,0,0,0,0,0,0,0,0,0,0,0,9,9,12,12
"96",2020-07-12,24,22,20,2,0,22,7,15,22,7,15,0,22,39,25,1,15,15,2,0,2,2,0,0,3,3,0,0,0,0,0,0,0,0,0,0,0,0,6,6,16,16
"97",2020-07-13,26,21,21,0,3,23,6,17,23,6,17,0,23,42,26,3,13,13,8,0,2,2,0,0,0,0,0,0,0,0,0,0,0,0,0,0,1,1,5,5,17,17
"98",2020-07-14,19,19,18,1,0,18,2,16,18,2,16,0,18,34,24,4,10,10,6,0,2,2,0,0,0,0,0,0,0,0,0,0,0,0,0,0,0,0,5,5,13,13
"99",2020-07-15,20,18,18,0,0,20,9,11,20,9,11,0,20,36,23,0,12,12,4,0,3,3,0,0,1,1,0,0,0,0,0,0,0,0,0,0,0,0,10,10,10,10
"100",2020-07-16,26,21,20,1,2,23,9,14,23,9,14,0,23,42,26,1,18,18,2,0,3,3,0,0,0,0,0,0,0,0,0,0,0,0,0,0,0,0,7,7,16,16
"101",2020-07-17,10,9,9,0,1,9,3,6,9,3,6,0,9,16,14,0,3,3,3,0,3,3,0,0,0,0,0,0,0,0,0,0,0,0,0,0,0,0,1,1,8,8
"102",2020-07-18,17,12,9,3,0,14,7,7,14,7,7,0,14,26,18,0,10,10,1,0,3,3,0,0,0,0,0,0,0,0,0,0,0,0,0,0,0,0,4,4,10,10
"103",2020-07-19,14,14,14,0,0,14,7,7,14,7,7,0,14,23,16,1,11,11,3,0,0,0,0,0,0,0,0,0,0,0,0,0,0,0,0,0,0,0,4,4,10,10
"104",2020-07-20,26,21,19,2,3,21,11,10,21,11,10,0,21,43,26,1,10,10,6,0,5,5,0,0,0,0,0,0,0,0,0,0,0,0,0,0,0,0,5,5,16,16
"105",2020-07-21,26,22,20,2,1,23,11,12,23,11,12,0,23,39,26,1,15,15,3,0,3,3,0,0,2,2,0,0,0,0,0,0,0,0,0,0,0,0,7,7,16,16
"106",2020-07-22,18,15,12,3,2,13,8,5,13,8,5,0,13,29,18,1,8,8,1,0,3,3,0,0,1,1,0,0,0,0,0,0,0,0,0,0,0,0,5,5,8,8
"107",2020-07-23,25,20,19,1,0,24,10,14,24,10,14,0,24,40,29,0,17,17,5,0,2,2,0,0,0,0,0,0,0,0,0,0,0,0,0,0,0,0,7,7,17,17
"108",2020-07-24,17,11,8,3,1,13,4,9,13,4,9,0,13,26,22,1,9,9,1,0,3,3,0,0,0,0,0,0,0,0,0,0,0,0,0,0,0,0,6,6,7,7
"109",2020-07-25,11,10,8,2,0,9,4,5,9,4,5,0,9,19,10,0,5,5,0,0,1,1,0,0,3,3,0,0,0,0,0,0,0,0,0,0,0,0,2,2,7,7
"110",2020-07-26,15,13,11,2,0,13,4,9,13,4,9,0,13,24,20,2,9,9,2,0,2,2,0,0,0,0,0,0,0,0,0,0,0,0,0,0,1,1,5,5,7,7
"111",2020-07-27,16,14,14,0,1,15,5,10,15,5,10,0,15,29,16,0,9,9,2,0,4,4,0,0,0,0,0,0,0,0,0,0,0,0,0,0,0,0,6,6,9,9
"112",2020-07-28,18,16,13,3,0,15,6,9,15,6,9,0,15,28,20,0,10,10,2,0,2,2,0,0,1,1,0,0,0,0,0,0,0,0,0,0,1,1,6,6,8,8
"113",2020-07-29,10,10,10,0,0,10,4,6,10,4,6,0,10,19,12,2,7,7,2,0,1,1,0,0,0,0,0,0,0,0,0,0,0,0,0,0,0,0,4,4,6,6
"114",2020-07-30,13,10,9,1,1,11,2,9,11,2,9,0,11,18,13,0,8,8,0,0,3,3,0,0,0,0,0,0,0,0,0,0,0,0,0,0,0,0,4,4,7,7
"115",2020-07-31,10,9,7,2,0,8,2,6,8,2,6,0,8,17,10,2,3,3,3,0,2,2,0,0,0,0,0,0,0,0,0,0,0,0,0,0,0,0,2,2,6,6
"116",2020-08-01,8,8,8,0,0,8,1,7,8,1,7,0,8,15,9,0,3,3,1,0,4,4,0,0,0,0,0,0,0,0,0,0,0,0,0,0,0,0,0,0,8,8
"117",2020-08-02,7,5,4,1,0,6,3,3,6,3,3,0,6,12,9,2,4,4,1,0,0,0,0,0,1,1,0,0,0,0,0,0,0,0,0,0,0,0,0,0,6,6
"118",2020-08-03,11,9,5,4,0,7,2,5,7,2,5,0,7,16,10,2,4,4,2,0,1,1,0,0,0,0,0,0,0,0,0,0,0,0,0,0,0,0,3,3,4,4
"119",2020-08-04,9,9,9,0,0,9,5,4,9,5,4,0,9,18,12,2,5,5,1,0,3,3,0,0,0,0,0,0,0,0,0,0,0,0,0,0,0,0,4,4,5,5
"120",2020-08-05,11,10,8,2,1,8,4,4,8,4,4,0,8,18,9,0,4,4,2,0,1,1,0,0,1,1,0,0,0,0,0,0,0,0,0,0,0,0,2,2,6,6
"121",2020-08-06,8,6,5,1,0,7,2,5,7,2,5,0,7,13,10,1,5,5,1,0,1,1,0,0,0,0,0,0,0,0,0,0,0,0,0,0,0,0,4,4,3,3
"122",2020-08-07,4,3,3,0,0,4,3,1,4,3,1,0,4,8,6,1,3,3,0,0,1,1,0,0,0,0,0,0,0,0,0,0,0,0,0,0,0,0,0,0,4,4
"123",2020-08-08,10,9,8,1,0,9,1,8,9,1,8,0,9,19,13,3,5,5,1,0,2,2,0,0,1,1,0,0,0,0,0,0,0,0,0,0,0,0,6,6,3,3
"124",2020-08-09,6,5,4,1,1,4,2,2,4,2,2,0,4,9,4,0,2,2,1,0,1,1,0,0,0,0,0,0,0,0,0,0,0,0,0,0,0,0,3,3,1,1
"125",2020-08-10,2,1,1,0,0,2,1,1,2,1,1,0,2,4,2,0,1,1,1,0,0,0,0,0,0,0,0,0,0,0,0,0,0,0,0,0,0,0,1,1,1,1
"126",2020-08-11,14,12,11,1,0,13,7,6,13,7,6,0,13,24,17,1,7,7,4,0,0,0,0,0,1,1,1,1,0,0,0,0,0,0,0,0,1,1,7,7,5,5
"127",2020-08-12,9,9,7,2,0,7,5,2,7,5,2,0,7,16,8,0,4,4,3,0,0,0,0,0,0,0,0,0,0,0,0,0,0,0,0,0,0,0,3,3,4,4
"128",2020-08-13,10,8,6,2,1,7,4,3,7,4,3,0,7,15,11,3,4,4,3,0,0,0,0,0,0,0,0,0,0,0,0,0,0,0,0,0,0,0,1,1,6,6
"129",2020-08-14,10,9,7,2,0,8,2,6,8,2,6,0,8,17,11,0,6,6,2,0,0,0,0,0,0,0,0,0,0,0,0,0,0,0,0,0,0,0,2,2,6,6
"130",2020-08-15,5,4,4,0,0,5,4,1,5,4,1,0,5,9,6,0,3,3,1,0,0,0,0,0,1,1,0,0,0,0,0,0,0,0,0,0,0,0,1,1,4,4
"131",2020-08-16,10,9,7,2,1,7,4,3,7,4,3,0,7,14,10,2,4,4,2,0,0,0,0,0,1,1,0,0,0,0,0,0,0,0,0,0,0,0,2,2,5,5
"132",2020-08-17,7,6,6,0,0,7,4,3,7,4,3,0,7,12,9,0,5,5,0,0,2,2,0,0,0,0,0,0,0,0,0,0,0,0,0,0,0,0,2,2,5,5
"133",2020-08-18,6,6,3,3,0,3,1,2,3,1,2,0,3,8,5,1,2,2,1,0,0,0,0,0,0,0,0,0,0,0,0,0,0,0,1,1,0,0,0,0,2,2
"134",2020-08-19,12,12,8,4,0,8,4,4,8,4,4,0,8,17,13,1,4,4,1,0,3,3,0,0,0,0,0,0,0,0,0,0,0,0,0,0,1,1,3,3,4,4
"135",2020-08-20,6,4,3,1,1,4,3,1,4,3,1,0,4,7,5,0,3,3,0,0,1,1,0,0,0,0,0,0,0,0,0,0,0,0,0,0,0,0,0,0,4,4
"136",2020-08-21,5,3,3,0,1,4,1,3,4,1,3,0,4,8,6,2,1,1,3,0,0,0,0,0,0,0,0,0,0,0,0,0,0,0,0,0,0,0,3,3,1,1
"137",2020-08-22,4,2,1,1,0,3,1,2,3,1,2,0,3,7,4,1,2,2,1,0,0,0,0,0,0,0,0,0,0,0,0,0,0,0,0,0,1,1,2,2,0,0
"138",2020-08-23,2,2,2,0,0,2,1,1,2,1,1,0,2,4,4,1,1,1,0,0,0,0,0,0,1,1,0,0,0,0,0,0,0,0,0,0,0,0,2,2,0,0
"139",2020-08-24,6,6,4,2,0,4,4,0,4,4,0,0,4,8,4,0,4,4,0,0,0,0,0,0,0,0,0,0,0,0,0,0,0,0,0,0,0,0,1,1,3,3
"140",2020-08-25,8,7,3,4,0,4,2,2,4,2,2,0,4,10,6,0,3,3,0,0,1,1,0,0,0,0,0,0,0,0,0,0,0,0,0,0,0,0,0,0,4,4
"141",2020-08-26,10,8,3,5,2,3,1,2,3,1,2,0,3,12,4,0,2,2,0,0,1,1,0,0,0,0,0,0,0,0,0,0,0,0,0,0,0,0,0,0,3,3
"142",2020-08-27,3,3,2,1,0,2,1,1,2,1,1,0,2,5,2,0,2,2,0,0,0,0,0,0,0,0,0,0,0,0,0,0,0,0,0,0,0,0,1,1,1,1
"143",2020-08-28,8,6,4,2,0,6,3,3,6,3,3,0,6,13,7,0,3,3,2,0,1,1,0,0,0,0,0,0,0,0,0,0,0,0,0,0,0,0,1,1,5,5
"144",2020-08-29,1,1,1,0,0,1,0,1,1,0,1,0,1,1,1,0,0,0,1,0,0,0,0,0,0,0,0,0,0,0,0,0,0,0,0,0,0,0,1,1,0,0
"145",2020-08-30,5,4,3,1,1,3,0,3,3,0,3,0,3,7,3,0,0,0,2,0,1,1,0,0,0,0,0,0,0,0,0,0,0,0,0,0,0,0,1,1,2,2
"146",2020-08-31,5,5,4,1,0,4,2,2,4,2,2,0,4,9,5,1,2,2,1,0,0,0,0,0,1,1,0,0,0,0,0,0,0,0,0,0,0,0,1,1,3,3
"147",2020-09-01,2,1,1,0,0,2,0,2,2,0,2,1,1,3,1,0,0,0,2,0,0,0,0,0,0,0,0,0,0,0,0,0,0,0,0,0,0,0,0,0,2,2
"148",2020-09-02,5,5,3,2,0,3,2,1,3,2,1,0,3,7,3,0,2,2,1,0,0,0,0,0,0,0,0,0,0,0,0,0,0,0,0,0,0,0,2,2,1,1
"149",2020-09-03,4,4,4,0,0,4,0,4,4,0,4,0,4,8,5,0,2,2,2,0,0,0,0,0,0,0,0,0,0,0,0,0,0,0,0,0,0,0,1,1,3,3
"150",2020-09-04,6,6,5,1,0,5,4,1,5,4,1,0,5,11,5,0,3,3,2,0,0,0,0,0,0,0,0,0,0,0,0,0,0,0,0,0,1,1,2,2,2,2
"151",2020-09-05,1,1,1,0,0,1,1,0,1,1,0,0,1,1,1,0,1,1,0,0,0,0,0,0,0,0,0,0,0,0,0,0,0,0,0,0,0,0,1,1,0,0
"152",2020-09-06,3,3,2,1,0,2,2,0,2,2,0,0,2,4,2,0,2,2,0,0,0,0,0,0,0,0,0,0,0,0,0,0,0,0,0,0,0,0,0,0,2,2
"153",2020-09-07,4,4,3,1,0,3,2,1,3,2,1,0,3,5,3,0,2,2,1,0,0,0,0,0,0,0,0,0,0,0,0,0,0,0,0,0,0,0,0,0,3,3
"154",2020-09-08,1,1,1,0,0,1,0,1,1,0,1,0,1,2,1,0,1,1,0,0,0,0,0,0,0,0,0,0,0,0,0,0,0,0,0,0,0,0,0,0,1,1
"155",2020-09-09,3,3,2,1,0,2,1,1,2,1,1,0,2,4,4,0,1,1,1,0,0,0,0,0,0,0,0,0,0,0,0,0,0,0,0,0,0,0,0,0,2,2
"156",2020-09-10,2,1,0,1,0,1,0,1,1,0,1,0,1,3,1,0,0,0,1,0,0,0,0,0,0,0,0,0,0,0,0,0,0,0,0,0,0,0,0,0,1,1
"157",2020-09-11,3,3,2,1,0,2,1,1,2,1,1,0,2,4,2,0,0,0,1,0,1,1,0,0,0,0,0,0,0,0,0,0,0,0,0,0,0,0,1,1,1,1
"158",2020-09-12,4,3,1,2,1,1,1,0,1,1,0,0,1,4,2,0,0,0,1,0,0,0,0,0,0,0,0,0,0,0,0,0,0,0,0,0,0,0,1,1,0,0
"159",2020-09-13,5,5,4,1,0,4,3,1,4,3,1,0,4,8,5,0,4,4,0,0,0,0,0,0,0,0,0,0,0,0,0,0,0,0,0,0,0,0,1,1,3,3
"160",2020-09-14,3,0,0,0,2,1,0,1,1,0,1,0,1,3,1,0,1,1,0,0,0,0,0,0,0,0,0,0,0,0,0,0,0,0,0,0,0,0,0,0,1,1
"161",2020-09-15,1,1,0,1,0,0,0,0,0,0,0,0,0,0,0,0,0,0,0,0,0,0,0,0,0,0,0,0,0,0,0,0,0,0,0,0,0,0,0,0,0,0
"162",2020-09-16,5,3,0,3,0,2,2,0,2,2,0,0,2,7,3,0,1,1,1,0,0,0,0,0,0,0,0,0,0,0,0,0,0,0,0,0,0,0,0,0,2,2
"163",2020-09-17,3,2,0,2,0,1,0,1,1,0,1,0,1,4,2,0,0,0,1,0,0,0,0,0,0,0,0,0,0,0,0,0,0,0,0,0,0,0,0,0,1,1
"164",2020-09-18,5,4,2,2,0,3,0,3,3,0,3,0,3,8,4,0,3,3,0,0,0,0,0,0,0,0,0,0,0,0,0,0,0,0,0,0,0,0,2,2,1,1
"165",2020-09-19,8,8,4,4,0,4,0,4,4,0,4,0,4,11,5,0,3,3,1,0,0,0,0,0,0,0,0,0,0,0,0,0,0,0,0,0,0,0,3,3,1,1
"166",2020-09-20,4,4,4,0,0,4,2,2,4,2,2,0,4,5,5,0,3,3,0,0,1,1,0,0,0,0,0,0,0,0,0,0,0,0,0,0,0,0,1,1,3,3
"167",2020-09-21,1,0,0,0,1,0,0,0,0,0,0,0,0,1,0,0,0,0,0,0,0,0,0,0,0,0,0,0,0,0,0,0,0,0,0,0,0,0,0,0,0,0
"168",2020-09-22,3,2,1,1,0,2,0,2,2,0,2,0,2,5,3,0,2,2,0,0,0,0,0,0,0,0,0,0,0,0,0,0,0,0,0,0,0,0,1,1,1,1
"169",2020-09-23,3,3,3,0,0,3,0,3,3,0,3,0,3,4,5,0,2,2,0,0,1,1,0,0,0,0,0,0,0,0,0,0,0,0,0,0,0,0,1,1,2,2
"170",2020-09-24,2,2,2,0,0,2,0,2,2,0,2,0,2,3,2,0,2,2,0,0,0,0,0,0,0,0,0,0,0,0,0,0,0,0,0,0,0,0,1,1,1,1
"171",2020-09-25,1,1,1,0,0,1,1,0,1,1,0,0,1,2,1,0,0,0,0,0,1,1,0,0,0,0,0,0,0,0,0,0,0,0,0,0,0,0,0,0,1,1
"172",2020-09-26,5,5,2,3,0,2,2,0,2,2,0,0,2,5,3,1,2,2,0,0,0,0,0,0,0,0,0,0,0,0,0,0,0,0,0,0,0,0,0,0,2,2
"173",2020-09-27,3,3,3,0,0,3,0,3,3,0,3,0,3,4,3,0,3,3,0,0,0,0,0,0,0,0,0,0,0,0,0,0,0,0,0,0,0,0,1,1,2,2
"174",2020-09-28,1,1,1,0,0,1,1,0,1,1,0,0,1,2,1,0,0,0,0,0,1,1,0,0,0,0,0,0,0,0,0,0,0,0,0,0,0,0,0,0,1,1
"175",2020-09-29,4,4,3,1,0,3,1,2,3,1,2,0,3,5,3,0,2,2,0,0,1,1,0,0,0,0,0,0,0,0,0,0,0,0,0,0,0,0,0,0,3,3
"176",2020-09-30,2,1,0,1,0,1,1,0,1,1,0,0,1,3,1,0,1,1,0,0,0,0,0,0,0,0,0,0,0,0,0,0,0,0,0,0,0,0,0,0,1,1
"177",2020-10-01,2,1,0,1,1,0,0,0,0,0,0,0,0,2,0,0,0,0,0,0,0,0,0,0,0,0,0,0,0,0,0,0,0,0,0,0,0,0,0,0,0,0
"178",2020-10-03,2,2,1,1,0,1,1,0,1,1,0,0,1,3,1,0,1,1,0,0,0,0,0,0,0,0,0,0,0,0,0,0,0,0,0,0,0,0,0,0,1,1
"179",2020-10-04,6,4,2,2,1,3,1,2,3,1,2,0,3,8,4,0,3,3,0,0,0,0,0,0,0,0,0,0,0,0,0,0,0,0,0,0,0,0,0,0,3,3
"180",2020-10-05,3,2,0,2,0,1,0,1,1,0,1,0,1,4,2,1,0,0,1,0,0,0,0,0,0,0,0,0,0,0,0,0,0,0,0,0,0,0,1,1,0,0
"181",2020-10-06,3,2,0,2,0,1,1,0,1,1,0,0,1,3,1,0,1,1,0,0,0,0,0,0,0,0,0,0,0,0,0,0,0,0,0,0,0,0,1,1,0,0
"182",2020-10-07,4,4,2,2,0,2,2,0,2,2,0,0,2,4,2,0,2,2,0,0,0,0,0,0,0,0,0,0,0,0,0,0,0,0,0,0,0,0,0,0,2,2
"183",2020-10-08,2,2,0,2,0,0,0,0,0,0,0,0,0,1,0,0,0,0,0,0,0,0,0,0,0,0,0,0,0,0,0,0,0,0,0,0,0,0,0,0,0,0
"184",2020-10-09,1,1,1,0,0,1,1,0,1,1,0,0,1,2,1,0,1,1,0,0,0,0,0,0,0,0,0,0,0,0,0,0,0,0,0,0,0,0,0,0,1,1
"185",2020-10-10,4,4,3,1,0,3,0,3,3,0,3,0,3,6,3,0,1,1,0,0,2,2,0,0,0,0,0,0,0,0,0,0,0,0,0,0,0,0,1,1,2,2
"186",2020-10-11,2,2,2,0,0,2,1,1,2,1,1,0,2,3,3,1,1,1,0,0,0,0,0,0,1,1,0,0,0,0,0,0,0,0,0,0,0,0,1,1,1,1
"187",2020-10-12,3,3,3,0,0,3,0,3,3,0,3,0,3,4,3,0,2,2,0,0,0,0,0,0,1,1,0,0,0,0,0,0,0,0,0,0,0,0,1,1,2,2
"188",2020-10-13,3,3,2,1,0,2,1,1,2,1,1,0,2,4,3,1,1,1,0,0,0,0,0,0,1,1,0,0,0,0,0,0,0,0,0,0,0,0,0,0,2,2
"189",2020-10-14,5,5,4,1,0,4,2,2,4,2,2,0,4,7,6,0,3,3,0,0,1,1,0,0,0,0,0,0,0,0,0,0,0,0,0,0,0,0,2,2,2,2
"190",2020-10-15,2,2,2,0,0,2,0,2,2,0,2,0,2,4,2,0,1,1,0,0,1,1,0,0,0,0,0,0,0,0,0,0,0,0,0,0,0,0,0,0,2,2
"191",2020-10-16,3,3,1,2,0,1,0,1,1,0,1,0,1,1,1,0,0,0,1,0,0,0,0,0,0,0,0,0,0,0,0,0,0,0,0,0,0,0,0,0,1,1
"192",2020-10-18,1,0,0,0,0,1,1,0,1,1,0,0,1,1,1,0,1,1,0,0,0,0,0,0,0,0,0,0,0,0,0,0,0,0,0,0,0,0,1,1,0,0
"193",2020-10-19,3,3,3,0,0,3,3,0,3,3,0,0,3,4,3,0,3,3,0,0,0,0,0,0,0,0,0,0,0,0,0,0,0,0,0,0,0,0,1,1,2,2
"194",2020-10-20,1,1,1,0,0,1,0,1,1,0,1,0,1,1,1,0,1,1,0,0,0,0,0,0,0,0,0,0,0,0,0,0,0,0,0,0,0,0,0,0,1,1
"195",2020-10-21,6,4,1,3,1,2,1,1,2,1,1,0,2,7,3,1,1,1,1,0,0,0,0,0,0,0,0,0,0,0,0,0,0,0,0,0,0,0,0,0,2,2
"196",2020-10-22,5,3,3,0,2,3,1,2,3,1,2,0,3,7,4,1,1,1,2,0,0,0,0,0,0,0,0,0,0,0,0,0,0,0,0,0,0,0,0,0,3,3
"197",2020-10-23,2,1,1,0,1,1,0,1,1,0,1,0,1,2,1,0,0,0,1,0,0,0,0,0,0,0,0,0,0,0,0,0,0,0,0,0,0,0,0,0,1,1
"198",2020-10-24,3,2,2,0,0,3,0,3,3,0,3,0,3,4,3,0,2,2,1,0,0,0,0,0,0,0,0,0,0,0,0,0,0,0,0,0,0,0,0,0,3,3
"199",2020-10-25,2,2,2,0,0,2,1,1,2,1,1,0,2,2,2,1,2,2,0,0,0,0,0,0,0,0,0,0,0,0,0,0,0,0,0,0,0,0,1,1,1,1
"200",2020-10-26,5,4,4,0,0,5,3,2,5,3,2,0,5,9,6,0,4,4,0,0,1,1,0,0,0,0,0,0,0,0,0,0,0,0,0,0,0,0,0,0,5,5
"201",2020-10-27,3,2,2,0,0,3,2,1,3,2,1,0,3,4,3,0,2,2,1,0,0,0,0,0,0,0,0,0,0,0,0,0,0,0,0,0,1,1,0,0,2,2
"202",2020-10-28,2,2,1,1,0,1,1,0,1,1,0,0,1,3,1,0,1,1,0,0,0,0,0,0,0,0,0,0,0,0,0,0,0,0,0,0,0,0,0,0,1,1
"203",2020-10-29,3,1,1,0,0,3,0,3,3,0,3,0,3,5,5,1,2,2,1,0,0,0,0,0,0,0,0,0,0,0,0,0,0,0,0,0,0,0,0,0,3,3
"204",2020-10-30,4,4,3,1,0,3,0,3,3,0,3,0,3,3,3,0,3,3,0,0,0,0,0,0,0,0,0,0,0,0,0,0,0,0,0,0,0,0,1,1,2,2
"205",2020-10-31,6,5,4,1,0,5,3,2,5,3,2,0,5,9,6,0,3,3,0,0,0,0,0,0,1,1,0,0,1,1,0,0,0,0,0,0,0,0,1,1,4,4
"206",2020-11-01,3,2,1,1,0,2,0,2,2,0,2,0,2,5,3,0,1,1,0,0,1,1,0,0,0,0,0,0,0,0,0,0,0,0,0,0,0,0,2,2,0,0
"207",2020-11-02,2,2,1,1,0,1,0,1,1,0,1,0,1,3,1,0,1,1,0,0,0,0,0,0,0,0,0,0,0,0,0,0,0,0,0,0,0,0,1,1,0,0
"208",2020-11-03,4,3,1,2,0,2,2,0,2,2,0,0,2,5,4,0,0,0,1,0,1,1,0,0,0,0,0,0,0,0,0,0,0,0,0,0,0,0,1,1,1,1
"209",2020-11-04,6,5,4,1,1,4,1,3,4,1,3,0,4,7,7,1,1,1,1,0,1,1,0,0,1,1,0,0,0,0,0,0,0,0,0,0,0,0,2,2,2,2
"210",2020-11-05,2,2,1,1,0,1,1,0,1,1,0,0,1,2,1,0,0,0,1,0,0,0,0,0,0,0,0,0,0,0,0,0,0,0,0,0,0,0,0,0,1,1
"211",2020-11-06,5,5,3,2,0,3,3,0,3,3,0,0,3,5,4,0,3,3,0,0,0,0,0,0,0,0,0,0,0,0,0,0,0,0,0,0,0,0,1,1,2,2
"212",2020-11-07,2,1,0,1,1,0,0,0,0,0,0,0,0,1,0,0,0,0,0,0,0,0,0,0,0,0,0,0,0,0,0,0,0,0,0,0,0,0,0,0,0,0
"213",2020-11-08,4,3,1,2,1,1,0,1,1,0,1,0,1,5,2,1,0,0,0,0,1,1,0,0,0,0,0,0,0,0,0,0,0,0,0,0,0,0,1,1,0,0
"214",2020-11-09,2,2,2,0,0,2,0,2,2,0,2,0,2,4,2,0,1,1,0,0,1,1,0,0,0,0,0,0,0,0,0,0,0,0,0,0,0,0,0,0,2,2
"215",2020-11-10,3,3,2,1,0,2,1,1,2,1,1,0,2,4,2,0,1,1,0,0,0,0,0,0,1,1,0,0,0,0,0,0,0,0,0,0,0,0,1,1,1,1
"216",2020-11-11,4,4,3,1,0,3,2,1,3,2,1,0,3,7,3,0,2,2,0,0,1,1,0,0,0,0,0,0,0,0,0,0,0,0,0,0,0,0,0,0,3,3
"217",2020-11-12,6,6,5,1,0,5,2,3,5,2,3,0,5,8,5,0,4,4,0,0,0,0,0,0,1,1,0,0,0,0,0,0,0,0,0,0,0,0,0,0,5,5
"218",2020-11-13,7,6,3,3,0,4,1,3,4,1,3,0,4,6,4,1,3,3,1,0,0,0,0,0,0,0,0,0,0,0,0,0,0,0,0,0,0,0,1,1,3,3
"219",2020-11-14,9,5,4,1,1,7,3,4,7,3,4,0,7,13,8,0,5,5,1,0,1,1,0,0,0,0,0,0,0,0,0,0,0,0,0,0,0,0,3,3,4,4
"220",2020-11-15,3,3,2,1,0,2,0,2,2,0,2,0,2,3,2,0,2,2,0,0,0,0,0,0,0,0,0,0,0,0,0,0,0,0,0,0,0,0,1,1,1,1
"221",2020-11-16,4,3,2,1,0,3,0,3,3,0,3,0,3,5,4,0,2,2,0,0,0,0,0,0,1,1,0,0,0,0,0,0,0,0,0,0,0,0,0,0,3,3
"222",2020-11-17,6,4,2,2,0,4,2,2,4,2,2,0,4,7,6,0,3,3,1,0,0,0,0,0,0,0,0,0,0,0,0,0,0,0,0,0,0,0,3,3,1,1
"223",2020-11-18,5,4,2,2,0,3,2,1,3,2,1,0,3,7,3,0,2,2,1,0,0,0,0,0,0,0,0,0,0,0,0,0,0,0,0,0,0,0,1,1,2,2
"224",2020-11-19,3,3,2,1,0,2,1,1,2,1,1,0,2,4,2,0,1,1,0,0,1,1,0,0,0,0,0,0,0,0,0,0,0,0,0,0,0,0,2,2,0,0
"225",2020-11-20,2,1,1,0,0,2,1,1,2,1,1,0,2,3,3,0,1,1,0,0,1,1,0,0,0,0,0,0,0,0,0,0,0,0,0,0,0,0,0,0,2,2
"226",2020-11-21,3,2,2,0,0,3,1,2,3,1,2,0,3,5,3,0,2,2,0,0,0,0,0,0,1,1,0,0,0,0,0,0,0,0,0,0,0,0,0,0,3,3
"227",2020-11-22,6,6,4,2,0,4,4,0,4,4,0,0,4,7,5,1,1,1,0,0,1,1,0,0,2,2,0,0,0,0,0,0,0,0,0,0,0,0,4,4,0,0
"228",2020-11-23,17,13,6,7,0,10,4,6,10,4,6,0,10,23,10,0,8,8,0,0,1,1,0,0,1,1,0,0,0,0,0,0,0,0,0,0,0,0,1,1,9,9
"229",2020-11-24,6,5,3,2,0,4,0,4,4,0,4,0,4,9,5,0,3,3,1,0,0,0,0,0,0,0,0,0,0,0,0,0,0,0,0,0,0,0,1,1,3,3
"230",2020-11-25,5,5,4,1,0,4,1,3,4,1,3,0,4,8,4,0,3,3,1,0,0,0,0,0,0,0,0,0,0,0,0,0,0,0,0,0,0,0,4,4,0,0
"231",2020-11-26,5,3,3,0,0,5,1,4,5,1,4,0,5,9,6,0,3,3,0,0,2,2,0,0,0,0,0,0,0,0,0,0,0,0,0,0,0,0,2,2,3,3
"232",2020-11-27,10,9,7,2,0,8,3,5,8,3,5,0,8,16,10,0,4,4,2,0,0,0,0,0,2,2,0,0,0,0,0,0,0,0,0,0,1,1,4,4,3,3
"233",2020-11-28,3,3,2,1,0,2,0,2,2,0,2,0,2,4,3,0,1,1,0,0,1,1,0,0,0,0,0,0,0,0,0,0,0,0,0,0,0,0,0,0,2,2
"234",2020-11-29,4,4,3,1,0,3,1,2,3,1,2,0,3,6,4,0,2,2,0,0,1,1,0,0,0,0,0,0,0,0,0,0,0,0,0,0,0,0,1,1,2,2
"235",2020-11-30,9,6,5,1,1,7,4,3,7,4,3,0,7,15,9,1,5,5,1,0,1,1,0,0,0,0,0,0,0,0,0,0,0,0,0,0,0,0,1,1,6,6
"236",2020-12-01,9,8,7,1,1,7,4,3,7,4,3,0,7,15,8,1,4,4,1,0,2,2,0,0,0,0,0,0,0,0,0,0,0,0,0,0,0,0,1,1,6,6
"237",2020-12-02,9,6,4,2,0,7,4,3,7,4,3,0,7,14,11,2,1,1,4,0,1,1,0,0,1,1,0,0,0,0,0,0,0,0,0,0,0,0,4,4,3,3
"238",2020-12-03,9,7,4,3,1,5,0,5,5,0,5,0,5,13,6,1,4,4,1,0,0,0,0,0,0,0,0,0,0,0,0,0,0,0,0,0,0,0,1,1,4,4
"239",2020-12-04,6,5,2,3,0,3,1,2,3,1,2,0,3,8,4,1,1,1,2,0,0,0,0,0,0,0,0,0,0,0,0,0,0,0,0,0,0,0,1,1,2,2
"240",2020-12-05,3,3,3,0,0,3,0,3,3,0,3,0,3,5,4,1,2,2,0,0,0,0,0,0,1,1,0,0,0,0,0,0,0,0,0,0,0,0,1,1,2,2
"241",2020-12-06,7,6,5,1,1,5,3,2,5,3,2,0,5,11,6,0,2,2,3,0,0,0,0,0,0,0,0,0,0,0,0,0,0,0,0,0,1,1,2,2,2,2
"242",2020-12-07,7,6,6,0,0,7,0,7,7,0,7,0,7,14,8,1,4,4,1,0,2,2,0,0,0,0,0,0,0,0,0,0,0,0,0,0,0,0,1,1,6,6
"243",2020-12-08,9,9,7,2,0,7,3,4,7,3,4,0,7,12,7,0,6,6,1,0,0,0,0,0,0,0,0,0,0,0,0,0,0,0,0,0,0,0,1,1,6,6
"244",2020-12-09,12,12,11,1,0,11,5,6,11,5,6,0,11,21,13,1,3,3,4,0,4,4,0,0,0,0,0,0,0,0,0,0,0,0,0,0,0,0,2,2,9,9
"245",2020-12-10,8,7,7,0,1,7,1,6,7,1,6,0,7,11,9,1,2,2,3,0,2,2,0,0,0,0,0,0,0,0,0,0,0,0,0,0,0,0,3,3,4,4
"246",2020-12-11,12,8,8,0,2,10,5,5,10,5,5,0,10,18,10,0,7,7,1,0,1,1,0,0,1,1,0,0,0,0,0,0,0,0,0,0,0,0,1,1,9,9
"247",2020-12-12,8,7,7,0,0,8,1,7,8,1,7,0,8,16,8,0,5,5,3,0,0,0,0,0,0,0,0,0,0,0,0,0,0,0,0,0,0,0,3,3,5,5
"248",2020-12-13,17,16,15,1,0,16,6,10,16,6,10,0,16,28,17,0,9,9,4,0,2,2,0,0,1,1,0,0,0,0,0,0,0,0,0,0,0,0,5,5,11,11
"249",2020-12-14,9,8,8,0,0,9,3,6,9,3,6,0,9,18,10,1,5,5,2,0,1,1,0,0,1,1,0,0,0,0,0,0,0,0,0,0,0,0,3,3,6,6
"250",2020-12-15,7,5,5,0,1,6,2,4,6,2,4,0,6,12,9,0,3,3,2,0,1,1,0,0,0,0,0,0,0,0,0,0,0,0,0,0,0,0,4,4,2,2
"251",2020-12-16,12,9,7,2,0,10,5,5,10,5,5,0,10,18,10,0,5,5,2,0,2,2,0,0,1,1,0,0,0,0,0,0,0,0,0,0,0,0,2,2,8,8
"252",2020-12-17,14,12,12,0,0,14,9,5,14,9,5,0,14,25,14,0,8,8,1,0,2,2,0,0,3,3,0,0,0,0,0,0,0,0,0,0,0,0,5,5,9,9
"253",2020-12-18,8,8,5,3,0,5,3,2,5,3,2,0,5,10,5,0,4,4,0,0,1,1,0,0,0,0,0,0,0,0,0,0,0,0,0,0,0,0,0,0,5,5
"254",2020-12-19,13,10,8,2,0,11,3,8,11,3,8,0,11,19,14,1,5,5,4,0,2,2,0,0,0,0,0,0,0,0,0,0,0,0,0,0,0,0,4,4,7,7
"255",2020-12-20,14,13,11,2,0,12,4,8,12,4,8,0,12,26,14,1,5,5,5,0,1,1,0,0,1,1,0,0,0,0,0,0,0,0,0,0,1,1,3,3,8,8
"256",2020-12-21,17,16,13,3,0,14,8,6,14,8,6,0,14,28,17,0,10,10,1,0,3,3,0,0,0,0,0,0,0,0,0,0,0,0,0,0,0,0,7,7,7,7
"257",2020-12-22,19,14,13,1,0,18,10,8,18,10,8,0,18,31,20,2,7,7,5,0,5,5,0,0,1,1,0,0,0,0,0,0,0,0,0,0,0,0,4,4,14,14
"258",2020-12-23,20,18,17,1,1,18,10,8,18,10,8,0,18,31,20,1,9,9,6,0,2,2,0,0,1,1,0,0,0,0,0,0,0,0,0,0,0,0,5,5,13,13
"259",2020-12-24,16,16,13,3,0,13,4,9,13,4,9,0,13,24,18,0,9,9,2,0,2,2,0,0,0,0,0,0,0,0,0,0,0,0,0,0,0,0,1,1,12,12
"260",2020-12-25,20,17,17,0,1,19,7,12,19,7,12,0,19,34,21,0,14,14,3,0,1,1,0,0,1,1,0,0,0,0,0,0,0,0,0,0,0,0,6,6,13,13
"261",2020-12-26,21,13,11,2,2,17,7,10,17,7,10,0,17,32,20,2,9,9,6,0,1,1,0,0,1,1,0,0,0,0,0,0,0,0,0,0,0,0,3,3,14,14
"262",2020-12-27,19,17,16,1,1,17,6,11,17,6,11,0,17,30,22,0,7,7,4,0,5,5,0,0,1,1,0,0,0,0,0,0,0,0,0,0,0,0,6,6,11,11
"263",2020-12-28,17,16,13,3,0,14,7,7,14,7,7,0,14,25,17,1,6,6,5,0,2,2,0,0,1,1,0,0,0,0,0,0,0,0,0,0,2,2,3,3,9,9
"264",2020-12-29,14,13,12,1,0,13,4,9,13,4,9,0,13,21,14,0,8,8,2,0,2,2,0,0,1,1,0,0,0,0,0,0,0,0,0,0,0,0,2,2,11,11
"265",2020-12-30,19,14,10,4,0,15,6,9,15,6,9,0,15,29,17,1,8,8,6,0,0,0,0,0,1,1,0,0,0,0,0,0,0,0,0,0,0,0,5,5,10,10
"266",2020-12-31,21,17,17,0,2,18,8,10,18,8,10,0,18,33,23,1,11,11,2,0,5,5,0,0,0,0,0,0,0,0,0,0,0,0,0,0,0,0,4,4,14,14
"267",2021-01-01,14,13,10,3,0,11,4,7,11,4,7,0,11,21,12,1,6,6,3,0,1,1,0,0,1,1,0,0,0,0,0,0,0,0,0,0,0,0,1,1,10,10
"268",2021-01-02,22,21,19,2,0,20,7,13,20,7,13,0,20,35,26,0,11,11,3,0,5,5,0,0,1,1,0,0,0,0,0,0,0,0,0,0,2,2,6,6,12,12
"269",2021-01-03,18,15,12,3,0,15,6,9,15,6,9,0,15,27,17,0,9,9,3,0,3,3,0,0,0,0,0,0,0,0,0,0,0,0,0,0,0,0,4,4,11,11
"270",2021-01-04,24,21,17,4,1,19,6,13,19,6,13,0,19,36,22,1,12,12,3,0,4,4,0,0,0,0,0,0,0,0,0,0,0,0,0,0,0,0,7,7,12,12
"271",2021-01-05,21,18,15,3,1,17,6,11,17,6,11,0,17,32,18,0,13,13,3,0,0,0,0,0,1,1,0,0,0,0,0,0,0,0,0,0,0,0,4,4,13,13
"272",2021-01-06,18,16,13,3,0,15,6,9,15,6,9,0,15,27,19,0,9,9,0,0,4,4,0,0,2,2,0,0,0,0,0,0,0,0,0,0,0,0,4,4,11,11
"273",2021-01-07,12,11,8,3,0,9,3,6,9,3,6,0,9,20,10,0,8,8,0,0,1,1,0,0,0,0,0,0,0,0,0,0,0,0,0,0,0,0,2,2,7,7
"274",2021-01-08,14,12,10,2,0,12,7,5,12,7,5,0,12,25,14,0,9,9,2,0,0,0,0,0,1,1,0,0,0,0,0,0,0,0,0,0,0,0,6,6,6,6
"275",2021-01-09,10,8,7,1,1,8,4,4,8,4,4,0,8,18,8,0,4,4,1,0,0,0,0,0,3,3,0,0,0,0,0,0,0,0,0,0,0,0,3,3,5,5
"276",2021-01-10,17,14,13,1,0,16,8,8,16,8,8,0,16,32,24,0,9,9,2,0,5,5,0,0,0,0,0,0,0,0,0,0,0,0,0,0,0,0,5,5,11,11
"277",2021-01-11,13,13,12,1,0,12,6,6,12,6,6,0,12,23,13,0,6,6,4,0,1,1,0,0,1,1,0,0,0,0,0,0,0,0,0,0,0,0,3,3,9,9
"278",2021-01-12,21,18,16,2,1,18,6,12,18,6,12,0,18,30,22,1,12,12,0,0,2,2,0,0,4,4,0,0,0,0,0,0,0,0,0,0,0,0,4,4,14,14
"279",2021-01-13,13,10,6,4,0,9,3,6,9,3,6,0,9,16,11,0,7,7,0,0,1,1,0,0,1,1,0,0,0,0,0,0,0,0,0,0,0,0,3,3,6,6
"280",2021-01-14,12,11,10,1,1,10,5,5,10,5,5,0,10,19,12,1,6,6,0,0,3,3,0,0,1,1,0,0,0,0,0,0,0,0,0,0,0,0,3,3,7,7
"281",2021-01-15,16,15,12,3,0,13,9,4,13,9,4,0,13,27,15,0,9,9,0,0,2,2,0,0,2,2,0,0,0,0,0,0,0,0,0,0,0,0,2,2,11,11
"282",2021-01-16,15,15,14,1,0,14,7,7,14,7,7,0,14,27,20,0,9,9,0,0,4,4,0,0,1,1,0,0,0,0,0,0,0,0,0,0,0,0,4,4,10,10
"283",2021-01-17,30,29,28,1,1,28,10,18,28,10,18,0,28,54,34,1,19,19,3,0,5,5,0,0,1,1,0,0,0,0,0,0,0,0,0,0,1,1,8,8,19,19
"284",2021-01-18,16,15,15,0,0,16,8,8,16,8,8,0,16,30,18,0,12,12,1,0,3,3,0,0,0,0,0,0,0,0,0,0,0,0,0,0,1,1,2,2,13,13
"285",2021-01-19,15,12,11,1,1,13,4,9,13,4,9,0,13,26,13,1,11,11,2,0,0,0,0,0,0,0,0,0,0,0,0,0,0,0,1,1,0,0,2,2,10,10
"286",2021-01-20,12,12,11,1,0,11,5,6,11,5,6,0,11,22,13,0,7,7,2,0,2,2,0,0,0,0,0,0,0,0,0,0,0,0,0,0,0,0,1,1,10,10
"287",2021-01-21,9,9,7,2,0,7,4,3,7,4,3,0,7,15,8,1,5,5,1,0,1,1,0,0,0,0,0,0,0,0,0,0,0,0,0,0,0,0,3,3,4,4
"288",2021-01-22,12,11,10,1,0,11,8,3,11,8,3,0,11,19,13,1,7,7,1,0,2,2,0,0,1,1,0,0,0,0,0,0,0,0,0,0,0,0,4,4,7,7
"289",2021-01-23,9,9,6,3,0,6,5,1,6,5,1,0,6,15,7,0,2,2,2,0,1,1,0,0,1,1,0,0,0,0,0,0,0,0,0,0,0,0,0,0,6,6
"290",2021-01-24,11,9,8,1,0,10,5,5,10,5,5,0,10,19,13,1,7,7,2,0,1,1,0,0,0,0,0,0,0,0,0,0,0,0,0,0,0,0,2,2,8,8
"291",2021-01-25,9,6,6,0,0,8,5,3,8,5,3,0,8,17,9,0,6,6,0,0,2,2,0,0,0,0,0,0,0,0,0,0,0,0,0,0,0,0,2,2,6,6
"292",2021-01-26,8,7,5,2,0,6,3,3,6,3,3,0,6,12,6,0,4,4,0,0,1,1,0,0,1,1,0,0,0,0,0,0,0,0,0,0,0,0,1,1,5,5
"293",2021-01-27,14,14,11,3,0,11,6,5,11,6,5,0,11,22,16,1,6,6,2,0,2,2,0,0,1,1,0,0,0,0,0,0,0,0,0,0,0,0,3,3,8,8
"294",2021-01-28,8,7,7,0,0,8,5,3,8,5,3,0,8,15,9,1,5,5,1,0,1,1,0,0,1,1,0,0,0,0,0,0,0,0,0,0,0,0,0,0,8,8
"295",2021-01-29,10,10,7,3,0,7,1,6,7,1,6,0,7,14,9,1,5,5,2,0,0,0,0,0,0,0,0,0,0,0,0,0,0,0,0,0,0,0,2,2,5,5
"296",2021-01-30,14,14,10,4,0,10,3,7,10,3,7,0,10,23,14,1,5,5,3,0,2,2,0,0,0,0,0,0,0,0,0,0,0,0,0,0,0,0,3,3,7,7
"297",2021-01-31,7,6,4,2,0,5,2,3,5,2,3,0,5,8,5,0,5,5,0,0,0,0,0,0,0,0,0,0,0,0,0,0,0,0,0,0,0,0,2,2,3,3
"298",2021-02-01,14,14,12,2,0,12,6,6,12,6,6,0,12,21,12,0,9,9,1,0,1,1,0,0,1,1,0,0,0,0,0,0,0,0,0,0,0,0,4,4,8,8
"299",2021-02-02,15,13,10,3,1,11,4,7,11,4,7,0,11,18,11,0,7,7,1,0,1,1,0,0,2,2,0,0,0,0,0,0,0,0,0,0,0,0,1,1,10,10
"300",2021-02-03,17,16,13,3,1,13,4,9,13,4,9,0,13,24,15,1,8,8,2,0,2,2,0,0,1,1,0,0,0,0,0,0,0,0,0,0,0,0,5,5,8,8
"301",2021-02-04,15,14,11,3,0,12,8,4,12,8,4,0,12,25,14,0,6,6,4,0,1,1,0,0,1,1,0,0,0,0,0,0,0,0,0,0,0,0,3,3,9,9
"302",2021-02-05,2,2,2,0,0,2,0,2,2,0,2,0,2,2,2,0,2,2,0,0,0,0,0,0,0,0,0,0,0,0,0,0,0,0,0,0,0,0,0,0,2,2
"303",2021-02-06,11,11,7,4,0,7,4,3,7,4,3,0,7,18,9,1,5,5,1,0,1,1,0,0,0,0,0,0,0,0,0,0,0,0,0,0,0,0,3,3,4,4
"304",2021-02-07,8,7,5,2,0,6,5,1,6,5,1,0,6,13,7,0,5,5,0,0,1,1,0,0,0,0,0,0,0,0,0,0,0,0,0,0,0,0,3,3,3,3
"305",2021-02-08,11,11,8,3,0,8,3,5,8,3,5,0,8,17,8,0,8,8,0,0,0,0,0,0,0,0,0,0,0,0,0,0,0,0,0,0,0,0,2,2,6,6
"306",2021-02-09,8,8,5,3,0,5,2,3,5,2,3,0,5,13,8,2,0,0,3,0,2,2,0,0,0,0,0,0,0,0,0,0,0,0,0,0,0,0,2,2,3,3
"307",2021-02-10,5,5,5,0,0,5,4,1,5,4,1,0,5,10,6,1,4,4,1,0,0,0,0,0,0,0,0,0,0,0,0,0,0,0,0,0,0,0,2,2,3,3
"308",2021-02-11,5,5,3,2,0,3,1,2,3,1,2,0,3,7,5,0,1,1,0,0,2,2,0,0,0,0,0,0,0,0,0,0,0,0,0,0,0,0,0,0,3,3
"309",2021-02-12,9,9,7,2,0,7,3,4,7,3,4,0,7,13,8,0,5,5,1,0,0,0,0,0,1,1,0,0,0,0,0,0,0,0,0,0,0,0,1,1,6,6
"310",2021-02-13,2,2,2,0,0,2,1,1,2,1,1,0,2,4,2,0,2,2,0,0,0,0,0,0,0,0,0,0,0,0,0,0,0,0,0,0,0,0,0,0,2,2
"311",2021-02-14,8,8,5,3,0,5,2,3,5,2,3,0,5,13,6,1,4,4,1,0,0,0,0,0,0,0,0,0,0,0,0,0,0,0,0,0,0,0,0,0,5,5
"312",2021-02-15,1,1,1,0,0,1,1,0,1,1,0,0,1,2,2,0,0,0,0,0,1,1,0,0,0,0,0,0,0,0,0,0,0,0,0,0,0,0,0,0,1,1
"313",2021-02-16,6,6,4,2,0,4,0,4,4,0,4,0,4,10,5,0,2,2,0,0,1,1,0,0,1,1,0,0,0,0,0,0,0,0,0,0,0,0,1,1,3,3
"314",2021-02-17,6,6,5,1,0,5,1,4,5,1,4,0,5,9,5,0,4,4,0,0,0,0,0,0,1,1,0,0,0,0,0,0,0,0,0,0,0,0,1,1,4,4
"315",2021-02-18,5,5,3,2,0,3,1,2,3,1,2,0,3,6,3,0,3,3,0,0,0,0,0,0,0,0,0,0,0,0,0,0,0,0,0,0,0,0,0,0,3,3
"316",2021-02-19,2,2,1,1,0,1,1,0,1,1,0,0,1,3,2,0,0,0,0,0,1,1,0,0,0,0,0,0,0,0,0,0,0,0,0,0,0,0,1,1,0,0
"317",2021-02-20,3,2,2,0,0,3,2,1,3,2,1,0,3,4,3,0,3,3,0,0,0,0,0,0,0,0,0,0,0,0,0,0,0,0,0,0,0,0,1,1,2,2
"318",2021-02-21,9,8,6,2,1,6,3,3,6,3,3,0,6,14,7,1,4,4,1,0,0,0,0,0,1,1,0,0,0,0,0,0,0,0,0,0,0,0,2,2,4,4
"319",2021-02-22,5,5,3,2,0,3,1,2,3,1,2,0,3,8,4,1,2,2,0,0,1,1,0,0,0,0,0,0,0,0,0,0,0,0,0,0,0,0,1,1,2,2
"320",2021-02-23,3,3,1,2,0,1,1,0,1,1,0,0,1,4,2,0,1,1,0,0,0,0,0,0,0,0,0,0,0,0,0,0,0,0,0,0,0,0,0,0,1,1
"321",2021-02-24,2,2,0,2,0,0,0,0,0,0,0,0,0,0,1,0,0,0,0,0,0,0,0,0,0,0,0,0,0,0,0,0,0,0,0,0,0,0,0,0,0,0
"322",2021-02-25,3,3,2,1,0,2,1,1,2,1,1,0,2,4,2,0,2,2,0,0,0,0,0,0,0,0,0,0,0,0,0,0,0,0,0,0,0,0,1,1,1,1
"323",2021-02-26,5,5,4,1,0,4,1,3,4,1,3,0,4,7,5,1,2,2,1,0,1,1,0,0,0,0,0,0,0,0,0,0,0,0,0,0,0,0,1,1,3,3
"324",2021-02-27,4,4,4,0,0,4,3,1,4,3,1,0,4,7,4,0,4,4,0,0,0,0,0,0,0,0,0,0,0,0,0,0,0,0,0,0,0,0,0,0,4,4
"325",2021-02-28,4,4,4,0,0,4,0,4,4,0,4,0,4,7,5,1,3,3,1,0,0,0,0,0,0,0,0,0,0,0,0,0,0,0,0,0,1,1,2,2,1,1
"326",2021-03-01,6,6,5,1,0,5,4,1,5,4,1,0,5,8,6,0,4,4,0,0,1,1,0,0,0,0,0,0,0,0,0,0,0,0,0,0,0,0,1,1,4,4
"327",2021-03-02,2,2,1,1,0,1,0,1,1,0,1,0,1,2,1,0,0,0,1,0,0,0,0,0,0,0,0,0,0,0,0,0,0,0,0,0,0,0,1,1,0,0
"328",2021-03-03,1,1,0,1,0,0,0,0,0,0,0,0,0,1,1,0,0,0,0,0,0,0,0,0,0,0,0,0,0,0,0,0,0,0,0,0,0,0,0,0,0,0
"329",2021-03-04,3,3,1,2,0,1,1,0,1,1,0,0,1,4,2,0,0,0,0,0,1,1,0,0,0,0,0,0,0,0,0,0,0,0,0,0,0,0,0,0,1,1
"330",2021-03-05,1,1,1,0,0,1,0,1,1,0,1,0,1,1,1,0,1,1,0,0,0,0,0,0,0,0,0,0,0,0,0,0,0,0,0,0,0,0,0,0,1,1
"331",2021-03-07,1,1,0,1,0,0,0,0,0,0,0,0,0,1,0,0,0,0,0,0,0,0,0,0,0,0,0,0,0,0,0,0,0,0,0,0,0,0,0,0,0,0
"332",2021-03-08,2,2,2,0,0,2,1,1,2,1,1,0,2,3,2,0,2,2,0,0,0,0,0,0,0,0,0,0,0,0,0,0,0,0,0,0,0,0,2,2,0,0
"333",2021-03-09,2,2,2,0,0,2,1,1,2,1,1,0,2,4,3,1,1,1,0,0,1,1,0,0,0,0,0,0,0,0,0,0,0,0,0,0,0,0,1,1,1,1
"334",2021-03-10,2,2,0,2,0,0,0,0,0,0,0,0,0,2,1,0,0,0,0,0,0,0,0,0,0,0,0,0,0,0,0,0,0,0,0,0,0,0,0,0,0,0
"335",2021-03-11,3,3,2,1,0,2,0,2,2,0,2,0,2,4,3,0,2,2,0,0,0,0,0,0,0,0,0,0,0,0,0,0,0,0,0,0,0,0,0,0,2,2
"336",2021-03-12,3,3,1,2,0,1,1,0,1,1,0,0,1,4,2,0,1,1,0,0,0,0,0,0,0,0,0,0,0,0,0,0,0,0,0,0,0,0,1,1,0,0
"337",2021-03-13,1,1,1,0,0,1,0,1,1,0,1,0,1,2,2,0,0,0,0,0,1,1,0,0,0,0,0,0,0,0,0,0,0,0,0,0,0,0,0,0,1,1
"338",2021-03-14,3,3,2,1,0,2,1,1,2,1,1,0,2,4,2,0,2,2,0,0,0,0,0,0,0,0,0,0,0,0,0,0,0,0,0,0,0,0,1,1,1,1
"339",2021-03-15,1,1,0,1,0,0,0,0,0,0,0,0,0,1,1,0,0,0,0,0,0,0,0,0,0,0,0,0,0,0,0,0,0,0,0,0,0,0,0,0,0,0
"340",2021-03-16,1,1,0,1,0,0,0,0,0,0,0,0,0,1,0,0,0,0,0,0,0,0,0,0,0,0,0,0,0,0,0,0,0,0,0,0,0,0,0,0,0,0
"341",2021-03-17,1,1,0,1,0,0,0,0,0,0,0,0,0,1,1,0,0,0,0,0,0,0,0,0,0,0,0,0,0,0,0,0,0,0,0,0,0,0,0,0,0,0
"342",2021-03-18,1,1,0,1,0,0,0,0,0,0,0,0,0,1,0,0,0,0,0,0,0,0,0,0,0,0,0,0,0,0,0,0,0,0,0,0,0,0,0,0,0,0
"343",2021-03-19,3,3,1,2,0,1,0,1,1,0,1,0,1,3,3,0,0,0,0,0,1,1,0,0,0,0,0,0,0,0,0,0,0,0,0,0,0,0,0,0,1,1
"344",2021-03-20,1,1,0,1,0,0,0,0,0,0,0,0,0,1,0,0,0,0,0,0,0,0,0,0,0,0,0,0,0,0,0,0,0,0,0,0,0,0,0,0,0,0
"345",2021-03-22,2,2,2,0,0,2,2,0,2,2,0,0,2,4,2,0,2,2,0,0,0,0,0,0,0,0,0,0,0,0,0,0,0,0,0,0,0,0,1,1,1,1
"346",2021-03-23,3,3,2,1,0,2,1,1,2,1,1,0,2,4,3,1,1,1,1,0,0,0,0,0,0,0,0,0,0,0,0,0,0,0,0,0,0,0,1,1,1,1
"347",2021-03-24,3,3,2,1,0,2,1,1,2,1,1,0,2,5,2,0,2,2,0,0,0,0,0,0,0,0,0,0,0,0,0,0,0,0,0,0,0,0,1,1,1,1
"348",2021-03-26,2,2,0,2,0,0,0,0,0,0,0,0,0,2,0,0,0,0,0,0,0,0,0,0,0,0,0,0,0,0,0,0,0,0,0,0,0,0,0,0,0,0
"349",2021-03-27,2,2,1,1,0,1,0,1,1,0,1,0,1,2,1,0,1,1,0,0,0,0,0,0,0,0,0,0,0,0,0,0,0,0,0,0,0,0,0,0,1,1
"350",2021-03-28,3,3,2,1,0,2,1,1,2,1,1,0,2,3,3,0,1,1,0,0,1,1,0,0,0,0,0,0,0,0,0,0,0,0,0,0,0,0,0,0,2,2
"351",2021-03-29,3,3,1,2,0,1,1,0,1,1,0,0,1,4,1,0,1,1,0,0,0,0,0,0,0,0,0,0,0,0,0,0,0,0,0,0,0,0,1,1,0,0
"352",2021-03-30,4,3,2,1,1,2,0,2,2,0,2,0,2,3,3,1,1,1,1,0,0,0,0,0,0,0,0,0,0,0,0,0,0,0,0,0,0,0,2,2,0,0
"353",2021-03-31,1,1,1,0,0,1,1,0,1,1,0,0,1,1,1,0,1,1,0,0,0,0,0,0,0,0,0,0,0,0,0,0,0,0,0,0,0,0,0,0,1,1
"354",2021-04-01,4,4,4,0,0,4,4,0,4,4,0,0,4,4,4,0,3,3,0,0,1,1,0,0,0,0,0,0,0,0,0,0,0,0,0,0,0,0,1,1,3,3
"355",2021-04-02,3,3,2,1,0,2,0,2,2,0,2,0,2,5,4,1,0,0,1,0,1,1,0,0,0,0,0,0,0,0,0,0,0,0,0,0,0,0,0,0,2,2
"356",2021-04-03,2,2,1,1,0,1,0,1,1,0,1,0,1,3,3,1,0,0,1,0,0,0,0,0,0,0,0,0,0,0,0,0,0,0,0,0,0,0,1,1,0,0
"357",2021-04-04,4,1,0,1,2,1,1,0,1,1,0,0,1,3,1,0,1,1,0,0,0,0,0,0,0,0,0,0,0,0,0,0,0,0,0,0,0,0,0,0,1,1
"358",2021-04-05,5,5,3,2,0,3,2,1,3,2,1,0,3,7,4,1,1,1,1,0,1,1,0,0,0,0,0,0,0,0,0,0,0,0,0,0,0,0,0,0,3,3
"359",2021-04-06,1,1,0,1,0,0,0,0,0,0,0,0,0,1,0,0,0,0,0,0,0,0,0,0,0,0,0,0,0,0,0,0,0,0,0,0,0,0,0,0,0,0
"360",2021-04-07,1,1,0,1,0,0,0,0,0,0,0,0,0,1,0,0,0,0,0,0,0,0,0,0,0,0,0,0,0,0,0,0,0,0,0,0,0,0,0,0,0,0
"361",2021-04-08,1,1,1,0,0,1,0,1,1,0,1,0,1,2,2,0,1,1,0,0,0,0,0,0,0,0,0,0,0,0,0,0,0,0,0,0,0,0,0,0,1,1
"362",2021-04-09,2,2,0,2,0,0,0,0,0,0,0,0,0,2,0,0,0,0,0,0,0,0,0,0,0,0,0,0,0,0,0,0,0,0,0,0,0,0,0,0,0,0
"363",2021-04-10,1,1,1,0,0,1,1,0,1,1,0,0,1,2,1,0,1,1,0,0,0,0,0,0,0,0,0,0,0,0,0,0,0,0,0,0,0,0,0,0,1,1
"364",2021-04-11,1,1,1,0,0,1,1,0,1,1,0,0,1,1,1,0,1,1,0,0,0,0,0,0,0,0,0,0,0,0,0,0,0,0,0,0,0,0,0,0,1,1
"365",2021-04-12,2,2,0,2,0,0,0,0,0,0,0,0,0,2,1,0,0,0,0,0,0,0,0,0,0,0,0,0,0,0,0,0,0,0,0,0,0,0,0,0,0,0
"366",2021-04-13,2,2,1,1,0,1,1,0,1,1,0,0,1,3,2,1,0,0,1,0,0,0,0,0,0,0,0,0,0,0,0,0,0,0,0,0,0,0,1,1,0,0
"367",2021-04-14,5,5,4,1,0,4,2,2,4,2,2,0,4,8,6,2,1,1,2,0,0,0,0,0,1,1,0,0,0,0,0,0,0,0,0,0,0,0,1,1,3,3
"368",2021-04-16,2,1,0,1,0,1,1,0,1,1,0,0,1,2,1,0,0,0,0,0,0,0,0,0,1,1,0,0,0,0,0,0,0,0,0,0,0,0,0,0,1,1
"369",2021-04-17,1,1,0,1,0,0,0,0,0,0,0,0,0,1,1,0,0,0,0,0,0,0,0,0,0,0,0,0,0,0,0,0,0,0,0,0,0,0,0,0,0,0
"370",2021-04-18,2,2,1,1,0,1,1,0,1,1,0,0,1,2,1,0,0,0,0,0,1,1,0,0,0,0,0,0,0,0,0,0,0,0,0,0,0,0,0,0,1,1
"371",2021-04-19,2,2,1,1,0,1,1,0,1,1,0,0,1,1,1,0,1,1,0,0,0,0,0,0,0,0,0,0,0,0,0,0,0,0,0,0,0,0,0,0,1,1
"372",2021-04-20,6,6,6,0,0,6,3,3,6,3,3,0,6,11,9,2,2,2,2,0,1,1,0,0,1,1,0,0,0,0,0,0,0,0,0,0,0,0,2,2,4,4
"373",2021-04-21,4,3,3,0,0,4,3,1,4,3,1,0,4,8,5,0,3,3,0,0,0,0,0,0,1,1,0,0,0,0,0,0,0,0,0,0,0,0,2,2,2,2
"374",2021-04-22,1,1,1,0,0,1,1,0,1,1,0,0,1,1,1,0,1,1,0,0,0,0,0,0,0,0,0,0,0,0,0,0,0,0,0,0,0,0,0,0,1,1
"375",2021-04-23,2,2,1,1,0,1,0,1,1,0,1,0,1,3,2,1,0,0,1,0,0,0,0,0,0,0,0,0,0,0,0,0,0,0,0,0,0,0,1,1,0,0
"376",2021-04-24,2,2,0,2,0,0,0,0,0,0,0,0,0,1,1,0,0,0,0,0,0,0,0,0,0,0,0,0,0,0,0,0,0,0,0,0,0,0,0,0,0,0
"377",2021-04-25,2,2,2,0,0,2,1,1,2,1,1,0,2,4,2,0,2,2,0,0,0,0,0,0,0,0,0,0,0,0,0,0,0,0,0,0,0,0,0,0,2,2
"378",2021-04-26,1,1,0,1,0,0,0,0,0,0,0,0,0,1,0,0,0,0,0,0,0,0,0,0,0,0,0,0,0,0,0,0,0,0,0,0,0,0,0,0,0,0
"379",2021-04-27,3,3,3,0,0,3,1,2,3,1,2,0,3,6,6,0,3,3,0,0,0,0,0,0,0,0,0,0,0,0,0,0,0,0,0,0,0,0,1,1,2,2
"380",2021-04-28,3,3,2,1,0,2,1,1,2,1,1,0,2,5,3,0,1,1,0,0,1,1,0,0,0,0,0,0,0,0,0,0,0,0,0,0,0,0,1,1,1,1
"381",2021-04-29,1,1,0,1,0,0,0,0,0,0,0,0,0,0,0,0,0,0,0,0,0,0,0,0,0,0,0,0,0,0,0,0,0,0,0,0,0,0,0,0,0,0
"382",2021-04-30,3,3,1,2,0,1,0,1,1,0,1,0,1,4,1,0,1,1,0,0,0,0,0,0,0,0,0,0,0,0,0,0,0,0,0,0,0,0,0,0,1,1
"383",2021-05-01,1,1,1,0,0,1,0,1,1,0,1,0,1,2,1,0,0,0,0,0,0,0,0,0,1,1,0,0,0,0,0,0,0,0,0,0,0,0,1,1,0,0
"384",2021-05-02,2,2,1,1,0,1,1,0,1,1,0,0,1,3,2,1,0,0,1,0,0,0,0,0,0,0,0,0,0,0,0,0,0,0,0,0,0,0,1,1,0,0
"385",2021-05-03,2,2,1,1,0,1,0,1,1,0,1,0,1,3,2,1,0,0,1,0,0,0,0,0,0,0,0,0,0,0,0,0,0,0,0,0,0,0,0,0,1,1
"386",2021-05-04,4,4,3,1,0,3,2,1,3,2,1,0,3,7,5,0,2,2,0,0,1,1,0,0,0,0,0,0,0,0,0,0,0,0,0,0,0,0,1,1,2,2
"387",2021-05-05,4,4,2,2,0,2,0,2,2,0,2,0,2,5,3,0,1,1,0,0,0,0,0,0,1,1,0,0,0,0,0,0,0,0,0,0,0,0,1,1,1,1
"388",2021-05-06,4,4,2,2,0,2,2,0,2,2,0,0,2,5,2,0,1,1,0,0,1,1,0,0,0,0,0,0,0,0,0,0,0,0,0,0,0,0,0,0,2,2
"389",2021-05-09,2,2,0,2,0,0,0,0,0,0,0,0,0,2,0,0,0,0,0,0,0,0,0,0,0,0,0,0,0,0,0,0,0,0,0,0,0,0,0,0,0,0
"390",2021-05-10,3,3,0,3,0,0,0,0,0,0,0,0,0,2,0,0,0,0,0,0,0,0,0,0,0,0,0,0,0,0,0,0,0,0,0,0,0,0,0,0,0,0
"391",2021-05-11,2,2,0,2,0,0,0,0,0,0,0,0,0,0,0,0,0,0,0,0,0,0,0,0,0,0,0,0,0,0,0,0,0,0,0,0,0,0,0,0,0,0
"392",2021-05-13,2,2,1,1,0,1,0,1,1,0,1,0,1,2,2,1,0,0,1,0,0,0,0,0,0,0,0,0,0,0,0,0,0,0,0,0,0,0,1,1,0,0
"393",2021-05-15,4,4,2,2,0,2,0,2,2,0,2,0,2,4,3,0,1,1,0,0,0,0,0,0,1,1,0,0,0,0,0,0,0,0,0,0,0,0,2,2,0,0
"394",2021-05-17,2,2,1,1,0,1,1,0,1,1,0,0,1,3,1,0,1,1,0,0,0,0,0,0,0,0,0,0,0,0,0,0,0,0,0,0,0,0,0,0,1,1
"395",2021-05-19,1,1,1,0,0,1,1,0,1,1,0,0,1,2,1,0,1,1,0,0,0,0,0,0,0,0,0,0,0,0,0,0,0,0,0,0,0,0,0,0,1,1
"396",2021-05-20,3,3,2,1,0,2,0,2,2,0,2,0,2,5,3,0,1,1,0,0,0,0,0,0,1,1,0,0,0,0,0,0,0,0,0,0,0,0,1,1,1,1
"397",2021-05-24,1,1,1,0,0,1,0,1,1,0,1,0,1,2,1,0,1,1,0,0,0,0,0,0,0,0,0,0,0,0,0,0,0,0,0,0,0,0,0,0,1,1
"398",2021-05-25,3,3,2,1,0,2,1,1,2,1,1,0,2,5,4,1,1,1,1,0,0,0,0,0,0,0,0,0,0,0,0,0,0,0,0,0,0,0,2,2,0,0
"399",2021-05-26,1,0,0,0,1,0,0,0,0,0,0,0,0,1,1,0,0,0,0,0,0,0,0,0,0,0,0,0,0,0,0,0,0,0,0,0,0,0,0,0,0,0
"400",2021-05-27,1,1,0,1,0,0,0,0,0,0,0,0,0,1,0,0,0,0,0,0,0,0,0,0,0,0,0,0,0,0,0,0,0,0,0,0,0,0,0,0,0,0
"401",2021-05-28,1,1,1,0,0,1,0,1,1,0,1,0,1,2,1,0,1,1,0,0,0,0,0,0,0,0,0,0,0,0,0,0,0,0,0,0,0,0,0,0,1,1
"402",2021-05-29,1,1,1,0,0,1,1,0,1,1,0,0,1,2,2,0,0,0,1,0,0,0,0,0,0,0,0,0,0,0,0,0,0,0,0,0,0,0,1,1,0,0
"403",2021-05-30,3,3,2,1,0,2,0,2,2,0,2,0,2,5,3,0,2,2,0,0,0,0,0,0,0,0,0,0,0,0,0,0,0,0,0,0,0,0,1,1,1,1
"404",2021-05-31,1,1,1,0,0,1,1,0,1,1,0,0,1,2,1,0,1,1,0,0,0,0,0,0,0,0,0,0,0,0,0,0,0,0,0,0,0,0,1,1,0,0
"405",2021-06-01,1,1,1,0,0,1,1,0,1,1,0,0,1,2,1,0,1,1,0,0,0,0,0,0,0,0,0,0,0,0,0,0,0,0,0,0,0,0,0,0,1,1
"406",2021-06-02,5,5,3,2,0,3,1,2,3,1,2,0,3,6,4,0,2,2,0,0,1,1,0,0,0,0,0,0,0,0,0,0,0,0,0,0,0,0,1,1,2,2
"407",2021-06-03,1,1,1,0,0,1,0,1,1,0,1,0,1,2,2,0,0,0,0,0,0,0,0,0,1,1,0,0,0,0,0,0,0,0,0,0,0,0,0,0,1,1
"408",2021-06-04,2,2,0,2,0,0,0,0,0,0,0,0,0,2,0,0,0,0,0,0,0,0,0,0,0,0,0,0,0,0,0,0,0,0,0,0,0,0,0,0,0,0
"409",2021-06-05,3,3,2,1,0,2,1,1,2,1,1,0,2,4,3,0,2,2,0,0,0,0,0,0,0,0,0,0,0,0,0,0,0,0,0,0,0,0,0,0,2,2
"410",2021-06-06,1,1,1,0,0,1,0,1,1,0,1,0,1,2,2,0,1,1,0,0,0,0,0,0,0,0,0,0,0,0,0,0,0,0,0,0,0,0,0,0,1,1
"411",2021-06-07,1,1,1,0,0,1,0,1,1,0,1,0,1,2,1,0,1,1,0,0,0,0,0,0,0,0,0,0,0,0,0,0,0,0,0,0,0,0,0,0,1,1
"412",2021-06-08,3,3,2,1,0,2,0,2,2,0,2,0,2,5,2,0,2,2,0,0,0,0,0,0,0,0,0,0,0,0,0,0,0,0,0,0,0,0,0,0,2,2
"413",2021-06-10,2,2,2,0,0,2,1,1,2,1,1,0,2,3,3,0,1,1,0,0,1,1,0,0,0,0,0,0,0,0,0,0,0,0,0,0,0,0,1,1,1,1
"414",2021-06-11,2,2,2,0,0,2,0,2,2,0,2,0,2,4,2,0,2,2,0,0,0,0,0,0,0,0,0,0,0,0,0,0,0,0,0,0,0,0,1,1,1,1
"415",2021-06-12,2,2,1,1,0,1,0,1,1,0,1,0,1,2,1,0,0,0,1,0,0,0,0,0,0,0,0,0,0,0,0,0,0,0,0,0,0,0,0,0,1,1
"416",2021-06-13,3,3,1,2,0,1,1,0,1,1,0,0,1,4,2,0,1,1,0,0,0,0,0,0,0,0,0,0,0,0,0,0,0,0,0,0,0,0,1,1,0,0
"417",2021-06-14,1,1,1,0,0,1,0,1,1,0,1,0,1,1,1,0,1,1,0,0,0,0,0,0,0,0,0,0,0,0,0,0,0,0,0,0,0,0,0,0,1,1
"418",2021-06-15,5,5,4,1,0,4,1,3,4,1,3,0,4,7,6,1,3,3,1,0,0,0,0,0,0,0,0,0,0,0,0,0,0,0,0,0,0,0,2,2,2,2
"419",2021-06-16,2,1,1,0,0,2,0,2,2,0,2,0,2,3,2,0,2,2,0,0,0,0,0,0,0,0,0,0,0,0,0,0,0,0,0,0,0,0,0,0,2,2
"420",2021-06-18,2,2,1,1,0,1,1,0,1,1,0,0,1,1,1,0,1,1,0,0,0,0,0,0,0,0,0,0,0,0,0,0,0,0,0,0,0,0,0,0,1,1
"421",2021-06-19,3,3,3,0,0,3,2,1,3,2,1,0,3,5,3,0,2,2,0,0,0,0,0,0,1,1,0,0,0,0,0,0,0,0,0,0,0,0,3,3,0,0
"422",2021-06-20,2,2,2,0,0,2,0,2,2,0,2,0,2,4,2,0,2,2,0,0,0,0,0,0,0,0,0,0,0,0,0,0,0,0,0,0,0,0,1,1,1,1
"423",2021-06-22,2,2,2,0,0,2,2,0,2,2,0,0,2,4,3,0,1,1,0,0,1,1,0,0,0,0,0,0,0,0,0,0,0,0,0,0,0,0,0,0,2,2
"424",2021-06-23,7,7,3,4,0,3,2,1,3,2,1,0,3,7,4,0,2,2,0,0,1,1,0,0,0,0,0,0,0,0,0,0,0,0,0,0,0,0,2,2,1,1
"425",2021-06-24,3,3,2,1,0,2,2,0,2,2,0,0,2,5,2,0,2,2,0,0,0,0,0,0,0,0,0,0,0,0,0,0,0,0,0,0,0,0,1,1,1,1
"426",2021-06-25,4,4,4,0,0,4,1,3,4,1,3,0,4,6,4,0,3,3,1,0,0,0,0,0,0,0,0,0,0,0,0,0,0,0,0,0,0,0,1,1,3,3
"427",2021-06-26,4,4,2,2,0,2,0,2,2,0,2,0,2,4,2,0,2,2,0,0,0,0,0,0,0,0,0,0,0,0,0,0,0,0,0,0,0,0,2,2,0,0
"428",2021-06-28,2,2,1,1,0,1,0,1,1,0,1,0,1,3,1,0,0,0,1,0,0,0,0,0,0,0,0,0,0,0,0,0,0,0,0,0,0,0,1,1,0,0
"429",2021-06-29,3,3,2,1,0,2,1,1,2,1,1,0,2,5,2,0,1,1,1,0,0,0,0,0,0,0,0,0,0,0,0,0,0,0,0,0,0,0,2,2,0,0
"430",2021-06-30,5,5,4,1,0,4,2,2,4,2,2,0,4,7,5,2,3,3,0,0,0,0,0,0,1,1,0,0,0,0,0,0,0,0,0,0,0,0,2,2,2,2
"431",2021-07-01,4,4,3,1,0,3,2,1,3,2,1,0,3,7,4,1,2,2,1,0,0,0,0,0,0,0,0,0,0,0,0,0,0,0,0,0,0,0,1,1,2,2
"432",2021-07-02,5,5,4,1,0,4,2,2,4,2,2,0,4,7,5,1,3,3,1,0,0,0,0,0,0,0,0,0,0,0,0,0,0,0,0,0,0,0,2,2,2,2
"433",2021-07-03,2,2,0,2,0,0,0,0,0,0,0,0,0,2,0,0,0,0,0,0,0,0,0,0,0,0,0,0,0,0,0,0,0,0,0,0,0,0,0,0,0,0
"434",2021-07-04,2,2,1,1,0,1,0,1,1,0,1,0,1,3,1,0,0,0,1,0,0,0,0,0,0,0,0,0,0,0,0,0,0,0,0,0,0,0,0,0,1,1
"435",2021-07-05,5,5,2,3,0,2,0,2,2,0,2,0,2,7,2,0,1,1,1,0,0,0,0,0,0,0,0,0,0,0,0,0,0,0,0,0,0,0,1,1,1,1
"436",2021-07-06,4,4,3,1,0,3,0,3,3,0,3,0,3,6,3,0,1,1,2,0,0,0,0,0,0,0,0,0,0,0,0,0,0,0,0,0,0,0,3,3,0,0
"437",2021-07-08,1,1,1,0,0,1,1,0,1,1,0,0,1,2,2,0,0,0,0,0,1,1,0,0,0,0,0,0,0,0,0,0,0,0,0,0,0,0,1,1,0,0
"438",2021-07-09,3,3,2,1,0,2,1,1,2,1,1,0,2,5,2,0,1,1,1,0,0,0,0,0,0,0,0,0,0,0,0,0,0,0,0,0,0,0,1,1,1,1
"439",2021-07-10,3,3,3,0,0,3,2,1,3,2,1,0,3,6,4,0,3,3,0,0,0,0,0,0,0,0,0,0,0,0,0,0,0,0,0,0,1,1,0,0,2,2
"440",2021-07-12,5,5,5,0,0,5,2,3,5,2,3,0,5,8,6,1,4,4,1,0,0,0,0,0,0,0,0,0,0,0,0,0,0,0,0,0,1,1,3,3,1,1
"441",2021-07-13,1,1,1,0,0,1,1,0,1,1,0,0,1,2,2,0,0,0,0,0,1,1,0,0,0,0,0,0,0,0,0,0,0,0,0,0,0,0,1,1,0,0
"442",2021-07-14,1,1,1,0,0,1,1,0,1,1,0,0,1,2,2,1,0,0,0,0,0,0,0,0,1,1,0,0,0,0,0,0,0,0,0,0,0,0,1,1,0,0
"443",2021-07-15,1,1,0,1,0,0,0,0,0,0,0,0,0,1,0,0,0,0,0,0,0,0,0,0,0,0,0,0,0,0,0,0,0,0,0,0,0,0,0,0,0,0
"444",2021-07-16,1,1,1,0,0,1,0,1,1,0,1,0,1,1,2,0,1,1,0,0,0,0,0,0,0,0,0,0,0,0,0,0,0,0,0,0,0,0,1,1,0,0
"445",2021-07-18,5,5,4,1,0,4,0,4,4,0,4,0,4,9,4,0,1,1,2,0,1,1,0,0,0,0,0,0,0,0,0,0,0,0,0,0,0,0,2,2,2,2
"446",2021-07-19,3,3,3,0,0,3,1,2,3,1,2,0,3,6,5,1,1,1,1,0,1,1,0,0,0,0,0,0,0,0,0,0,0,0,0,0,0,0,0,0,3,3
"447",2021-07-20,5,5,4,1,0,4,2,2,4,2,2,0,4,6,6,2,2,2,1,0,1,1,0,0,0,0,0,0,0,0,0,0,0,0,0,0,0,0,3,3,1,1
"448",2021-07-21,6,4,3,1,2,3,2,1,3,2,1,0,3,8,4,0,2,2,1,0,0,0,0,0,0,0,0,0,0,0,0,0,0,0,0,0,0,0,2,2,1,1
"449",2021-07-22,3,3,0,3,0,0,0,0,0,0,0,0,0,3,0,0,0,0,0,0,0,0,0,0,0,0,0,0,0,0,0,0,0,0,0,0,0,0,0,0,0,0
"450",2021-07-23,4,4,3,1,0,3,0,3,3,0,3,0,3,5,3,0,3,3,0,0,0,0,0,0,0,0,0,0,0,0,0,0,0,0,0,0,0,0,3,3,0,0
"451",2021-07-24,2,2,2,0,0,2,2,0,2,2,0,0,2,4,2,0,2,2,0,0,0,0,0,0,0,0,0,0,0,0,0,0,0,0,0,0,1,1,0,0,1,1
"452",2021-07-25,4,4,3,1,0,3,3,0,3,3,0,0,3,6,3,0,3,3,0,0,0,0,0,0,0,0,0,0,0,0,0,0,0,0,0,0,0,0,0,0,3,3
"453",2021-07-26,3,3,3,0,0,3,2,1,3,2,1,0,3,6,6,0,2,2,1,0,0,0,0,0,0,0,0,0,0,0,0,0,0,0,0,0,0,0,2,2,1,1
"454",2021-07-27,8,8,5,3,0,5,2,3,5,2,3,0,5,13,7,0,4,4,1,0,0,0,0,0,0,0,0,0,0,0,0,0,0,0,0,0,0,0,4,4,1,1
"455",2021-07-28,6,6,4,2,0,4,1,3,4,1,3,0,4,8,7,0,3,3,0,0,0,0,0,0,1,1,0,0,0,0,0,0,0,0,0,0,0,0,1,1,3,3
"456",2021-07-29,5,5,5,0,0,5,2,3,5,2,3,0,5,8,7,0,3,3,0,0,0,0,0,0,2,2,0,0,0,0,0,0,0,0,0,0,0,0,2,2,3,3
"457",2021-07-30,8,8,5,3,0,5,1,4,5,1,4,0,5,12,7,0,3,3,1,0,0,0,0,0,1,1,0,0,0,0,0,0,0,0,0,0,0,0,4,4,1,1
"458",2021-07-31,4,4,4,0,0,4,2,2,4,2,2,0,4,8,5,1,2,2,2,0,0,0,0,0,0,0,0,0,0,0,0,0,0,0,0,0,0,0,3,3,1,1
"459",2021-08-01,4,3,3,0,0,4,0,4,4,0,4,0,4,8,5,0,0,0,2,0,0,0,0,0,2,2,0,0,0,0,0,0,0,0,0,0,0,0,1,1,3,3
"460",2021-08-02,10,10,10,0,0,10,7,3,10,7,3,0,10,19,13,0,7,7,0,0,2,2,0,0,1,1,0,0,0,0,0,0,0,0,0,0,0,0,6,6,4,4
"461",2021-08-03,1,1,0,1,0,0,0,0,0,0,0,0,0,1,0,0,0,0,0,0,0,0,0,0,0,0,0,0,0,0,0,0,0,0,0,0,0,0,0,0,0,0
"462",2021-08-04,9,8,8,0,1,8,3,5,8,3,5,0,8,15,11,0,8,8,0,0,0,0,0,0,0,0,0,0,0,0,0,0,0,0,0,0,1,1,4,4,3,3
"463",2021-08-05,5,4,3,1,0,4,2,2,4,2,2,0,4,8,5,0,2,2,0,0,1,1,0,0,1,1,0,0,0,0,0,0,0,0,0,0,0,0,2,2,2,2
"464",2021-08-06,3,3,1,2,0,1,1,0,1,1,0,0,1,4,3,0,0,0,1,0,0,0,0,0,0,0,0,0,0,0,0,0,0,0,0,0,0,0,0,0,1,1
"465",2021-08-07,2,2,1,1,0,1,0,1,1,0,1,0,1,3,2,0,1,1,0,0,0,0,0,0,0,0,0,0,0,0,0,0,0,0,0,0,0,0,1,1,0,0
"466",2021-08-08,4,4,3,1,0,3,0,3,3,0,3,0,3,6,5,0,3,3,0,0,0,0,0,0,0,0,0,0,0,0,0,0,0,0,0,0,0,0,3,3,0,0
"467",2021-08-09,12,10,7,3,0,9,8,1,9,8,1,0,9,20,10,0,8,8,1,0,0,0,0,0,0,0,0,0,0,0,0,0,0,0,0,0,0,0,5,5,4,4
"468",2021-08-10,8,8,7,1,0,7,3,4,7,3,4,0,7,15,11,2,3,3,2,0,1,1,0,0,1,1,0,0,0,0,0,0,0,0,0,0,0,0,3,3,4,4
"469",2021-08-11,6,6,4,2,0,4,0,4,4,0,4,0,4,9,6,2,2,2,2,0,0,0,0,0,0,0,0,0,0,0,0,0,0,0,0,0,0,0,3,3,1,1
"470",2021-08-12,1,1,1,0,0,1,1,0,1,1,0,0,1,2,1,0,0,0,1,0,0,0,0,0,0,0,0,0,0,0,0,0,0,0,0,0,0,0,1,1,0,0
"471",2021-08-13,4,4,3,1,0,3,3,0,3,3,0,0,3,5,4,1,1,1,2,0,0,0,0,0,0,0,0,0,0,0,0,0,0,0,0,0,1,1,1,1,1,1
"472",2021-08-14,6,5,4,1,0,5,2,3,5,2,3,0,5,11,6,1,3,3,0,0,2,2,0,0,0,0,0,0,0,0,0,0,0,0,0,0,0,0,3,3,2,2
"473",2021-08-15,2,2,1,1,0,1,1,0,1,1,0,0,1,3,2,0,0,0,0,0,1,1,0,0,0,0,0,0,0,0,0,0,0,0,0,0,0,0,1,1,0,0
"474",2021-08-16,7,7,7,0,0,7,3,4,7,3,4,0,7,14,9,1,5,5,1,0,0,0,0,0,1,1,0,0,0,0,0,0,0,0,0,0,0,0,4,4,3,3
"475",2021-08-17,5,5,4,1,0,4,1,3,4,1,3,0,4,9,5,1,3,3,1,0,0,0,0,0,0,0,0,0,0,0,0,0,0,0,0,0,0,0,3,3,1,1
"476",2021-08-18,3,3,3,0,0,3,2,1,3,2,1,0,3,5,5,0,1,1,0,0,1,1,0,0,1,1,0,0,0,0,0,0,0,0,0,0,0,0,1,1,2,2
"477",2021-08-19,6,5,4,1,0,5,2,3,5,2,3,0,5,10,7,0,1,1,0,0,1,1,0,0,3,3,0,0,0,0,0,0,0,0,0,0,0,0,2,2,3,3
"478",2021-08-20,4,4,4,0,0,4,2,2,4,2,2,0,4,8,6,1,3,3,1,0,0,0,0,0,0,0,0,0,0,0,0,0,0,0,0,0,0,0,0,0,4,4
"479",2021-08-21,4,4,4,0,0,4,0,4,4,0,4,0,4,8,5,0,3,3,0,0,0,0,0,0,1,1,0,0,0,0,0,0,0,0,0,0,0,0,1,1,3,3
"480",2021-08-22,4,4,3,1,0,3,2,1,3,2,1,0,3,6,5,1,2,2,1,0,0,0,0,0,0,0,0,0,0,0,0,0,0,0,0,0,0,0,1,1,2,2
"481",2021-08-23,8,8,7,1,0,7,1,6,7,1,6,0,7,15,11,2,4,4,3,0,0,0,0,0,0,0,0,0,0,0,0,0,0,0,0,0,1,1,2,2,4,4
"482",2021-08-24,4,4,4,0,0,4,2,2,4,2,2,0,4,8,7,1,1,1,1,0,2,2,0,0,0,0,0,0,0,0,0,0,0,0,0,0,1,1,3,3,0,0
"483",2021-08-25,5,4,4,0,0,5,2,3,5,2,3,0,5,8,6,0,4,4,0,0,0,0,0,0,1,1,0,0,0,0,0,0,0,0,0,0,0,0,0,0,5,5
"484",2021-08-26,6,6,4,2,0,4,1,3,4,1,3,0,4,10,7,1,3,3,1,0,0,0,0,0,0,0,0,0,0,0,0,0,0,0,0,0,1,1,2,2,1,1
"485",2021-08-27,4,3,2,1,0,3,1,2,3,1,2,0,3,5,4,0,1,1,0,0,1,1,0,0,1,1,0,0,0,0,0,0,0,0,0,0,0,0,1,1,2,2
"486",2021-08-28,7,7,5,2,0,5,1,4,5,1,4,0,5,12,9,0,4,4,0,0,1,1,0,0,0,0,0,0,0,0,0,0,0,0,0,0,0,0,3,3,2,2
"487",2021-08-29,6,6,5,1,0,5,2,3,5,2,3,0,5,11,7,0,2,2,1,0,2,2,0,0,0,0,0,0,0,0,0,0,0,0,0,0,0,0,3,3,2,2
"488",2021-08-30,8,8,7,1,0,7,1,6,7,1,6,0,7,15,9,0,5,5,2,0,0,0,0,0,0,0,0,0,0,0,0,0,0,0,0,0,0,0,5,5,2,2
"489",2021-08-31,5,5,4,1,0,4,3,1,4,3,1,0,4,9,6,0,3,3,0,0,0,0,0,0,1,1,0,0,0,0,0,0,0,0,0,0,0,0,1,1,3,3
"490",2021-09-01,8,8,8,0,0,8,2,6,8,2,6,0,8,16,12,0,4,4,1,0,2,2,0,0,1,1,0,0,0,0,0,0,0,0,0,0,0,0,2,2,6,6
"491",2021-09-02,6,6,5,1,0,5,0,5,5,0,5,0,5,10,7,1,3,3,1,0,1,1,0,0,0,0,0,0,0,0,0,0,0,0,0,0,0,0,4,4,1,1
"492",2021-09-03,7,7,7,0,0,7,3,4,7,3,4,0,7,14,9,1,6,6,1,0,0,0,0,0,0,0,0,0,0,0,0,0,0,0,0,0,0,0,2,2,5,5
"493",2021-09-04,2,2,1,1,0,1,0,1,1,0,1,0,1,3,1,0,1,1,0,0,0,0,0,0,0,0,0,0,0,0,0,0,0,0,0,0,0,0,0,0,1,1
"494",2021-09-05,1,1,1,0,0,1,0,1,1,0,1,0,1,2,2,0,0,0,0,0,1,1,0,0,0,0,0,0,0,0,0,0,0,0,0,0,0,0,0,0,1,1
"495",2021-09-06,3,2,1,1,0,2,0,2,2,0,2,0,2,5,4,0,1,1,0,0,1,1,0,0,0,0,0,0,0,0,0,0,0,0,0,0,0,0,0,0,2,2
"496",2021-09-07,8,8,7,1,0,7,4,3,7,4,3,0,7,15,12,4,3,3,4,0,0,0,0,0,0,0,0,0,0,0,0,0,0,0,0,0,0,0,6,6,1,1
"497",2021-09-08,7,7,4,3,0,4,2,2,4,2,2,0,4,11,5,0,4,4,0,0,0,0,0,0,0,0,0,0,0,0,0,0,0,0,0,0,0,0,1,1,3,3
"498",2021-09-09,5,5,4,1,0,4,2,2,4,2,2,0,4,9,5,0,4,4,0,0,0,0,0,0,0,0,0,0,0,0,0,0,0,0,0,0,0,0,2,2,2,2
"499",2021-09-10,6,6,6,0,0,6,3,3,6,3,3,0,6,12,8,1,4,4,1,0,1,1,0,0,0,0,0,0,0,0,0,0,0,0,0,0,0,0,3,3,3,3
"500",2021-09-11,5,4,3,1,1,3,0,3,3,0,3,0,3,7,4,0,2,2,0,0,1,1,0,0,0,0,0,0,0,0,0,0,0,0,0,0,0,0,1,1,2,2
"501",2021-09-12,3,3,3,0,0,3,1,2,3,1,2,0,3,6,4,0,2,2,1,0,0,0,0,0,0,0,0,0,0,0,0,0,0,0,0,0,0,0,2,2,1,1
"502",2021-09-13,5,5,1,4,0,1,0,1,1,0,1,0,1,6,2,0,0,0,1,0,0,0,0,0,0,0,0,0,0,0,0,0,0,0,0,0,0,0,0,0,1,1
"503",2021-09-14,3,3,3,0,0,3,2,1,3,2,1,0,3,6,4,0,3,3,0,0,0,0,0,0,0,0,0,0,0,0,0,0,0,0,0,0,1,1,0,0,2,2
"504",2021-09-15,5,5,3,2,0,3,2,1,3,2,1,0,3,8,4,1,1,1,1,0,0,0,0,0,1,1,0,0,0,0,0,0,0,0,0,0,0,0,2,2,1,1
"505",2021-09-16,3,3,2,1,0,2,0,2,2,0,2,0,2,5,3,0,1,1,1,0,0,0,0,0,0,0,0,0,0,0,0,0,0,0,0,0,0,0,1,1,1,1
"506",2021-09-17,7,7,7,0,0,7,3,4,7,3,4,0,7,14,9,1,4,4,1,0,1,1,0,0,1,1,0,0,0,0,0,0,0,0,0,0,0,0,4,4,3,3
"507",2021-09-18,2,1,1,0,0,2,1,1,2,1,1,0,2,4,2,0,1,1,0,0,0,0,0,0,1,1,0,0,0,0,0,0,0,0,0,0,0,0,1,1,1,1
"508",2021-09-19,3,3,3,0,0,3,0,3,3,0,3,0,3,5,4,0,2,2,1,0,0,0,0,0,0,0,0,0,0,0,0,0,0,0,0,0,0,0,3,3,0,0
"509",2021-09-20,4,4,4,0,0,4,1,3,4,1,3,0,4,7,5,1,2,2,1,0,1,1,0,0,0,0,0,0,0,0,0,0,0,0,0,0,0,0,0,0,4,4
"510",2021-09-21,8,7,6,1,0,7,3,4,7,3,4,0,7,15,9,1,3,3,3,0,0,0,0,0,1,1,0,0,0,0,0,0,0,0,0,0,1,1,0,0,6,6
"511",2021-09-22,7,7,7,0,0,7,4,3,7,4,3,0,7,14,9,1,4,4,3,0,0,0,0,0,0,0,0,0,0,0,0,0,0,0,0,0,0,0,4,4,3,3
"512",2021-09-23,2,2,2,0,0,2,1,1,2,1,1,0,2,4,3,0,1,1,0,0,1,1,0,0,0,0,0,0,0,0,0,0,0,0,0,0,0,0,1,1,1,1
"513",2021-09-24,3,3,3,0,0,3,2,1,3,2,1,0,3,5,4,1,2,2,0,0,1,1,0,0,0,0,0,0,0,0,0,0,0,0,0,0,0,0,2,2,1,1
"514",2021-09-25,4,4,3,1,0,3,3,0,3,3,0,0,3,7,4,1,2,2,1,0,0,0,0,0,0,0,0,0,0,0,0,0,0,0,0,0,0,0,1,1,2,2
"515",2021-09-26,1,1,0,1,0,0,0,0,0,0,0,0,0,1,0,0,0,0,0,0,0,0,0,0,0,0,0,0,0,0,0,0,0,0,0,0,0,0,0,0,0,0
"516",2021-09-27,8,8,8,0,0,8,3,5,8,3,5,0,8,16,9,1,4,4,2,0,1,1,0,0,1,1,0,0,0,0,0,0,0,0,0,0,0,0,1,1,7,7
"517",2021-09-28,1,1,0,1,0,0,0,0,0,0,0,0,0,1,0,0,0,0,0,0,0,0,0,0,0,0,0,0,0,0,0,0,0,0,0,0,0,0,0,0,0,0
"518",2021-09-29,3,3,2,1,0,2,2,0,2,2,0,0,2,5,3,0,2,2,0,0,0,0,0,0,0,0,0,0,0,0,0,0,0,0,0,0,0,0,0,0,2,2
"519",2021-09-30,4,4,3,1,0,3,1,2,3,1,2,0,3,7,3,0,3,3,0,0,0,0,0,0,0,0,0,0,0,0,0,0,0,0,0,0,0,0,0,0,3,3
"520",2021-10-01,2,1,1,0,1,1,0,1,1,0,1,0,1,3,2,0,1,1,0,0,0,0,0,0,0,0,0,0,0,0,0,0,0,0,0,0,0,0,0,0,1,1
"521",2021-10-02,2,2,2,0,0,2,0,2,2,0,2,0,2,4,2,0,1,1,1,0,0,0,0,0,0,0,0,0,0,0,0,0,0,0,0,0,0,0,1,1,1,1
"522",2021-10-03,2,2,2,0,0,2,2,0,2,2,0,0,2,4,3,0,2,2,0,0,0,0,0,0,0,0,0,0,0,0,0,0,0,0,0,0,0,0,1,1,1,1
"523",2021-10-04,4,3,3,0,0,4,1,3,4,1,3,0,4,8,5,0,2,2,1,0,1,1,0,0,0,0,0,0,0,0,0,0,0,0,0,0,0,0,3,3,1,1
"524",2021-10-05,5,4,3,1,0,4,1,3,4,1,3,0,4,9,4,0,4,4,0,0,0,0,0,0,0,0,0,0,0,0,0,0,0,0,1,1,0,0,0,0,3,3
"525",2021-10-06,1,1,1,0,0,1,1,0,1,1,0,0,1,2,1,0,1,1,0,0,0,0,0,0,0,0,0,0,0,0,0,0,0,0,0,0,0,0,0,0,1,1
"526",2021-10-07,4,4,3,1,0,3,2,1,3,2,1,0,3,6,3,0,3,3,0,0,0,0,0,0,0,0,0,0,0,0,0,0,0,0,0,0,0,0,2,2,1,1
"527",2021-10-08,3,3,1,2,0,1,0,1,1,0,1,0,1,4,2,0,1,1,0,0,0,0,0,0,0,0,0,0,0,0,0,0,0,0,0,0,0,0,1,1,0,0
"528",2021-10-10,2,2,2,0,0,2,0,2,2,0,2,0,2,4,2,0,2,2,0,0,0,0,0,0,0,0,0,0,0,0,0,0,0,0,0,0,0,0,0,0,2,2
"529",2021-10-12,2,2,2,0,0,2,2,0,2,2,0,0,2,4,3,1,1,1,1,0,0,0,0,0,0,0,0,0,0,0,0,0,0,0,0,0,0,0,0,0,2,2
"530",2021-10-13,2,2,1,1,0,1,0,1,1,0,1,0,1,3,2,0,1,1,0,0,0,0,0,0,0,0,0,0,0,0,0,0,0,0,0,0,0,0,1,1,0,0
"531",2021-10-14,1,1,1,0,0,1,0,1,1,0,1,0,1,2,2,0,0,0,0,0,1,1,0,0,0,0,0,0,0,0,0,0,0,0,0,0,0,0,1,1,0,0
"532",2021-10-15,4,4,1,3,0,1,1,0,1,1,0,0,1,4,1,0,1,1,0,0,0,0,0,0,0,0,0,0,0,0,0,0,0,0,0,0,0,0,0,0,1,1
"533",2021-10-17,1,1,1,0,0,1,0,1,1,0,1,0,1,2,1,0,1,1,0,0,0,0,0,0,0,0,0,0,0,0,0,0,0,0,0,0,0,0,0,0,1,1
"534",2021-10-19,3,3,3,0,0,3,2,1,3,2,1,0,3,6,3,0,2,2,1,0,0,0,0,0,0,0,0,0,0,0,0,0,0,0,0,0,0,0,0,0,3,3
"535",2021-10-20,3,3,2,1,0,2,0,2,2,0,2,0,2,5,3,0,0,0,0,0,1,1,0,0,1,1,0,0,0,0,0,0,0,0,0,0,0,0,0,0,2,2
"536",2021-10-21,2,2,2,0,0,2,1,1,2,1,1,0,2,4,2,0,2,2,0,0,0,0,0,0,0,0,0,0,0,0,0,0,0,0,0,0,0,0,1,1,1,1
"537",2021-10-22,4,4,4,0,0,4,2,2,4,2,2,0,4,8,6,1,1,1,1,0,2,2,0,0,0,0,0,0,0,0,0,0,0,0,0,0,0,0,1,1,3,3
"538",2021-10-23,1,1,1,0,0,1,1,0,1,1,0,0,1,2,2,1,0,0,1,0,0,0,0,0,0,0,0,0,0,0,0,0,0,0,0,0,0,0,1,1,0,0
"539",2021-10-24,1,1,0,1,0,0,0,0,0,0,0,0,0,1,0,0,0,0,0,0,0,0,0,0,0,0,0,0,0,0,0,0,0,0,0,0,0,0,0,0,0,0
"540",2021-10-25,1,1,1,0,0,1,0,1,1,0,1,0,1,2,1,0,1,1,0,0,0,0,0,0,0,0,0,0,0,0,0,0,0,0,0,0,0,0,0,0,1,1
"541",2021-10-26,2,2,1,1,0,1,0,1,1,0,1,0,1,3,2,0,1,1,0,0,0,0,0,0,0,0,0,0,0,0,0,0,0,0,0,0,0,0,0,0,1,1
"542",2021-10-28,1,1,0,1,0,0,0,0,0,0,0,0,0,1,0,0,0,0,0,0,0,0,0,0,0,0,0,0,0,0,0,0,0,0,0,0,0,0,0,0,0,0
"543",2021-10-29,1,1,1,0,0,1,1,0,1,1,0,0,1,2,1,0,1,1,0,0,0,0,0,0,0,0,0,0,0,0,0,0,0,0,0,0,0,0,0,0,1,1
"544",2021-10-30,1,1,1,0,0,1,0,1,1,0,1,0,1,2,1,0,1,1,0,0,0,0,0,0,0,0,0,0,0,0,0,0,0,0,0,0,0,0,0,0,1,1
"545",2021-11-01,2,2,2,0,0,2,1,1,2,1,1,0,2,4,2,0,1,1,1,0,0,0,0,0,0,0,0,0,0,0,0,0,0,0,0,0,0,0,1,1,1,1
"546",2021-11-02,2,2,2,0,0,2,0,2,2,0,2,0,2,3,2,0,2,2,0,0,0,0,0,0,0,0,0,0,0,0,0,0,0,0,0,0,0,0,1,1,1,1
"547",2021-11-03,1,1,1,0,0,1,1,0,1,1,0,0,1,2,1,0,0,0,0,0,0,0,0,0,1,1,0,0,0,0,0,0,0,0,0,0,0,0,1,1,0,0
"548",2021-11-04,4,4,2,2,0,2,0,2,2,0,2,0,2,6,4,0,1,1,1,0,0,0,0,0,0,0,0,0,0,0,0,0,0,0,0,0,0,0,2,2,0,0
"549",2021-11-05,2,2,0,2,0,0,0,0,0,0,0,0,0,2,0,0,0,0,0,0,0,0,0,0,0,0,0,0,0,0,0,0,0,0,0,0,0,0,0,0,0,0
"550",2021-11-06,3,3,3,0,0,3,1,2,3,1,2,0,3,6,3,0,3,3,0,0,0,0,0,0,0,0,0,0,0,0,0,0,0,0,0,0,0,0,1,1,2,2
"551",2021-11-07,2,2,2,0,0,2,0,2,2,0,2,0,2,4,2,0,2,2,0,0,0,0,0,0,0,0,0,0,0,0,0,0,0,0,0,0,0,0,0,0,2,2
"552",2021-11-08,1,1,0,1,0,0,0,0,0,0,0,0,0,0,0,0,0,0,0,0,0,0,0,0,0,0,0,0,0,0,0,0,0,0,0,0,0,0,0,0,0,0
"553",2021-11-09,2,2,2,0,0,2,1,1,2,1,1,0,2,4,2,0,2,2,0,0,0,0,0,0,0,0,0,0,0,0,0,0,0,0,0,0,0,0,2,2,0,0
"554",2021-11-10,4,4,4,0,0,4,2,2,4,2,2,0,4,8,6,1,3,3,1,0,0,0,0,0,0,0,0,0,0,0,0,0,0,0,0,0,0,0,2,2,2,2
"555",2021-11-11,3,3,1,2,0,1,0,1,1,0,1,0,1,3,2,0,0,0,1,0,0,0,0,0,0,0,0,0,0,0,0,0,0,0,0,0,0,0,0,0,1,1
"556",2021-11-12,3,2,2,0,1,2,1,1,2,1,1,0,2,5,3,1,0,0,0,0,0,0,0,0,2,2,0,0,0,0,0,0,0,0,0,0,0,0,1,1,1,1
"557",2021-11-13,3,2,1,1,1,1,0,1,1,0,1,0,1,4,1,0,1,1,0,0,0,0,0,0,0,0,0,0,0,0,0,0,0,0,0,0,0,0,0,0,1,1
"558",2021-11-14,1,1,0,1,0,0,0,0,0,0,0,0,0,1,0,0,0,0,0,0,0,0,0,0,0,0,0,0,0,0,0,0,0,0,0,0,0,0,0,0,0,0
"559",2021-11-15,4,4,3,1,0,3,3,0,3,3,0,0,3,7,4,0,2,2,1,0,0,0,0,0,0,0,0,0,0,0,0,0,0,0,0,0,0,0,0,0,3,3
"560",2021-11-16,2,2,1,1,0,1,0,1,1,0,1,0,1,3,2,0,0,0,0,0,0,0,0,0,1,1,0,0,0,0,0,0,0,0,0,0,0,0,1,1,0,0
"561",2021-11-17,4,4,4,0,0,4,1,3,4,1,3,0,4,8,4,0,4,4,0,0,0,0,0,0,0,0,0,0,0,0,0,0,0,0,0,0,0,0,0,0,4,4
"562",2021-11-18,4,4,2,2,0,2,0,2,2,0,2,0,2,6,2,0,2,2,0,0,0,0,0,0,0,0,0,0,0,0,0,0,0,0,0,0,0,0,1,1,1,1
"563",2021-11-19,3,3,2,1,0,2,0,2,2,0,2,0,2,5,3,0,1,1,0,0,0,0,0,0,1,1,0,0,0,0,0,0,0,0,0,0,0,0,1,1,1,1
"564",2021-11-20,1,1,0,1,0,0,0,0,0,0,0,0,0,1,0,0,0,0,0,0,0,0,0,0,0,0,0,0,0,0,0,0,0,0,0,0,0,0,0,0,0,0
"565",2021-11-21,7,6,6,0,0,7,3,4,7,3,4,0,7,14,10,2,4,4,2,0,0,0,0,0,1,1,0,0,0,0,0,0,0,0,0,0,0,0,0,0,7,7
"566",2021-11-22,6,6,5,1,0,5,3,2,5,3,2,0,5,11,6,1,3,3,1,0,0,0,0,0,1,1,0,0,0,0,0,0,0,0,0,0,0,0,1,1,4,4
"567",2021-11-23,5,5,5,0,0,5,1,4,5,1,4,0,5,10,5,0,3,3,0,0,1,1,0,0,1,1,0,0,0,0,0,0,0,0,0,0,0,0,1,1,4,4
"568",2021-11-24,1,1,0,1,0,0,0,0,0,0,0,0,0,0,0,0,0,0,0,0,0,0,0,0,0,0,0,0,0,0,0,0,0,0,0,0,0,0,0,0,0,0
"569",2021-11-25,7,7,7,0,0,7,2,5,7,2,5,0,7,14,7,0,7,7,0,0,0,0,0,0,0,0,0,0,0,0,0,0,0,0,0,0,0,0,3,3,4,4
"570",2021-11-26,1,1,1,0,0,1,1,0,1,1,0,0,1,2,1,0,1,1,0,0,0,0,0,0,0,0,0,0,0,0,0,0,0,0,0,0,0,0,0,0,1,1
"571",2021-11-27,3,3,1,2,0,1,0,1,1,0,1,0,1,4,1,0,0,0,1,0,0,0,0,0,0,0,0,0,0,0,0,0,0,0,0,0,0,0,1,1,0,0
"572",2021-11-28,9,9,9,0,0,9,1,8,9,1,8,0,9,18,11,0,5,5,1,0,1,1,0,0,2,2,0,0,0,0,0,0,0,0,0,0,0,0,1,1,8,8
"573",2021-11-29,4,4,4,0,0,4,2,2,4,2,2,0,4,8,4,0,4,4,0,0,0,0,0,0,0,0,0,0,0,0,0,0,0,0,0,0,0,0,2,2,2,2
"574",2021-11-30,3,1,0,1,2,0,0,0,0,0,0,0,0,1,0,0,0,0,0,0,0,0,0,0,0,0,0,0,0,0,0,0,0,0,0,0,0,0,0,0,0,0
"575",2021-12-01,3,3,3,0,0,3,1,2,3,1,2,0,3,6,4,1,2,2,1,0,0,0,0,0,0,0,0,0,0,0,0,0,0,0,0,0,0,0,0,0,3,3
"576",2021-12-02,4,4,4,0,0,4,1,3,4,1,3,0,4,8,6,1,2,2,0,0,2,2,0,0,0,0,0,0,0,0,0,0,0,0,0,0,0,0,0,0,4,4
"577",2021-12-03,6,6,6,0,0,6,4,2,6,4,2,0,6,12,7,0,5,5,0,0,1,1,0,0,0,0,0,0,0,0,0,0,0,0,0,0,0,0,3,3,3,3
"578",2021-12-04,10,10,9,1,0,9,3,6,9,3,6,0,9,19,12,1,7,7,1,0,1,1,0,0,0,0,0,0,0,0,0,0,0,0,0,0,0,0,2,2,7,7
"579",2021-12-05,5,5,3,2,0,3,1,2,3,1,2,0,3,7,5,0,1,1,0,0,2,2,0,0,0,0,0,0,0,0,0,0,0,0,0,0,0,0,1,1,2,2
"580",2021-12-06,4,3,3,0,0,4,2,2,4,2,2,0,4,8,4,0,4,4,0,0,0,0,0,0,0,0,0,0,0,0,0,0,0,0,0,0,0,0,1,1,3,3
"581",2021-12-07,11,9,9,0,2,9,4,5,9,4,5,0,9,20,11,2,4,4,4,0,0,0,0,0,1,1,0,0,0,0,0,0,0,0,0,0,2,2,1,1,6,6
"582",2021-12-08,10,9,9,0,0,10,4,6,10,4,6,0,10,20,12,1,6,6,2,0,2,2,0,0,0,0,0,0,0,0,0,0,0,0,0,0,0,0,1,1,9,9
"583",2021-12-09,4,3,3,0,0,4,1,3,4,1,3,0,4,8,5,0,4,4,0,0,0,0,0,0,0,0,0,0,0,0,0,0,0,0,0,0,0,0,0,0,4,4
"584",2021-12-10,8,8,6,2,0,6,3,3,6,3,3,0,6,13,7,1,5,5,1,0,0,0,0,0,0,0,0,0,0,0,0,0,0,0,0,0,0,0,2,2,4,4
"585",2021-12-11,8,8,8,0,0,8,2,6,8,2,6,0,8,16,8,0,6,6,1,0,0,0,0,0,1,1,0,0,0,0,0,0,0,0,0,0,0,0,1,1,7,7
"586",2021-12-12,10,10,9,1,0,9,5,4,9,5,4,1,8,17,8,0,8,8,0,0,0,0,0,0,1,1,0,0,0,0,0,0,0,0,0,0,0,0,1,1,8,8
"587",2021-12-13,4,4,4,0,0,4,2,2,4,2,2,0,4,8,4,0,3,3,0,0,0,0,0,0,1,1,0,0,0,0,0,0,0,0,0,0,0,0,1,1,3,3
"588",2021-12-14,12,11,10,1,1,10,3,7,10,3,7,0,10,22,11,0,5,5,3,0,0,0,0,0,2,2,0,0,0,0,0,0,0,0,0,0,0,0,4,4,6,6
"589",2021-12-15,7,7,5,2,0,5,1,4,5,1,4,0,5,11,7,0,1,1,2,0,2,2,0,0,0,0,0,0,0,0,0,0,0,0,0,0,0,0,2,2,3,3
"590",2021-12-16,6,6,5,1,0,5,3,2,5,3,2,0,5,11,6,0,4,4,0,0,0,0,0,0,1,1,0,0,0,0,0,0,0,0,0,0,0,0,1,1,4,4
"591",2021-12-17,6,6,3,3,0,3,0,3,3,0,3,0,3,8,3,0,3,3,0,0,0,0,0,0,0,0,0,0,0,0,0,0,0,0,0,0,0,0,1,1,2,2
"592",2021-12-18,1,1,1,0,0,1,1,0,1,1,0,0,1,2,1,0,1,1,0,0,0,0,0,0,0,0,0,0,0,0,0,0,0,0,0,0,0,0,0,0,1,1
"593",2021-12-19,6,5,3,2,1,3,3,0,3,3,0,0,3,9,4,0,2,2,1,0,0,0,0,0,0,0,0,0,0,0,0,0,0,0,0,0,0,0,1,1,2,2
"594",2021-12-20,7,7,4,3,0,4,2,2,4,2,2,0,4,11,6,1,2,2,1,0,0,0,0,0,1,1,0,0,0,0,0,0,0,0,0,0,0,0,0,0,4,4
"595",2021-12-21,3,3,2,1,0,2,0,2,2,0,2,0,2,5,3,0,1,1,0,0,0,0,0,0,1,1,0,0,0,0,0,0,0,0,0,0,0,0,0,0,2,2
"596",2021-12-22,8,8,8,0,0,8,2,6,8,2,6,0,8,15,12,2,4,4,2,0,2,2,0,0,0,0,0,0,0,0,0,0,0,0,0,0,0,0,2,2,6,6
"597",2021-12-23,9,9,7,2,0,7,3,4,7,3,4,0,7,16,9,0,2,2,0,0,3,3,0,0,2,2,0,0,0,0,0,0,0,0,0,0,0,0,1,1,6,6
"598",2021-12-24,4,4,3,1,0,3,1,2,3,1,2,0,3,7,4,0,3,3,0,0,0,0,0,0,0,0,0,0,0,0,0,0,0,0,0,0,0,0,1,1,2,2
"599",2021-12-25,9,9,7,2,0,7,2,5,7,2,5,0,7,16,9,0,4,4,1,0,1,1,0,0,1,1,0,0,0,0,0,0,0,0,0,0,0,0,0,0,7,7
"600",2021-12-26,9,9,7,2,0,7,2,5,7,2,5,0,7,16,9,1,4,4,1,0,0,0,0,0,2,2,0,0,0,0,0,0,0,0,0,0,0,0,3,3,4,4
"601",2021-12-27,3,2,2,0,1,2,0,2,2,0,2,0,2,5,2,0,2,2,0,0,0,0,0,0,0,0,0,0,0,0,0,0,0,0,0,0,0,0,0,0,2,2
"602",2021-12-28,10,10,7,3,0,7,5,2,7,5,2,0,7,17,9,0,6,6,1,0,0,0,0,0,0,0,0,0,0,0,0,0,0,0,0,0,0,0,2,2,5,5
"603",2021-12-29,5,5,5,0,0,5,2,3,5,2,3,0,5,10,5,0,5,5,0,0,0,0,0,0,0,0,0,0,0,0,0,0,0,0,0,0,0,0,1,1,4,4
"604",2021-12-30,5,5,4,1,0,4,1,3,4,1,3,0,4,9,5,0,2,2,0,0,0,0,0,0,2,2,0,0,0,0,0,0,0,0,0,0,0,0,3,3,1,1
"605",2021-12-31,1,1,1,0,0,1,0,1,1,0,1,0,1,2,2,1,0,0,1,0,0,0,0,0,0,0,0,0,0,0,0,0,0,0,0,0,0,0,1,1,0,0
"606",2022-01-01,5,5,3,2,0,3,0,3,3,0,3,0,3,8,7,0,1,1,0,0,1,1,0,0,1,1,0,0,0,0,0,0,0,0,0,0,0,0,0,0,3,3
"607",2022-01-02,5,5,4,1,0,4,0,4,4,0,4,0,4,8,7,2,2,2,2,0,0,0,0,0,0,0,0,0,0,0,0,0,0,0,0,0,0,0,4,4,0,0
"608",2022-01-03,6,6,5,1,0,5,1,4,5,1,4,0,5,11,6,0,5,5,0,0,0,0,0,0,0,0,0,0,0,0,0,0,0,0,0,0,0,0,0,0,5,5
"609",2022-01-04,5,5,4,1,0,4,0,4,4,0,4,0,4,7,5,0,2,2,1,0,0,0,0,0,1,1,0,0,0,0,0,0,0,0,0,0,0,0,2,2,2,2
"610",2022-01-05,5,5,5,0,0,5,2,3,5,2,3,0,5,10,6,0,4,4,1,0,0,0,0,0,0,0,0,0,0,0,0,0,0,0,0,0,0,0,3,3,2,2
"611",2022-01-06,2,2,2,0,0,2,1,1,2,1,1,0,2,4,2,0,2,2,0,0,0,0,0,0,0,0,0,0,0,0,0,0,0,0,0,0,0,0,0,0,2,2
"612",2022-01-07,4,4,3,1,0,3,1,2,3,1,2,0,3,7,4,0,1,1,1,0,0,0,0,0,1,1,0,0,0,0,0,0,0,0,0,0,0,0,1,1,2,2
"613",2022-01-08,6,6,5,1,0,5,3,2,5,3,2,0,5,11,7,0,4,4,0,0,1,1,0,0,0,0,0,0,0,0,0,0,0,0,0,0,0,0,1,1,4,4
"614",2022-01-09,6,6,3,3,0,3,1,2,3,1,2,0,3,9,5,1,1,1,2,0,0,0,0,0,0,0,0,0,0,0,0,0,0,0,0,0,0,0,3,3,0,0
"615",2022-01-10,4,4,1,3,0,1,1,0,1,1,0,0,1,5,2,0,0,0,0,0,1,1,0,0,0,0,0,0,0,0,0,0,0,0,0,0,0,0,1,1,0,0
"616",2022-01-11,3,3,2,1,0,2,1,1,2,1,1,0,2,5,3,0,1,1,0,0,0,0,0,0,1,1,0,0,0,0,0,0,0,0,0,0,0,0,0,0,2,2
"617",2022-01-12,1,1,1,0,0,1,0,1,1,0,1,0,1,2,1,0,1,1,0,0,0,0,0,0,0,0,0,0,0,0,0,0,0,0,0,0,0,0,0,0,1,1
"618",2022-01-13,4,4,4,0,0,4,4,0,4,4,0,0,4,8,5,1,1,1,0,0,0,0,0,0,3,3,0,0,0,0,0,0,0,0,0,0,0,0,2,2,2,2
"619",2022-01-15,4,4,3,1,0,3,2,1,3,2,1,0,3,7,3,0,3,3,0,0,0,0,0,0,0,0,0,0,0,0,0,0,0,0,0,0,0,0,0,0,3,3
"620",2022-01-16,7,6,5,1,0,6,1,5,6,1,5,0,6,13,7,1,4,4,0,0,0,0,0,0,2,2,0,0,0,0,0,0,0,0,0,0,0,0,4,4,2,2
"621",2022-01-17,7,7,4,3,0,4,2,2,4,2,2,0,4,10,4,0,4,4,0,0,0,0,0,0,0,0,0,0,0,0,0,0,0,0,0,0,0,0,2,2,2,2
"622",2022-01-18,2,2,2,0,0,2,1,1,2,1,1,0,2,4,2,0,1,1,0,0,0,0,0,0,1,1,0,0,0,0,0,0,0,0,0,0,0,0,1,1,1,1
"623",2022-01-19,2,2,2,0,0,2,1,1,2,1,1,0,2,4,2,0,2,2,0,0,0,0,0,0,0,0,0,0,0,0,0,0,0,0,0,0,0,0,0,0,2,2
"624",2022-01-20,5,5,4,1,0,4,1,3,4,1,3,0,4,9,4,0,4,4,0,0,0,0,0,0,0,0,0,0,0,0,0,0,0,0,0,0,0,0,1,1,3,3
"625",2022-01-21,5,5,4,1,0,4,2,2,4,2,2,0,4,8,4,0,2,2,2,0,0,0,0,0,0,0,0,0,0,0,0,0,0,0,0,0,0,0,3,3,1,1
"626",2022-01-22,5,5,4,1,0,4,2,2,4,2,2,0,4,9,5,0,2,2,1,0,0,0,0,0,1,1,0,0,0,0,0,0,0,0,0,0,0,0,1,1,3,3
"627",2022-01-23,6,6,4,2,0,4,1,3,4,1,3,0,4,10,5,0,4,4,0,0,0,0,0,0,0,0,0,0,0,0,0,0,0,0,0,0,0,0,0,0,4,4
"628",2022-01-24,4,4,2,2,0,2,1,1,2,1,1,0,2,6,2,0,1,1,1,0,0,0,0,0,0,0,0,0,0,0,0,0,0,0,0,0,0,0,1,1,1,1
"629",2022-01-25,10,10,8,2,0,8,3,5,8,3,5,0,8,18,10,0,6,6,1,0,0,0,0,0,1,1,0,0,0,0,0,0,0,0,0,0,0,0,2,2,6,6
"630",2022-01-26,10,9,7,2,0,8,4,4,8,4,4,0,8,17,9,0,6,6,0,0,2,2,0,0,0,0,0,0,0,0,0,0,0,0,0,0,0,0,1,1,7,7
"631",2022-01-27,8,8,8,0,0,8,5,3,8,5,3,0,8,16,11,0,5,5,0,0,1,1,0,0,2,2,0,0,0,0,0,0,0,0,0,0,0,0,2,2,6,6
"632",2022-01-28,9,9,5,4,0,5,0,5,5,0,5,0,5,14,6,0,2,2,1,0,1,1,0,0,1,1,0,0,0,0,0,0,0,0,0,0,0,0,0,0,5,5
"633",2022-01-29,5,5,2,3,0,2,0,2,2,0,2,0,2,7,2,0,1,1,1,0,0,0,0,0,0,0,0,0,0,0,0,0,0,0,0,0,0,0,1,1,1,1
"634",2022-01-30,12,12,7,5,0,7,2,5,7,2,5,0,7,19,8,0,3,3,3,0,0,0,0,0,1,1,0,0,0,0,0,0,0,0,0,0,0,0,1,1,6,6
"635",2022-01-31,4,3,3,0,1,3,1,2,3,1,2,0,3,7,5,0,2,2,0,0,0,0,0,0,1,1,0,0,0,0,0,0,0,0,0,0,0,0,0,0,3,3
"636",2022-02-01,9,9,5,4,0,5,2,3,5,2,3,0,5,14,7,0,5,5,0,0,0,0,0,0,0,0,0,0,0,0,0,0,0,0,0,0,0,0,0,0,5,5
"637",2022-02-02,14,14,14,0,0,14,5,9,14,5,9,0,14,28,15,0,11,11,2,0,1,1,0,0,0,0,0,0,0,0,0,0,0,0,0,0,0,0,5,5,9,9
"638",2022-02-03,6,6,6,0,0,6,3,3,6,3,3,0,6,12,8,1,3,3,2,0,1,1,0,0,0,0,0,0,0,0,0,0,0,0,0,0,0,0,1,1,5,5
"639",2022-02-04,5,5,5,0,0,5,2,3,5,2,3,0,5,10,5,0,3,3,1,0,0,0,0,0,1,1,0,0,0,0,0,0,0,0,0,0,0,0,2,2,3,3
"640",2022-02-05,9,8,6,2,0,7,6,1,7,6,1,0,7,16,7,0,5,5,0,0,1,1,0,0,1,1,0,0,0,0,0,0,0,0,0,0,0,0,1,1,6,6
"641",2022-02-06,8,8,7,1,0,7,2,5,7,2,5,0,7,14,9,0,5,5,0,0,1,1,0,0,1,1,0,0,0,0,0,0,0,0,0,0,0,0,1,1,6,6
"642",2022-02-07,11,10,9,1,0,10,4,6,10,4,6,0,10,21,12,0,8,8,1,0,0,0,0,0,1,1,0,0,0,0,0,0,0,0,0,0,0,0,2,2,8,8
"643",2022-02-08,6,5,4,1,0,5,2,3,5,2,3,0,5,11,5,0,4,4,1,0,0,0,0,0,0,0,0,0,0,0,0,0,0,0,0,0,0,0,0,0,5,5
"644",2022-02-09,4,4,4,0,0,4,1,3,4,1,3,0,4,8,6,0,4,4,0,0,0,0,0,0,0,0,0,0,0,0,0,0,0,0,0,0,0,0,1,1,3,3
"645",2022-02-10,8,8,7,1,0,7,3,4,7,3,4,0,7,15,9,0,5,5,1,0,0,0,0,0,1,1,0,0,0,0,0,0,0,0,0,0,0,0,2,2,5,5
"646",2022-02-11,4,4,4,0,0,4,3,1,4,3,1,0,4,8,6,0,3,3,0,0,1,1,0,0,0,0,0,0,0,0,0,0,0,0,0,0,0,0,0,0,4,4
"647",2022-02-12,6,6,6,0,0,6,3,3,6,3,3,1,5,11,8,1,3,3,1,0,1,1,0,0,1,1,0,0,0,0,0,0,0,0,0,0,0,0,1,1,5,5
"648",2022-02-13,1,1,1,0,0,1,1,0,1,1,0,0,1,2,2,0,0,0,0,0,0,0,0,0,1,1,0,0,0,0,0,0,0,0,0,0,0,0,0,0,1,1
"649",2022-02-14,9,9,7,2,0,7,3,4,7,3,4,0,7,14,9,0,5,5,0,0,1,1,0,0,1,1,0,0,0,0,0,0,0,0,0,0,0,0,2,2,5,5
"650",2022-02-15,5,5,5,0,0,5,1,4,5,1,4,0,5,10,7,0,3,3,0,0,2,2,0,0,0,0,0,0,0,0,0,0,0,0,0,0,0,0,0,0,5,5
"651",2022-02-16,4,4,3,1,0,3,2,1,3,2,1,0,3,7,5,1,3,3,0,0,0,0,0,0,0,0,0,0,0,0,0,0,0,0,0,0,1,1,1,1,1,1
"652",2022-02-17,4,4,4,0,0,4,0,4,4,0,4,0,4,8,5,0,3,3,0,0,1,1,0,0,0,0,0,0,0,0,0,0,0,0,0,0,0,0,0,0,4,4
"653",2022-02-18,2,2,2,0,0,2,1,1,2,1,1,0,2,4,2,0,2,2,0,0,0,0,0,0,0,0,0,0,0,0,0,0,0,0,0,0,0,0,0,0,2,2
"654",2022-02-19,4,4,4,0,0,4,1,3,4,1,3,0,4,8,4,0,3,3,0,0,0,0,0,0,1,1,0,0,0,0,0,0,0,0,0,0,0,0,0,0,4,4
"655",2022-02-20,3,3,3,0,0,3,3,0,3,3,0,0,3,6,3,0,3,3,0,0,0,0,0,0,0,0,0,0,0,0,0,0,0,0,0,0,0,0,0,0,3,3
"656",2022-02-21,7,7,5,2,0,5,1,4,5,1,4,0,5,12,6,0,4,4,0,0,0,0,0,0,1,1,0,0,0,0,0,0,0,0,0,0,0,0,0,0,5,5
"657",2022-02-22,4,4,3,1,0,3,0,3,3,0,3,0,3,7,5,0,2,2,0,0,1,1,0,0,0,0,0,0,0,0,0,0,0,0,0,0,0,0,1,1,2,2
"658",2022-02-23,2,2,1,1,0,1,1,0,1,1,0,0,1,3,1,0,1,1,0,0,0,0,0,0,0,0,0,0,0,0,0,0,0,0,0,0,0,0,0,0,1,1
"659",2022-02-24,4,4,3,1,0,3,1,2,3,1,2,0,3,6,6,0,1,1,0,0,2,2,0,0,0,0,0,0,0,0,0,0,0,0,0,0,0,0,0,0,3,3
"660",2022-02-25,6,6,2,4,0,2,1,1,2,1,1,0,2,7,2,0,2,2,0,0,0,0,0,0,0,0,0,0,0,0,0,0,0,0,0,0,0,0,1,1,1,1
"661",2022-02-27,3,3,1,2,0,1,1,0,1,1,0,0,1,3,2,1,1,1,0,0,0,0,0,0,0,0,0,0,0,0,0,0,0,0,0,0,0,0,1,1,0,0
"662",2022-02-28,4,4,3,1,0,3,2,1,3,2,1,0,3,6,5,0,1,1,0,0,2,2,0,0,0,0,0,0,0,0,0,0,0,0,0,0,0,0,0,0,3,3
"663",2022-03-02,2,2,2,0,0,2,1,1,2,1,1,0,2,4,2,0,2,2,0,0,0,0,0,0,0,0,0,0,0,0,0,0,0,0,0,0,0,0,0,0,2,2
"664",2022-03-03,1,1,1,0,0,1,1,0,1,1,0,0,1,2,1,0,1,1,0,0,0,0,0,0,0,0,0,0,0,0,0,0,0,0,0,0,0,0,1,1,0,0
"665",2022-03-04,4,4,4,0,0,4,1,3,4,1,3,0,4,7,4,0,4,4,0,0,0,0,0,0,0,0,0,0,0,0,0,0,0,0,0,0,0,0,0,0,4,4
"666",2022-03-05,2,2,1,1,0,1,0,1,1,0,1,0,1,2,1,0,1,1,0,0,0,0,0,0,0,0,0,0,0,0,0,0,0,0,0,0,0,0,0,0,1,1
"667",2022-03-06,2,2,2,0,0,2,1,1,2,1,1,0,2,4,2,0,2,2,0,0,0,0,0,0,0,0,0,0,0,0,0,0,0,0,0,0,0,0,0,0,2,2
"668",2022-03-07,2,1,1,0,1,1,0,1,1,0,1,0,1,3,1,0,1,1,0,0,0,0,0,0,0,0,0,0,0,0,0,0,0,0,0,0,0,0,0,0,1,1
"669",2022-03-08,1,1,1,0,0,1,0,1,1,0,1,0,1,2,1,0,1,1,0,0,0,0,0,0,0,0,0,0,0,0,0,0,0,0,0,0,0,0,0,0,1,1
