"","fecha_sintomas","Analizados","Resultados_lab","Confirmados_lab","Descartados_lab","Sospechosos","Casos","C_M","C_H","Decesos","D_M","D_H","Ambulatorios","Hospitalizados","Graves","Criticos","UCI","C_IMSS","D_IMSS","C_SSA","D_SSA","C_Estatal","D_Estatal","C_Municipal","D_Municipal","C_ISSSTE","D_ISSSTE","C_Privada","D_Privada","C_SEDENA","D_SEDENA","C_SEMAR","D_SEMAR","C_PEMEX","D_PEMEX","C_0_14","D_0_14","C_15_29","D_15_29","C_30_59","D_30_59","C_60_mas","D_60_mas"
"1",2020-01-01,1,0,0,0,1,0,0,0,0,0,0,0,0,1,0,0,0,0,0,0,0,0,0,0,0,0,0,0,0,0,0,0,0,0,0,0,0,0,0,0,0,0
"2",2020-01-02,4,2,0,2,1,0,0,0,0,0,0,0,0,4,0,0,0,0,0,0,0,0,0,0,0,0,0,0,0,0,0,0,0,0,0,0,0,0,0,0,0,0
"3",2020-01-03,1,0,0,0,0,0,0,0,0,0,0,0,0,1,0,0,0,0,0,0,0,0,0,0,0,0,0,0,0,0,0,0,0,0,0,0,0,0,0,0,0,0
"4",2020-01-05,2,0,0,0,0,0,0,0,0,0,0,0,0,1,0,0,0,0,0,0,0,0,0,0,0,0,0,0,0,0,0,0,0,0,0,0,0,0,0,0,0,0
"5",2020-01-06,1,0,0,0,1,0,0,0,0,0,0,0,0,1,0,0,0,0,0,0,0,0,0,0,0,0,0,0,0,0,0,0,0,0,0,0,0,0,0,0,0,0
"6",2020-01-07,1,0,0,0,0,0,0,0,0,0,0,0,0,1,0,0,0,0,0,0,0,0,0,0,0,0,0,0,0,0,0,0,0,0,0,0,0,0,0,0,0,0
"7",2020-01-10,3,3,0,3,0,0,0,0,0,0,0,0,0,2,0,0,0,0,0,0,0,0,0,0,0,0,0,0,0,0,0,0,0,0,0,0,0,0,0,0,0,0
"8",2020-01-11,1,0,0,0,0,0,0,0,0,0,0,0,0,0,0,0,0,0,0,0,0,0,0,0,0,0,0,0,0,0,0,0,0,0,0,0,0,0,0,0,0,0
"9",2020-01-13,1,1,0,1,0,0,0,0,0,0,0,0,0,0,0,0,0,0,0,0,0,0,0,0,0,0,0,0,0,0,0,0,0,0,0,0,0,0,0,0,0,0
"10",2020-01-15,1,1,0,1,0,0,0,0,0,0,0,0,0,0,0,0,0,0,0,0,0,0,0,0,0,0,0,0,0,0,0,0,0,0,0,0,0,0,0,0,0,0
"11",2020-01-16,1,0,0,0,0,0,0,0,0,0,0,0,0,1,0,0,0,0,0,0,0,0,0,0,0,0,0,0,0,0,0,0,0,0,0,0,0,0,0,0,0,0
"12",2020-01-17,1,1,0,1,0,0,0,0,0,0,0,0,0,1,0,0,0,0,0,0,0,0,0,0,0,0,0,0,0,0,0,0,0,0,0,0,0,0,0,0,0,0
"13",2020-01-20,1,0,0,0,1,0,0,0,0,0,0,0,0,1,1,0,0,0,0,0,0,0,0,0,0,0,0,0,0,0,0,0,0,0,0,0,0,0,0,0,0,0
"14",2020-01-23,1,1,0,1,0,0,0,0,0,0,0,0,0,0,0,0,0,0,0,0,0,0,0,0,0,0,0,0,0,0,0,0,0,0,0,0,0,0,0,0,0,0
"15",2020-01-25,1,0,0,0,1,0,0,0,0,0,0,0,0,1,0,0,0,0,0,0,0,0,0,0,0,0,0,0,0,0,0,0,0,0,0,0,0,0,0,0,0,0
"16",2020-01-26,3,0,0,0,2,0,0,0,0,0,0,0,0,1,0,0,0,0,0,0,0,0,0,0,0,0,0,0,0,0,0,0,0,0,0,0,0,0,0,0,0,0
"17",2020-01-27,1,0,0,0,0,0,0,0,0,0,0,0,0,0,0,0,0,0,0,0,0,0,0,0,0,0,0,0,0,0,0,0,0,0,0,0,0,0,0,0,0,0
"18",2020-01-29,1,1,0,1,0,0,0,0,0,0,0,0,0,1,0,0,0,0,0,0,0,0,0,0,0,0,0,0,0,0,0,0,0,0,0,0,0,0,0,0,0,0
"19",2020-02-01,1,1,0,1,0,0,0,0,0,0,0,0,0,1,0,0,0,0,0,0,0,0,0,0,0,0,0,0,0,0,0,0,0,0,0,0,0,0,0,0,0,0
"20",2020-02-03,2,2,0,2,0,0,0,0,0,0,0,0,0,2,0,0,0,0,0,0,0,0,0,0,0,0,0,0,0,0,0,0,0,0,0,0,0,0,0,0,0,0
"21",2020-02-04,1,1,0,1,0,0,0,0,0,0,0,0,0,1,0,0,0,0,0,0,0,0,0,0,0,0,0,0,0,0,0,0,0,0,0,0,0,0,0,0,0,0
"22",2020-02-10,5,3,0,3,2,0,0,0,0,0,0,0,0,4,0,0,0,0,0,0,0,0,0,0,0,0,0,0,0,0,0,0,0,0,0,0,0,0,0,0,0,0
"23",2020-02-13,1,1,0,1,0,0,0,0,0,0,0,0,0,0,0,0,0,0,0,0,0,0,0,0,0,0,0,0,0,0,0,0,0,0,0,0,0,0,0,0,0,0
"24",2020-02-14,1,1,0,1,0,0,0,0,0,0,0,0,0,1,0,0,0,0,0,0,0,0,0,0,0,0,0,0,0,0,0,0,0,0,0,0,0,0,0,0,0,0
"25",2020-02-19,3,3,0,3,0,0,0,0,0,0,0,0,0,1,0,0,0,0,0,0,0,0,0,0,0,0,0,0,0,0,0,0,0,0,0,0,0,0,0,0,0,0
"26",2020-02-20,1,1,0,1,0,0,0,0,0,0,0,0,0,0,0,0,0,0,0,0,0,0,0,0,0,0,0,0,0,0,0,0,0,0,0,0,0,0,0,0,0,0
"27",2020-02-23,1,1,0,1,0,0,0,0,0,0,0,0,0,1,0,0,0,0,0,0,0,0,0,0,0,0,0,0,0,0,0,0,0,0,0,0,0,0,0,0,0,0
"28",2020-02-24,1,1,0,1,0,0,0,0,0,0,0,0,0,1,0,0,0,0,0,0,0,0,0,0,0,0,0,0,0,0,0,0,0,0,0,0,0,0,0,0,0,0
"29",2020-02-25,1,1,0,1,0,0,0,0,0,0,0,0,0,1,0,0,0,0,0,0,0,0,0,0,0,0,0,0,0,0,0,0,0,0,0,0,0,0,0,0,0,0
"30",2020-03-01,1,1,0,1,0,0,0,0,0,0,0,0,0,1,0,0,0,0,0,0,0,0,0,0,0,0,0,0,0,0,0,0,0,0,0,0,0,0,0,0,0,0
"31",2020-03-07,1,1,0,1,0,0,0,0,0,0,0,0,0,1,0,0,0,0,0,0,0,0,0,0,0,0,0,0,0,0,0,0,0,0,0,0,0,0,0,0,0,0
"32",2020-03-08,2,2,0,2,0,0,0,0,0,0,0,0,0,2,0,0,0,0,0,0,0,0,0,0,0,0,0,0,0,0,0,0,0,0,0,0,0,0,0,0,0,0
"33",2020-03-09,1,1,0,1,0,0,0,0,0,0,0,0,0,1,0,0,0,0,0,0,0,0,0,0,0,0,0,0,0,0,0,0,0,0,0,0,0,0,0,0,0,0
"34",2020-03-10,2,0,0,0,0,0,0,0,0,0,0,0,0,2,0,0,0,0,0,0,0,0,0,0,0,0,0,0,0,0,0,0,0,0,0,0,0,0,0,0,0,0
"35",2020-03-12,1,1,1,0,0,1,1,0,0,0,0,1,0,1,0,0,1,0,0,0,0,0,0,0,0,0,0,0,0,0,0,0,0,0,0,0,1,0,0,0,0,0
"36",2020-03-13,2,2,1,1,0,1,0,1,0,0,0,0,1,3,1,0,1,0,0,0,0,0,0,0,0,0,0,0,0,0,0,0,0,0,0,0,0,0,0,0,1,0
"37",2020-03-15,1,0,0,0,1,0,0,0,0,0,0,0,0,0,0,0,0,0,0,0,0,0,0,0,0,0,0,0,0,0,0,0,0,0,0,0,0,0,0,0,0,0
"38",2020-03-16,2,0,0,0,2,0,0,0,0,0,0,0,0,0,0,0,0,0,0,0,0,0,0,0,0,0,0,0,0,0,0,0,0,0,0,0,0,0,0,0,0,0
"39",2020-03-17,4,1,0,1,1,0,0,0,0,0,0,0,0,2,0,0,0,0,0,0,0,0,0,0,0,0,0,0,0,0,0,0,0,0,0,0,0,0,0,0,0,0
"40",2020-03-18,3,0,0,0,3,0,0,0,0,0,0,0,0,0,0,0,0,0,0,0,0,0,0,0,0,0,0,0,0,0,0,0,0,0,0,0,0,0,0,0,0,0
"41",2020-03-19,4,2,0,2,1,0,0,0,0,0,0,0,0,1,0,0,0,0,0,0,0,0,0,0,0,0,0,0,0,0,0,0,0,0,0,0,0,0,0,0,0,0
"42",2020-03-20,4,2,1,1,2,1,1,0,1,1,0,0,1,3,1,0,1,1,0,0,0,0,0,0,0,0,0,0,0,0,0,0,0,0,0,0,0,0,1,1,0,0
"43",2020-03-21,2,1,0,1,1,0,0,0,0,0,0,0,0,0,0,0,0,0,0,0,0,0,0,0,0,0,0,0,0,0,0,0,0,0,0,0,0,0,0,0,0,0
"44",2020-03-22,6,3,1,2,3,1,1,0,0,0,0,0,1,2,1,0,0,0,1,0,0,0,0,0,0,0,0,0,0,0,0,0,0,0,0,0,0,0,1,0,0,0
"45",2020-03-23,8,3,0,3,5,0,0,0,0,0,0,0,0,1,0,0,0,0,0,0,0,0,0,0,0,0,0,0,0,0,0,0,0,0,0,0,0,0,0,0,0,0
"46",2020-03-24,4,0,0,0,4,0,0,0,0,0,0,0,0,0,0,0,0,0,0,0,0,0,0,0,0,0,0,0,0,0,0,0,0,0,0,0,0,0,0,0,0,0
"47",2020-03-25,6,2,1,1,3,1,1,0,0,0,0,1,0,0,0,0,0,0,1,0,0,0,0,0,0,0,0,0,0,0,0,0,0,0,0,0,0,0,1,0,0,0
"48",2020-03-26,8,7,3,4,1,3,2,1,0,0,0,1,2,5,3,1,1,0,2,0,0,0,0,0,0,0,0,0,0,0,0,0,0,0,0,0,0,0,3,0,0,0
"49",2020-03-27,11,4,2,2,7,2,1,1,0,0,0,1,1,2,1,0,1,0,1,0,0,0,0,0,0,0,0,0,0,0,0,0,0,0,0,0,1,0,1,0,0,0
"50",2020-03-28,7,2,0,2,5,0,0,0,0,0,0,0,0,2,0,0,0,0,0,0,0,0,0,0,0,0,0,0,0,0,0,0,0,0,0,0,0,0,0,0,0,0
"51",2020-03-29,10,2,0,2,7,0,0,0,0,0,0,0,0,1,0,0,0,0,0,0,0,0,0,0,0,0,0,0,0,0,0,0,0,0,0,0,0,0,0,0,0,0
"52",2020-03-30,18,5,0,5,12,0,0,0,0,0,0,0,0,0,0,0,0,0,0,0,0,0,0,0,0,0,0,0,0,0,0,0,0,0,0,0,0,0,0,0,0,0
"53",2020-03-31,10,3,1,2,7,1,0,1,1,0,1,0,1,2,1,0,0,0,1,0,0,0,0,0,0,0,0,0,0,0,0,0,0,0,0,0,0,0,1,1,0,0
"54",2020-04-01,19,10,5,5,7,5,2,3,1,0,1,3,2,4,3,0,4,1,1,0,0,0,0,0,0,0,0,0,0,0,0,0,0,0,0,0,0,0,3,0,2,1
"55",2020-04-02,12,3,0,3,7,1,0,1,1,0,1,0,1,2,2,0,1,1,0,0,0,0,0,0,0,0,0,0,0,0,0,0,0,0,0,0,0,0,1,1,0,0
"56",2020-04-03,11,2,1,1,5,1,1,0,0,0,0,0,1,3,1,0,0,0,1,0,0,0,0,0,0,0,0,0,0,0,0,0,0,0,0,0,1,0,0,0,0,0
"57",2020-04-04,18,8,6,2,10,6,3,3,2,2,0,3,3,6,4,0,3,2,3,0,0,0,0,0,0,0,0,0,0,0,0,0,0,0,0,0,0,0,5,1,1,1
"58",2020-04-05,16,8,7,1,4,7,3,4,0,0,0,7,0,5,1,0,2,0,5,0,0,0,0,0,0,0,0,0,0,0,0,0,0,0,0,0,3,0,2,0,2,0
"59",2020-04-06,29,20,19,1,9,19,7,12,0,0,0,16,3,7,3,0,3,0,16,0,0,0,0,0,0,0,0,0,0,0,0,0,0,0,0,0,7,0,9,0,3,0
"60",2020-04-07,24,15,12,3,9,12,7,5,1,0,1,9,3,8,4,1,2,0,10,0,0,0,0,0,0,0,0,0,0,0,0,0,0,0,0,0,1,0,11,1,0,0
"61",2020-04-08,15,12,10,2,3,10,3,7,1,0,1,6,4,7,4,0,6,1,4,0,0,0,0,0,0,0,0,0,0,0,0,0,0,0,0,0,1,0,6,0,3,1
"62",2020-04-09,22,11,8,3,11,8,4,4,2,1,1,6,2,8,4,0,3,2,5,0,0,0,0,0,0,0,0,0,0,0,0,0,0,0,0,0,1,0,7,2,0,0
"63",2020-04-10,26,18,10,8,7,11,7,4,3,0,3,9,2,7,3,0,2,2,9,0,0,0,0,0,0,0,0,0,0,0,0,0,0,0,0,0,0,0,9,2,2,1
"64",2020-04-11,19,7,4,3,12,4,2,2,1,1,0,3,1,4,2,0,1,0,3,0,0,0,0,0,0,0,0,0,0,0,0,0,0,0,0,0,1,0,2,0,1,1
"65",2020-04-12,17,5,4,1,12,4,1,3,0,0,0,4,0,0,0,0,0,0,4,0,0,0,0,0,0,0,0,0,0,0,0,0,0,0,0,0,0,0,4,0,0,0
"66",2020-04-13,27,17,4,13,9,4,3,1,1,1,0,2,2,3,2,0,2,1,2,0,0,0,0,0,0,0,0,0,0,0,0,0,0,0,0,0,0,0,3,1,1,0
"67",2020-04-14,23,14,13,1,9,13,5,8,3,1,2,9,4,7,4,0,7,2,6,0,0,0,0,0,0,0,0,0,0,0,0,0,0,0,1,0,1,0,8,1,3,2
"68",2020-04-15,18,7,3,4,11,3,2,1,0,0,0,3,0,0,0,0,2,0,1,0,0,0,0,0,0,0,0,0,0,0,0,0,0,0,0,0,0,0,2,0,1,0
"69",2020-04-16,27,20,11,9,7,11,7,4,1,1,0,9,2,6,3,0,5,1,6,0,0,0,0,0,0,0,0,0,0,0,0,0,0,0,0,0,2,0,5,0,4,1
"70",2020-04-17,15,10,6,4,4,6,4,2,2,2,0,4,2,3,2,0,1,1,5,0,0,0,0,0,0,0,0,0,0,0,0,0,0,0,0,0,0,0,5,1,1,1
"71",2020-04-18,16,12,9,3,3,9,6,3,2,1,1,7,2,5,3,0,3,1,6,0,0,0,0,0,0,0,0,0,0,0,0,0,0,0,0,0,1,0,7,2,1,0
"72",2020-04-19,17,5,2,3,11,2,2,0,0,0,0,2,0,1,0,0,0,0,2,0,0,0,0,0,0,0,0,0,0,0,0,0,0,0,0,0,1,0,1,0,0,0
"73",2020-04-20,18,12,4,8,6,4,2,2,1,1,0,3,1,4,1,0,0,0,4,0,0,0,0,0,0,0,0,0,0,0,0,0,0,0,0,0,1,0,2,0,1,1
"74",2020-04-21,15,6,3,3,9,3,2,1,0,0,0,3,0,1,0,0,1,0,2,0,0,0,0,0,0,0,0,0,0,0,0,0,0,0,0,0,0,0,3,0,0,0
"75",2020-04-22,15,10,4,6,4,4,2,2,0,0,0,3,1,3,1,0,1,0,3,0,0,0,0,0,0,0,0,0,0,0,0,0,0,0,0,0,1,0,1,0,2,0
"76",2020-04-23,8,3,2,1,3,2,0,2,0,0,0,2,0,0,0,0,1,0,1,0,0,0,0,0,0,0,0,0,0,0,0,0,0,0,0,0,0,0,1,0,1,0
"77",2020-04-24,14,7,6,1,7,6,5,1,1,1,0,5,1,2,1,0,3,1,3,0,0,0,0,0,0,0,0,0,0,0,0,0,0,0,0,0,0,0,5,0,1,1
"78",2020-04-25,19,12,11,1,6,11,4,7,1,0,1,7,4,7,4,0,5,0,6,0,0,0,0,0,0,0,0,0,0,0,0,0,0,0,0,0,2,0,6,0,3,1
"79",2020-04-26,18,9,3,6,8,3,1,2,1,1,0,2,1,1,1,0,0,0,3,0,0,0,0,0,0,0,0,0,0,0,0,0,0,0,0,0,1,0,2,1,0,0
"80",2020-04-27,12,10,5,5,2,5,2,3,1,0,1,4,1,3,3,0,2,1,3,0,0,0,0,0,0,0,0,0,0,0,0,0,0,0,0,0,1,0,3,1,1,0
"81",2020-04-28,8,7,4,3,1,4,0,4,1,0,1,3,1,3,1,0,0,0,4,0,0,0,0,0,0,0,0,0,0,0,0,0,0,0,0,0,0,0,4,1,0,0
"82",2020-04-29,12,12,10,2,0,10,3,7,2,1,1,7,3,4,3,0,4,0,6,0,0,0,0,0,0,0,0,0,0,0,0,0,0,0,0,0,1,0,8,2,1,0
"83",2020-04-30,8,5,5,0,2,6,3,3,2,1,1,3,3,6,4,1,2,1,4,0,0,0,0,0,0,0,0,0,0,0,0,0,0,0,0,0,0,0,3,0,3,2
"84",2020-05-01,15,15,8,7,0,8,2,6,2,1,1,5,3,7,4,0,4,1,4,0,0,0,0,0,0,0,0,0,0,0,0,0,0,0,0,0,2,0,5,1,1,1
"85",2020-05-02,14,14,10,4,0,10,5,5,1,0,1,9,1,2,2,0,1,0,9,0,0,0,0,0,0,0,0,0,0,0,0,0,0,0,0,0,2,0,8,1,0,0
"86",2020-05-03,8,7,7,0,1,7,5,2,1,1,0,5,2,3,3,0,2,1,5,0,0,0,0,0,0,0,0,0,0,0,0,0,0,0,0,0,0,0,6,0,1,1
"87",2020-05-04,9,8,6,2,1,6,1,5,3,0,3,3,3,6,4,1,2,2,4,0,0,0,0,0,0,0,0,0,0,0,0,0,0,0,1,0,0,0,3,2,2,1
"88",2020-05-05,11,10,7,3,1,7,5,2,1,0,1,5,2,3,2,0,3,1,4,0,0,0,0,0,0,0,0,0,0,0,0,0,0,0,1,0,2,0,4,1,0,0
"89",2020-05-06,11,11,8,3,0,8,6,2,2,2,0,5,3,5,4,1,2,1,6,0,0,0,0,0,0,0,0,0,0,0,0,0,0,0,0,0,1,0,4,0,3,2
"90",2020-05-07,16,14,13,1,1,13,5,8,5,1,4,7,6,10,7,0,7,4,6,0,0,0,0,0,0,0,0,0,0,0,0,0,0,0,0,0,1,0,8,1,4,4
"91",2020-05-08,16,16,9,7,0,9,1,8,3,0,3,6,3,5,4,1,2,0,6,0,0,0,0,0,0,0,1,1,0,0,0,0,0,0,0,0,0,0,5,1,4,2
"92",2020-05-09,12,12,10,2,0,10,6,4,1,1,0,7,3,6,4,1,3,0,7,0,0,0,0,0,0,0,0,0,0,0,0,0,0,0,0,0,3,0,6,1,1,0
"93",2020-05-10,14,13,10,3,1,10,5,5,4,2,2,5,5,12,9,2,2,2,8,0,0,0,0,0,0,0,0,0,0,0,0,0,0,0,0,0,1,0,4,1,5,3
"94",2020-05-11,16,15,13,2,1,13,7,6,2,2,0,8,5,9,5,0,7,2,6,0,0,0,0,0,0,0,0,0,0,0,0,0,0,0,1,0,1,0,6,0,5,2
"95",2020-05-12,19,19,13,6,0,13,6,7,3,2,1,10,3,7,4,0,3,2,10,0,0,0,0,0,0,0,0,0,0,0,0,0,0,0,0,0,1,0,8,1,4,2
"96",2020-05-13,11,11,8,3,0,8,2,6,1,0,1,7,1,4,1,0,5,1,3,0,0,0,0,0,0,0,0,0,0,0,0,0,0,0,0,0,1,0,6,1,1,0
"97",2020-05-14,21,20,15,5,1,15,7,8,1,1,0,10,5,11,5,0,6,0,8,0,0,0,0,0,1,1,0,0,0,0,0,0,0,0,1,0,5,0,9,1,0,0
"98",2020-05-15,16,16,14,2,0,14,7,7,4,2,2,9,5,8,5,0,7,4,7,0,0,0,0,0,0,0,0,0,0,0,0,0,0,0,0,0,3,0,5,1,6,3
"99",2020-05-16,18,18,12,6,0,12,7,5,1,1,0,10,2,4,2,0,0,0,12,0,0,0,0,0,0,0,0,0,0,0,0,0,0,0,0,0,2,0,10,1,0,0
"100",2020-05-17,17,16,10,6,0,10,7,3,4,3,1,5,5,11,7,2,3,2,7,0,0,0,0,0,0,0,0,0,0,0,0,0,0,0,0,0,2,1,6,2,2,1
"101",2020-05-18,30,28,22,6,2,22,11,11,5,2,3,14,8,13,8,0,2,1,20,0,0,0,0,0,0,0,0,0,0,0,0,0,0,0,0,0,5,0,13,3,4,2
"102",2020-05-19,20,19,14,5,1,14,7,7,4,0,4,10,4,8,7,0,5,3,9,0,0,0,0,0,0,0,0,0,0,0,0,0,0,0,0,0,2,0,8,2,4,2
"103",2020-05-20,31,28,24,4,1,25,10,15,6,1,5,16,9,18,12,1,7,2,18,0,0,0,0,0,0,0,0,0,0,0,0,0,0,0,0,0,6,0,11,1,8,5
"104",2020-05-21,16,15,9,6,1,9,3,6,0,0,0,8,1,2,1,0,1,0,8,0,0,0,0,0,0,0,0,0,0,0,0,0,0,0,0,0,2,0,5,0,2,0
"105",2020-05-22,18,18,14,4,0,14,7,7,1,0,1,12,2,4,2,0,5,0,9,0,0,0,0,0,0,0,0,0,0,0,0,0,0,0,1,0,0,0,12,1,1,0
"106",2020-05-23,15,14,13,1,0,13,4,9,1,0,1,12,1,4,1,0,2,1,11,0,0,0,0,0,0,0,0,0,0,0,0,0,0,0,0,0,3,0,9,1,1,0
"107",2020-05-24,22,18,15,3,3,15,11,4,2,0,2,13,2,4,4,1,3,0,12,0,0,0,0,0,0,0,0,0,0,0,0,0,0,0,0,0,2,0,11,2,2,0
"108",2020-05-25,21,17,13,4,3,13,8,5,1,0,1,11,2,6,2,0,4,1,9,0,0,0,0,0,0,0,0,0,0,0,0,0,0,0,0,0,2,0,10,0,1,1
"109",2020-05-26,28,26,18,8,2,18,9,9,2,0,2,15,3,7,4,1,3,1,15,0,0,0,0,0,0,0,0,0,0,0,0,0,0,0,0,0,1,0,13,0,4,2
"110",2020-05-27,24,24,21,3,0,21,14,7,2,2,0,19,2,4,4,1,2,1,19,0,0,0,0,0,0,0,0,0,0,0,0,0,0,0,0,0,6,0,11,1,4,1
"111",2020-05-28,24,23,19,4,1,19,9,10,2,2,0,16,3,6,4,0,3,1,16,0,0,0,0,0,0,0,0,0,0,0,0,0,0,0,0,0,2,0,10,0,7,2
"112",2020-05-29,29,28,20,8,1,20,13,7,0,0,0,17,3,6,3,0,3,0,17,0,0,0,0,0,0,0,0,0,0,0,0,0,0,0,0,0,1,0,16,0,3,0
"113",2020-05-30,19,16,12,4,3,12,7,5,1,1,0,11,1,2,1,0,3,0,9,0,0,0,0,0,0,0,0,0,0,0,0,0,0,0,0,0,1,0,8,0,3,1
"114",2020-05-31,12,11,9,2,1,9,5,4,2,1,1,6,3,6,4,0,6,2,3,0,0,0,0,0,0,0,0,0,0,0,0,0,0,0,0,0,1,0,6,0,2,2
"115",2020-06-01,43,42,34,8,1,34,18,16,10,5,5,21,13,25,19,1,14,6,20,0,0,0,0,0,0,0,0,0,0,0,0,0,0,0,0,0,2,0,18,3,14,7
"116",2020-06-02,23,23,16,7,0,16,7,9,4,1,3,12,4,6,5,0,3,1,13,0,0,0,0,0,0,0,0,0,0,0,0,0,0,0,0,0,5,0,10,3,1,1
"117",2020-06-03,18,17,13,4,1,13,6,7,1,1,0,11,2,6,2,0,3,0,10,0,0,0,0,0,0,0,0,0,0,0,0,0,0,0,0,0,4,0,8,1,1,0
"118",2020-06-04,22,21,17,4,0,18,11,7,6,4,2,9,9,18,9,1,8,5,9,0,0,0,0,0,0,0,1,0,0,0,0,0,0,0,0,0,1,0,12,2,5,4
"119",2020-06-05,27,26,18,8,0,18,9,9,1,1,0,17,1,3,1,0,8,1,9,0,0,0,0,0,0,0,1,0,0,0,0,0,0,0,1,0,2,0,13,1,2,0
"120",2020-06-06,25,24,14,10,1,14,9,5,2,1,1,11,3,5,3,0,6,0,8,0,0,0,0,0,0,0,0,0,0,0,0,0,0,0,0,0,4,0,9,1,1,1
"121",2020-06-07,14,14,7,7,0,7,4,3,1,1,0,5,2,4,2,0,5,1,2,0,0,0,0,0,0,0,0,0,0,0,0,0,0,0,0,0,1,0,4,0,2,1
"122",2020-06-08,23,23,18,5,0,18,9,9,5,4,1,8,10,22,10,0,8,4,10,0,0,0,0,0,0,0,0,0,0,0,0,0,0,0,0,0,2,0,10,1,6,4
"123",2020-06-09,19,18,10,8,0,10,6,4,1,1,0,8,2,6,3,0,9,1,1,0,0,0,0,0,0,0,0,0,0,0,0,0,0,0,0,0,0,0,8,0,2,1
"124",2020-06-10,33,32,21,11,1,21,8,13,3,1,2,16,5,15,7,0,11,2,10,0,0,0,0,0,0,0,0,0,0,0,0,0,0,0,0,0,5,0,11,1,5,2
"125",2020-06-11,14,13,11,2,0,12,8,4,2,1,1,9,3,6,3,0,6,2,6,0,0,0,0,0,0,0,0,0,0,0,0,0,0,0,0,0,0,0,9,1,3,1
"126",2020-06-12,28,25,13,12,3,13,5,8,1,0,1,8,5,9,5,0,6,0,6,0,0,0,0,0,1,1,0,0,0,0,0,0,0,0,0,0,2,1,6,0,5,0
"127",2020-06-13,26,25,13,12,1,13,6,7,1,0,1,12,1,8,1,0,2,0,11,0,0,0,0,0,0,0,0,0,0,0,0,0,0,0,0,0,4,0,8,1,1,0
"128",2020-06-14,24,22,16,6,1,17,10,7,6,5,1,10,7,10,8,0,8,4,9,0,0,0,0,0,0,0,0,0,0,0,0,0,0,0,0,0,3,0,8,1,6,5
"129",2020-06-15,26,25,18,7,1,18,8,10,3,2,1,11,7,13,8,0,9,1,9,0,0,0,0,0,0,0,0,0,0,0,0,0,0,0,0,0,3,0,11,1,4,2
"130",2020-06-16,22,21,16,5,1,16,10,6,0,0,0,15,1,4,1,0,8,0,8,0,0,0,0,0,0,0,0,0,0,0,0,0,0,0,0,0,1,0,13,0,2,0
"131",2020-06-17,15,15,12,3,0,12,4,8,2,0,2,9,3,6,3,0,5,2,7,0,0,0,0,0,0,0,0,0,0,0,0,0,0,0,1,0,2,0,6,0,3,2
"132",2020-06-18,26,26,21,5,0,21,9,12,4,0,4,16,5,10,7,0,9,1,12,0,0,0,0,0,0,0,0,0,0,0,0,0,0,0,0,0,4,0,12,0,5,4
"133",2020-06-19,30,28,20,8,0,20,9,11,3,2,1,17,3,8,4,0,9,2,11,0,0,0,0,0,0,0,0,0,0,0,0,0,0,0,0,0,4,0,12,1,4,2
"134",2020-06-20,45,37,30,7,7,31,17,14,1,1,0,24,7,15,8,0,12,0,19,0,0,0,0,0,0,0,0,0,0,0,0,0,0,0,1,0,4,0,19,0,7,1
"135",2020-06-21,25,23,17,6,2,17,9,8,2,0,2,12,5,11,5,0,6,1,11,0,0,0,0,0,0,0,0,0,0,0,0,0,0,0,0,0,1,0,14,1,2,1
"136",2020-06-22,44,37,27,10,4,29,16,13,6,4,2,21,8,16,9,1,9,3,20,0,0,0,0,0,0,0,0,0,0,0,0,0,0,0,0,0,4,0,19,1,6,5
"137",2020-06-23,27,22,15,7,1,19,5,14,2,0,2,15,4,9,6,0,7,1,12,0,0,0,0,0,0,0,0,0,0,0,0,0,0,0,0,0,3,0,13,0,3,2
"138",2020-06-24,31,29,17,12,0,18,12,6,1,1,0,16,2,5,3,0,6,1,12,0,0,0,0,0,0,0,0,0,0,0,0,0,0,0,0,0,2,0,11,0,5,1
"139",2020-06-25,29,18,15,3,1,25,14,11,4,1,3,18,7,13,8,1,10,3,15,0,0,0,0,0,0,0,0,0,0,0,0,0,0,0,0,0,4,0,16,2,5,2
"140",2020-06-26,34,26,18,8,3,21,11,10,4,2,2,17,4,12,4,0,9,2,12,0,0,0,0,0,0,0,0,0,0,0,0,0,0,0,1,0,3,0,14,2,3,2
"141",2020-06-27,26,19,13,6,1,17,7,10,3,1,2,13,4,9,4,0,7,2,10,0,0,0,0,0,0,0,0,0,0,0,0,0,0,0,1,0,3,0,10,1,3,2
"142",2020-06-28,22,16,8,8,1,11,5,6,2,1,1,7,4,9,4,0,5,2,6,0,0,0,0,0,0,0,0,0,0,0,0,0,0,0,0,0,1,0,7,1,3,1
"143",2020-06-29,26,17,12,5,3,16,9,7,0,0,0,14,2,6,2,0,6,0,10,0,0,0,0,0,0,0,0,0,0,0,0,0,0,0,0,0,5,0,8,0,3,0
"144",2020-06-30,26,23,18,5,3,18,7,11,3,0,3,14,4,8,5,0,11,2,7,0,0,0,0,0,0,0,0,0,0,0,0,0,0,0,0,0,4,0,9,1,5,2
"145",2020-07-01,34,27,21,6,2,25,12,13,6,3,3,15,10,18,10,0,9,3,16,0,0,0,0,0,0,0,0,0,0,0,0,0,0,0,1,0,3,0,11,0,10,6
"146",2020-07-02,13,10,7,3,1,9,6,3,2,1,1,6,3,6,3,0,5,2,4,0,0,0,0,0,0,0,0,0,0,0,0,0,0,0,0,0,1,0,6,1,2,1
"147",2020-07-03,20,15,12,3,2,14,5,9,4,2,2,10,4,9,4,0,6,4,8,0,0,0,0,0,0,0,0,0,0,0,0,0,0,0,0,0,0,0,10,2,4,2
"148",2020-07-04,20,13,8,5,3,11,7,4,1,1,0,9,2,3,2,0,6,1,5,0,0,0,0,0,0,0,0,0,0,0,0,0,0,0,0,0,2,0,9,1,0,0
"149",2020-07-05,25,21,19,2,1,22,11,11,9,3,6,13,9,17,12,0,7,4,15,0,0,0,0,0,0,0,0,0,0,0,0,0,0,0,1,0,2,0,12,4,7,5
"150",2020-07-06,18,16,14,2,0,16,11,5,4,2,2,10,6,13,8,0,11,4,5,0,0,0,0,0,0,0,0,0,0,0,0,0,0,0,0,0,3,0,7,1,6,3
"151",2020-07-07,28,20,16,4,1,21,12,9,5,2,3,14,7,13,9,0,7,3,14,0,0,0,0,0,0,0,0,0,0,0,0,0,0,0,0,0,3,0,15,2,3,3
"152",2020-07-08,19,18,13,5,0,14,8,6,3,2,1,9,5,10,5,0,5,2,9,0,0,0,0,0,0,0,0,0,0,0,0,0,0,0,0,0,2,0,6,0,6,3
"153",2020-07-09,25,22,20,2,0,23,13,10,2,2,0,20,3,7,3,0,6,0,17,0,0,0,0,0,0,0,0,0,0,0,0,0,0,0,0,0,6,0,13,1,4,1
"154",2020-07-10,34,21,17,4,1,29,16,13,2,1,1,26,3,4,4,0,7,1,22,0,0,0,0,0,0,0,0,0,0,0,0,0,0,0,0,0,4,0,22,0,3,2
"155",2020-07-11,16,14,11,3,0,13,5,8,4,1,3,7,6,12,6,0,6,4,7,0,0,0,0,0,0,0,0,0,0,0,0,0,0,0,0,0,1,0,8,1,4,3
"156",2020-07-12,5,5,4,1,0,4,1,3,0,0,0,2,2,5,2,0,3,0,1,0,0,0,0,0,0,0,0,0,0,0,0,0,0,0,0,0,1,0,2,0,1,0
"157",2020-07-13,19,7,6,1,1,17,11,6,0,0,0,17,0,1,0,0,4,0,13,0,0,0,0,0,0,0,0,0,0,0,0,0,0,0,0,0,5,0,10,0,2,0
"158",2020-07-14,9,8,8,0,0,9,3,6,1,1,0,7,2,2,2,0,3,1,6,0,0,0,0,0,0,0,0,0,0,0,0,0,0,0,0,0,0,0,6,0,3,1
"159",2020-07-15,18,14,10,4,0,14,6,8,3,1,2,8,6,10,7,0,8,2,6,0,0,0,0,0,0,0,0,0,0,0,0,0,0,0,0,0,4,0,5,1,5,2
"160",2020-07-16,15,10,9,1,0,14,4,10,1,0,1,9,5,8,5,0,3,0,11,0,0,0,0,0,0,0,0,0,0,0,0,0,0,0,0,0,3,0,8,1,3,0
"161",2020-07-17,15,7,5,2,0,13,7,6,2,0,2,10,3,6,4,0,2,0,11,0,0,0,0,0,0,0,0,0,0,0,0,0,0,0,0,0,2,0,7,0,4,2
"162",2020-07-18,19,11,8,3,0,15,7,8,1,1,0,11,4,9,5,0,5,1,10,0,0,0,0,0,0,0,0,0,0,0,0,0,0,0,0,0,5,0,4,0,6,1
"163",2020-07-19,25,17,9,8,1,16,9,7,4,1,3,10,6,11,6,0,3,1,13,0,0,0,0,0,0,0,0,0,0,0,0,0,0,0,0,0,4,0,6,0,6,4
"164",2020-07-20,29,16,13,3,0,25,10,15,4,2,2,19,6,12,6,0,3,2,22,0,0,0,0,0,0,0,0,0,0,0,0,0,0,0,0,0,3,0,12,1,10,3
"165",2020-07-21,7,5,3,2,0,5,3,2,0,0,0,5,0,1,0,0,1,0,4,0,0,0,0,0,0,0,0,0,0,0,0,0,0,0,0,0,1,0,3,0,1,0
"166",2020-07-22,17,14,12,2,0,15,11,4,4,2,2,11,4,7,4,0,6,2,9,0,0,0,0,0,0,0,0,0,0,0,0,0,0,0,1,0,3,0,9,3,2,1
"167",2020-07-23,22,17,8,9,0,13,4,9,1,0,1,12,1,3,2,0,0,0,13,0,0,0,0,0,0,0,0,0,0,0,0,0,0,0,0,0,6,0,6,0,1,1
"168",2020-07-24,24,20,13,7,3,14,5,9,4,1,3,10,4,12,4,0,3,3,11,0,0,0,0,0,0,0,0,0,0,0,0,0,0,0,0,0,4,0,6,0,4,4
"169",2020-07-25,22,16,9,7,0,15,8,7,2,0,2,12,3,7,3,0,3,1,12,0,0,0,0,0,0,0,0,0,0,0,0,0,0,0,0,0,1,0,8,0,6,2
"170",2020-07-26,20,14,10,4,0,16,9,7,2,1,1,13,3,6,4,0,3,2,13,0,0,0,0,0,0,0,0,0,0,0,0,0,0,0,0,0,5,0,8,0,3,2
"171",2020-07-27,16,11,6,5,0,11,6,5,0,0,0,10,1,4,1,0,1,0,10,0,0,0,0,0,0,0,0,0,0,0,0,0,0,0,0,0,3,0,7,0,1,0
"172",2020-07-28,11,6,4,2,0,9,4,5,3,1,2,5,4,7,5,0,3,3,6,0,0,0,0,0,0,0,0,0,0,0,0,0,0,0,0,0,3,0,2,0,4,3
"173",2020-07-29,7,7,6,1,0,6,3,3,5,2,3,0,6,12,8,0,3,3,3,0,0,0,0,0,0,0,0,0,0,0,0,0,0,0,0,0,0,0,3,2,3,3
"174",2020-07-30,19,16,10,6,0,13,7,6,2,2,0,11,2,4,2,0,1,0,12,0,0,0,0,0,0,0,0,0,0,0,0,0,0,0,0,0,2,0,7,0,4,2
"175",2020-07-31,15,11,6,5,0,10,7,3,2,1,1,6,4,8,5,0,3,2,7,0,0,0,0,0,0,0,0,0,0,0,0,0,0,0,1,0,1,0,6,2,2,0
"176",2020-08-01,31,21,17,4,0,27,16,11,3,1,2,18,9,15,9,0,8,3,19,0,0,0,0,0,0,0,0,0,0,0,0,0,0,0,0,0,5,0,16,2,6,1
"177",2020-08-02,12,8,7,1,0,11,6,5,0,0,0,11,0,1,0,0,2,0,9,0,0,0,0,0,0,0,0,0,0,0,0,0,0,0,0,0,4,0,6,0,1,0
"178",2020-08-03,32,26,4,22,2,6,4,2,0,0,0,5,1,5,2,0,1,0,5,0,0,0,0,0,0,0,0,0,0,0,0,0,0,0,0,0,1,0,3,0,2,0
"179",2020-08-04,34,31,4,27,1,5,3,2,0,0,0,3,2,3,2,0,1,0,4,0,0,0,0,0,0,0,0,0,0,0,0,0,0,0,0,0,0,0,5,0,0,0
"180",2020-08-05,16,13,0,13,0,3,2,1,0,0,0,3,0,1,0,0,0,0,3,0,0,0,0,0,0,0,0,0,0,0,0,0,0,0,0,0,1,0,2,0,0,0
"181",2020-08-06,26,25,7,18,0,8,5,3,2,1,1,5,3,7,3,0,5,2,3,0,0,0,0,0,0,0,0,0,0,0,0,0,0,0,0,0,0,0,4,0,4,2
"182",2020-08-07,19,17,8,9,0,10,8,2,1,1,0,9,1,2,1,0,2,1,8,0,0,0,0,0,0,0,0,0,0,0,0,0,0,0,0,0,0,0,7,0,3,1
"183",2020-08-08,9,9,3,6,0,3,1,2,0,0,0,3,0,2,0,0,1,0,2,0,0,0,0,0,0,0,0,0,0,0,0,0,0,0,0,0,2,0,1,0,0,0
"184",2020-08-09,12,11,7,4,1,7,4,3,0,0,0,6,1,2,1,0,2,0,5,0,0,0,0,0,0,0,0,0,0,0,0,0,0,0,0,0,1,0,5,0,1,0
"185",2020-08-10,53,44,8,36,1,14,10,4,1,1,0,13,1,2,1,0,1,1,13,0,0,0,0,0,0,0,0,0,0,0,0,0,0,0,0,0,2,0,11,0,1,1
"186",2020-08-11,35,35,6,29,0,6,2,4,0,0,0,6,0,1,0,0,1,0,5,0,0,0,0,0,0,0,0,0,0,0,0,0,0,0,0,0,2,0,4,0,0,0
"187",2020-08-12,36,32,8,24,0,12,9,3,0,0,0,12,0,1,0,0,5,0,7,0,0,0,0,0,0,0,0,0,0,0,0,0,0,0,1,0,1,0,10,0,0,0
"188",2020-08-13,20,14,8,6,0,14,7,7,2,0,2,12,2,3,2,0,2,1,12,0,0,0,0,0,0,0,0,0,0,0,0,0,0,0,0,0,2,0,9,0,3,2
"189",2020-08-14,22,11,8,3,0,19,14,5,1,1,0,18,1,2,1,0,1,1,18,0,0,0,0,0,0,0,0,0,0,0,0,0,0,0,1,0,6,0,9,0,3,1
"190",2020-08-15,25,18,12,6,0,19,7,12,2,2,0,17,2,4,2,0,0,0,19,0,0,0,0,0,0,0,0,0,0,0,0,0,0,0,1,0,4,0,12,2,2,0
"191",2020-08-16,28,24,10,14,0,14,7,7,2,1,1,11,3,8,4,0,4,2,10,0,0,0,0,0,0,0,0,0,0,0,0,0,0,0,0,0,4,0,7,0,3,2
"192",2020-08-17,70,55,5,50,0,19,10,9,1,0,1,15,4,7,5,0,3,1,16,0,0,0,0,0,0,0,0,0,0,0,0,0,0,0,1,0,5,1,10,0,3,0
"193",2020-08-18,72,66,11,55,0,16,11,5,0,0,0,13,3,7,3,0,4,0,12,0,0,0,0,0,0,0,0,0,0,0,0,0,0,0,0,0,5,0,9,0,2,0
"194",2020-08-19,83,71,17,54,0,28,14,14,0,0,0,25,3,6,3,1,1,0,26,0,0,0,0,0,0,0,0,0,1,0,0,0,0,0,0,0,6,0,19,0,3,0
"195",2020-08-20,24,13,8,5,0,19,12,7,0,0,0,17,2,5,2,0,3,0,16,0,0,0,0,0,0,0,0,0,0,0,0,0,0,0,0,0,8,0,9,0,2,0
"196",2020-08-21,21,16,6,10,0,11,6,5,1,0,1,9,2,6,2,0,3,1,8,0,0,0,0,0,0,0,0,0,0,0,0,0,0,0,2,0,0,0,6,1,3,0
"197",2020-08-22,14,11,6,5,0,9,6,3,0,0,0,9,0,0,0,0,1,0,8,0,0,0,0,0,0,0,0,0,0,0,0,0,0,0,0,0,6,0,2,0,1,0
"198",2020-08-23,18,15,10,5,1,12,11,1,0,0,0,12,0,1,0,0,0,0,12,0,0,0,0,0,0,0,0,0,0,0,0,0,0,0,1,0,3,0,7,0,1,0
"199",2020-08-24,13,13,7,6,0,7,4,3,1,0,1,4,3,5,3,0,1,0,6,0,0,0,0,0,0,0,0,0,0,0,0,0,0,0,0,0,0,0,4,0,3,1
"200",2020-08-25,19,17,5,12,0,7,4,3,0,0,0,7,0,0,0,0,1,0,6,0,0,0,0,0,0,0,0,0,0,0,0,0,0,0,0,0,3,0,4,0,0,0
"201",2020-08-26,57,54,7,47,0,9,7,2,2,2,0,7,2,6,2,0,3,2,6,0,0,0,0,0,0,0,0,0,0,0,0,0,0,0,0,0,1,0,6,0,2,2
"202",2020-08-27,3,3,1,2,0,1,1,0,0,0,0,1,0,0,0,0,0,0,1,0,0,0,0,0,0,0,0,0,0,0,0,0,0,0,0,0,0,0,1,0,0,0
"203",2020-08-28,25,25,8,17,0,8,5,3,0,0,0,7,1,2,1,0,4,0,4,0,0,0,0,0,0,0,0,0,0,0,0,0,0,0,0,0,2,0,5,0,1,0
"204",2020-08-29,18,15,5,10,0,7,5,2,0,0,0,7,0,0,0,0,0,0,7,0,0,0,0,0,0,0,0,0,0,0,0,0,0,0,0,0,3,0,3,0,1,0
"205",2020-08-30,20,19,9,10,0,10,4,6,0,0,0,9,1,1,1,0,1,0,9,0,0,0,0,0,0,0,0,0,0,0,0,0,0,0,1,0,3,0,5,0,1,0
"206",2020-08-31,18,16,6,10,1,7,3,4,0,0,0,7,0,2,0,0,1,0,6,0,0,0,0,0,0,0,0,0,0,0,0,0,0,0,0,0,3,0,4,0,0,0
"207",2020-09-01,30,28,14,14,1,14,8,6,0,0,0,14,0,2,0,0,1,0,13,0,0,0,0,0,0,0,0,0,0,0,0,0,0,0,0,0,2,0,11,0,1,0
"208",2020-09-02,46,45,7,38,0,7,4,3,1,1,0,6,1,2,2,0,2,1,5,0,0,0,0,0,0,0,0,0,0,0,0,0,0,0,0,0,3,1,4,0,0,0
"209",2020-09-03,13,12,4,8,0,4,3,1,0,0,0,4,0,0,0,0,0,0,4,0,0,0,0,0,0,0,0,0,0,0,0,0,0,0,0,0,0,0,2,0,2,0
"210",2020-09-04,15,13,7,6,0,7,1,6,1,0,1,4,3,5,4,0,1,1,6,0,0,0,0,0,0,0,0,0,0,0,0,0,0,0,0,0,2,0,3,1,2,0
"211",2020-09-05,20,19,8,11,0,9,4,5,1,0,1,5,4,6,4,0,2,1,7,0,0,0,0,0,0,0,0,0,0,0,0,0,0,0,0,0,1,0,7,1,1,0
"212",2020-09-06,10,8,3,5,0,3,1,2,0,0,0,3,0,2,0,0,1,0,2,0,0,0,0,0,0,0,0,0,0,0,0,0,0,0,0,0,1,0,2,0,0,0
"213",2020-09-07,4,1,1,0,1,1,0,1,0,0,0,1,0,0,0,0,0,0,1,0,0,0,0,0,0,0,0,0,0,0,0,0,0,0,0,0,1,0,0,0,0,0
"214",2020-09-08,5,4,3,1,0,3,0,3,2,0,2,1,2,4,2,0,2,1,1,0,0,0,0,0,0,0,0,0,0,0,0,0,0,0,0,0,0,0,1,0,2,2
"215",2020-09-10,6,6,3,3,0,3,1,2,0,0,0,3,0,0,0,0,1,0,2,0,0,0,0,0,0,0,0,0,0,0,0,0,0,0,0,0,0,0,3,0,0,0
"216",2020-09-11,10,10,3,7,0,3,2,1,0,0,0,3,0,1,0,0,0,0,3,0,0,0,0,0,0,0,0,0,0,0,0,0,0,0,1,0,0,0,2,0,0,0
"217",2020-09-12,8,8,4,4,0,4,3,1,1,0,1,3,1,2,2,0,0,0,4,0,0,0,0,0,0,0,0,0,0,0,0,0,0,0,0,0,1,0,2,0,1,1
"218",2020-09-13,4,3,1,2,0,2,1,1,0,0,0,2,0,1,0,0,0,0,2,0,0,0,0,0,0,0,0,0,0,0,0,0,0,0,0,0,0,0,1,0,1,0
"219",2020-09-14,10,9,4,5,1,4,3,1,1,0,1,3,1,2,1,0,4,1,0,0,0,0,0,0,0,0,0,0,0,0,0,0,0,0,0,0,0,0,3,0,1,1
"220",2020-09-15,2,2,0,2,0,0,0,0,0,0,0,0,0,0,0,0,0,0,0,0,0,0,0,0,0,0,0,0,0,0,0,0,0,0,0,0,0,0,0,0,0,0
"221",2020-09-16,5,5,3,2,0,3,3,0,0,0,0,3,0,0,0,0,3,0,0,0,0,0,0,0,0,0,0,0,0,0,0,0,0,0,0,0,1,0,1,0,1,0
"222",2020-09-17,11,11,6,5,0,6,1,5,1,0,1,4,2,2,2,1,1,0,4,0,0,0,0,0,0,0,0,0,1,1,0,0,0,0,0,0,3,0,1,0,2,1
"223",2020-09-18,13,12,4,8,0,5,3,2,1,0,1,4,1,2,1,0,3,1,2,0,0,0,0,0,0,0,0,0,0,0,0,0,0,0,0,0,1,0,3,0,1,1
"224",2020-09-19,15,14,6,8,0,7,3,4,1,0,1,5,2,6,3,0,4,1,3,0,0,0,0,0,0,0,0,0,0,0,0,0,0,0,0,0,0,0,5,1,2,0
"225",2020-09-20,12,12,5,7,0,5,3,2,0,0,0,5,0,0,0,0,2,0,3,0,0,0,0,0,0,0,0,0,0,0,0,0,0,0,0,0,1,0,4,0,0,0
"226",2020-09-21,13,13,5,8,0,5,2,3,0,0,0,5,0,2,1,0,1,0,4,0,0,0,0,0,0,0,0,0,0,0,0,0,0,0,0,0,1,0,3,0,1,0
"227",2020-09-22,9,9,3,6,0,3,0,3,1,0,1,2,1,2,1,0,2,0,1,0,0,0,0,0,0,0,0,0,0,0,0,0,0,0,0,0,0,0,1,0,2,1
"228",2020-09-23,10,10,4,6,0,4,2,2,1,1,0,3,1,2,1,0,4,1,0,0,0,0,0,0,0,0,0,0,0,0,0,0,0,0,0,0,1,0,3,1,0,0
"229",2020-09-24,5,5,2,3,0,2,0,2,0,0,0,2,0,1,0,0,1,0,0,0,0,0,0,0,1,0,0,0,0,0,0,0,0,0,0,0,1,0,1,0,0,0
"230",2020-09-25,12,12,4,8,0,4,2,2,1,0,1,2,2,4,3,0,2,1,2,0,0,0,0,0,0,0,0,0,0,0,0,0,0,0,0,0,0,0,4,1,0,0
"231",2020-09-26,6,6,5,1,0,5,5,0,2,2,0,2,3,5,3,0,2,1,3,0,0,0,0,0,0,0,0,0,0,0,0,0,0,0,0,0,1,0,2,1,2,1
"232",2020-09-27,6,6,3,3,0,3,2,1,0,0,0,3,0,0,0,0,3,0,0,0,0,0,0,0,0,0,0,0,0,0,0,0,0,0,0,0,0,0,3,0,0,0
"233",2020-09-28,6,6,3,3,0,3,2,1,0,0,0,2,1,2,1,0,1,0,2,0,0,0,0,0,0,0,0,0,0,0,0,0,0,0,0,0,0,0,0,0,3,0
"234",2020-09-29,6,6,3,3,0,3,0,3,0,0,0,2,1,1,1,0,1,0,2,0,0,0,0,0,0,0,0,0,0,0,0,0,0,0,0,0,1,0,1,0,1,0
"235",2020-09-30,6,6,6,0,0,6,2,4,3,1,2,1,5,9,6,0,3,2,2,0,1,0,0,0,0,0,0,0,0,0,0,0,0,0,0,0,1,0,2,1,3,2
"236",2020-10-01,3,3,1,2,0,1,0,1,0,0,0,1,0,0,0,0,1,0,0,0,0,0,0,0,0,0,0,0,0,0,0,0,0,0,0,0,0,0,0,0,1,0
"237",2020-10-02,11,11,5,6,0,5,2,3,0,0,0,5,0,1,0,0,4,0,1,0,0,0,0,0,0,0,0,0,0,0,0,0,0,0,0,0,2,0,3,0,0,0
"238",2020-10-03,11,11,4,7,0,4,3,1,1,1,0,3,1,2,2,0,3,1,1,0,0,0,0,0,0,0,0,0,0,0,0,0,0,0,0,0,0,0,3,0,1,1
"239",2020-10-04,6,6,1,5,0,1,1,0,0,0,0,1,0,0,0,0,0,0,1,0,0,0,0,0,0,0,0,0,0,0,0,0,0,0,0,0,0,0,1,0,0,0
"240",2020-10-05,7,7,3,4,0,3,2,1,0,0,0,2,1,2,1,0,2,0,1,0,0,0,0,0,0,0,0,0,0,0,0,0,0,0,0,0,2,0,1,0,0,0
"241",2020-10-06,12,11,4,7,1,4,2,2,0,0,0,2,2,3,2,0,3,0,1,0,0,0,0,0,0,0,0,0,0,0,0,0,0,0,0,0,0,0,3,0,1,0
"242",2020-10-07,7,5,5,0,2,5,2,3,1,1,0,3,2,5,2,0,2,0,3,0,0,0,0,0,0,0,0,0,0,0,0,0,0,0,1,0,0,0,2,0,2,1
"243",2020-10-08,6,6,2,4,0,2,2,0,0,0,0,2,0,1,0,0,2,0,0,0,0,0,0,0,0,0,0,0,0,0,0,0,0,0,0,0,0,0,2,0,0,0
"244",2020-10-09,5,5,3,2,0,3,2,1,0,0,0,2,1,2,1,0,1,0,2,0,0,0,0,0,0,0,0,0,0,0,0,0,0,0,0,0,0,0,2,0,1,0
"245",2020-10-10,7,7,3,4,0,3,2,1,0,0,0,2,1,2,1,0,2,0,1,0,0,0,0,0,0,0,0,0,0,0,0,0,0,0,0,0,0,0,2,0,1,0
"246",2020-10-11,11,11,1,10,0,1,0,1,0,0,0,1,0,1,0,0,1,0,0,0,0,0,0,0,0,0,0,0,0,0,0,0,0,0,0,0,1,0,0,0,0,0
"247",2020-10-12,10,9,5,4,0,5,3,2,1,1,0,4,1,3,1,0,5,1,0,0,0,0,0,0,0,0,0,0,0,0,0,0,0,0,0,0,1,0,3,0,1,1
"248",2020-10-13,4,4,2,2,0,2,1,1,0,0,0,2,0,0,0,0,2,0,0,0,0,0,0,0,0,0,0,0,0,0,0,0,0,0,0,0,0,0,1,0,1,0
"249",2020-10-14,4,4,3,1,0,3,2,1,0,0,0,3,0,0,0,0,3,0,0,0,0,0,0,0,0,0,0,0,0,0,0,0,0,0,0,0,1,0,2,0,0,0
"250",2020-10-15,5,5,1,4,0,1,0,1,0,0,0,1,0,1,1,0,1,0,0,0,0,0,0,0,0,0,0,0,0,0,0,0,0,0,0,0,0,0,1,0,0,0
"251",2020-10-16,9,8,4,4,0,4,2,2,0,0,0,3,1,2,1,0,4,0,0,0,0,0,0,0,0,0,0,0,0,0,0,0,0,0,0,0,1,0,1,0,2,0
"252",2020-10-17,10,10,7,3,0,7,1,6,2,0,2,3,4,8,4,0,2,0,5,0,0,0,0,0,0,0,0,0,0,0,0,0,0,0,0,0,0,0,4,0,3,2
"253",2020-10-18,17,17,6,11,0,6,2,4,1,0,1,4,2,9,3,0,3,1,3,0,0,0,0,0,0,0,0,0,0,0,0,0,0,0,0,0,0,0,4,1,2,0
"254",2020-10-19,13,12,8,4,0,8,6,2,2,1,1,6,2,4,4,0,7,2,1,0,0,0,0,0,0,0,0,0,0,0,0,0,0,0,1,0,3,0,3,1,1,1
"255",2020-10-20,6,4,2,2,1,2,1,1,0,0,0,2,0,1,0,0,2,0,0,0,0,0,0,0,0,0,0,0,0,0,0,0,0,0,0,0,1,0,1,0,0,0
"256",2020-10-21,13,10,7,3,0,7,4,3,1,0,1,5,2,4,2,0,6,1,1,0,0,0,0,0,0,0,0,0,0,0,0,0,0,0,0,0,1,0,6,1,0,0
"257",2020-10-22,12,9,6,3,2,6,1,5,1,0,1,3,3,5,3,0,6,1,0,0,0,0,0,0,0,0,0,0,0,0,0,0,0,0,0,0,1,0,2,0,3,1
"258",2020-10-23,6,5,3,2,0,3,0,3,0,0,0,3,0,0,0,0,2,0,1,0,0,0,0,0,0,0,0,0,0,0,0,0,0,0,0,0,1,0,2,0,0,0
"259",2020-10-24,10,4,2,2,0,2,1,1,1,1,0,0,2,4,3,0,2,1,0,0,0,0,0,0,0,0,0,0,0,0,0,0,0,0,0,0,0,0,0,0,2,1
"260",2020-10-25,8,6,2,4,0,2,1,1,0,0,0,2,0,0,0,0,2,0,0,0,0,0,0,0,0,0,0,0,0,0,0,0,0,0,0,0,2,0,0,0,0,0
"261",2020-10-26,8,3,2,1,2,2,1,1,0,0,0,2,0,0,0,0,1,0,1,0,0,0,0,0,0,0,0,0,0,0,0,0,0,0,0,0,0,0,1,0,1,0
"262",2020-10-27,14,8,4,4,0,4,2,2,2,1,1,0,4,11,4,0,2,1,2,0,0,0,0,0,0,0,0,0,0,0,0,0,0,0,0,0,0,0,3,1,1,1
"263",2020-10-28,10,7,4,3,0,4,0,4,1,0,1,2,2,5,2,0,4,1,0,0,0,0,0,0,0,0,0,0,0,0,0,0,0,0,0,0,0,0,2,0,2,1
"264",2020-10-29,10,6,6,0,1,6,3,3,1,0,1,4,2,5,2,0,3,0,3,0,0,0,0,0,0,0,0,0,0,0,0,0,0,0,0,0,2,0,3,0,1,1
"265",2020-10-30,5,2,2,0,1,2,1,1,0,0,0,1,1,2,1,0,2,0,0,0,0,0,0,0,0,0,0,0,0,0,0,0,0,0,0,0,0,0,2,0,0,0
"266",2020-10-31,16,12,7,5,0,7,4,3,1,0,1,6,1,4,1,0,3,0,4,0,0,0,0,0,0,0,0,0,0,0,0,0,0,0,0,0,3,0,3,0,1,1
"267",2020-11-01,24,21,16,5,0,16,6,10,0,0,0,16,0,1,0,0,2,0,14,0,0,0,0,0,0,0,0,0,0,0,0,0,0,0,2,0,3,0,9,0,2,0
"268",2020-11-02,14,12,5,7,0,5,2,3,1,0,1,4,1,3,2,0,3,1,2,0,0,0,0,0,0,0,0,0,0,0,0,0,0,0,0,0,2,0,2,0,1,1
"269",2020-11-03,10,5,1,4,0,1,1,0,0,0,0,0,1,4,1,0,0,0,1,0,0,0,0,0,0,0,0,0,0,0,0,0,0,0,0,0,0,0,0,0,1,0
"270",2020-11-04,2,1,1,0,0,1,1,0,0,0,0,1,0,0,0,0,1,0,0,0,0,0,0,0,0,0,0,0,0,0,0,0,0,0,0,0,1,0,0,0,0,0
"271",2020-11-05,11,8,5,3,0,5,5,0,1,1,0,4,1,3,2,0,2,1,3,0,0,0,0,0,0,0,0,0,0,0,0,0,0,0,0,0,1,0,3,0,1,1
"272",2020-11-06,17,13,10,3,0,11,6,5,3,2,1,6,5,9,6,1,6,2,5,0,0,0,0,0,0,0,0,0,0,0,0,0,0,0,0,0,0,0,7,1,4,2
"273",2020-11-07,19,19,14,5,0,14,7,7,0,0,0,12,2,3,2,0,6,0,8,0,0,0,0,0,0,0,0,0,0,0,0,0,0,0,0,0,2,0,11,0,1,0
"274",2020-11-08,17,16,11,5,0,12,5,7,4,2,2,7,5,11,5,0,6,4,6,0,0,0,0,0,0,0,0,0,0,0,0,0,0,0,1,0,0,0,7,1,4,3
"275",2020-11-09,16,15,9,6,0,10,4,6,3,0,3,7,3,6,3,0,4,2,5,0,0,0,0,0,0,0,1,1,0,0,0,0,0,0,0,0,0,0,8,2,2,1
"276",2020-11-10,18,18,13,5,0,13,4,9,3,0,3,8,5,10,7,0,9,3,4,0,0,0,0,0,0,0,0,0,0,0,0,0,0,0,0,0,2,0,7,1,4,2
"277",2020-11-11,13,11,8,3,0,8,3,5,3,1,2,4,4,8,5,0,7,3,1,0,0,0,0,0,0,0,0,0,0,0,0,0,0,0,0,0,1,0,4,1,3,2
"278",2020-11-12,8,7,7,0,0,8,2,6,2,1,1,3,5,9,5,0,7,2,1,0,0,0,0,0,0,0,0,0,0,0,0,0,0,0,0,0,0,0,5,0,3,2
"279",2020-11-13,14,13,10,3,0,11,7,4,7,4,3,3,8,16,8,0,6,6,5,0,0,0,0,0,0,0,0,0,0,0,0,0,0,0,1,0,0,0,3,2,7,5
"280",2020-11-14,15,15,11,4,0,11,4,7,1,0,1,8,3,5,3,0,3,1,8,0,0,0,0,0,0,0,0,0,0,0,0,0,0,0,0,0,2,0,4,0,5,1
"281",2020-11-15,14,13,9,4,0,10,3,7,5,2,3,5,5,10,6,0,6,4,4,0,0,0,0,0,0,0,0,0,0,0,0,0,0,0,0,0,0,0,7,2,3,3
"282",2020-11-16,16,16,15,1,0,15,9,6,3,2,1,11,4,9,4,0,9,3,6,0,0,0,0,0,0,0,0,0,0,0,0,0,0,0,0,0,0,0,10,0,5,3
"283",2020-11-17,12,9,9,0,0,9,2,7,1,0,1,7,2,4,2,0,4,1,5,0,0,0,0,0,0,0,0,0,0,0,0,0,0,0,0,0,1,0,7,0,1,1
"284",2020-11-18,13,11,11,0,0,12,7,5,3,3,0,7,5,11,5,0,3,1,9,0,0,0,0,0,0,0,0,0,0,0,0,0,0,0,0,0,3,0,6,1,3,2
"285",2020-11-19,21,18,13,5,0,14,8,6,3,2,1,10,4,9,4,0,5,2,9,0,0,0,0,0,0,0,0,0,0,0,0,0,0,0,0,0,1,0,7,1,6,2
"286",2020-11-20,26,23,20,3,1,20,11,9,3,2,1,15,5,12,5,0,8,2,12,0,0,0,0,0,0,0,0,0,0,0,0,0,0,0,0,0,4,0,12,0,4,3
"287",2020-11-21,28,26,19,7,0,20,9,11,1,0,1,18,2,4,2,0,6,1,14,0,0,0,0,0,0,0,0,0,0,0,0,0,0,0,0,0,9,0,11,1,0,0
"288",2020-11-22,15,11,10,1,0,12,11,1,2,2,0,10,2,3,2,0,4,2,8,0,0,0,0,0,0,0,0,0,0,0,0,0,0,0,0,0,3,0,5,1,4,1
"289",2020-11-23,24,21,14,7,2,14,6,8,2,1,1,10,4,10,4,0,6,1,8,0,0,0,0,0,0,0,0,0,0,0,0,0,0,0,0,0,3,0,6,1,5,1
"290",2020-11-24,21,19,16,3,1,16,5,11,2,0,2,11,5,11,5,0,7,1,9,0,0,0,0,0,0,0,0,0,0,0,0,0,0,0,0,0,4,0,8,0,4,2
"291",2020-11-25,14,14,9,5,0,9,4,5,4,1,3,3,6,13,8,0,5,3,3,0,0,0,0,0,0,0,1,1,0,0,0,0,0,0,0,0,0,0,5,2,4,2
"292",2020-11-26,6,6,5,1,0,5,0,5,3,0,3,1,4,9,4,0,5,3,0,0,0,0,0,0,0,0,0,0,0,0,0,0,0,0,0,0,0,0,2,0,3,3
"293",2020-11-27,23,22,17,5,0,17,12,5,4,3,1,13,4,10,4,0,5,3,12,0,0,0,0,0,0,0,0,0,0,0,0,0,0,0,0,0,2,0,8,0,7,4
"294",2020-11-28,26,26,19,7,0,19,11,8,3,2,1,16,3,8,3,0,7,3,11,0,1,0,0,0,0,0,0,0,0,0,0,0,0,0,0,0,1,0,13,0,5,3
"295",2020-11-29,18,16,12,4,1,12,5,7,3,1,2,7,5,11,5,0,7,3,5,0,0,0,0,0,0,0,0,0,0,0,0,0,0,0,0,0,0,0,7,1,5,2
"296",2020-11-30,18,17,15,2,1,15,6,9,1,1,0,10,5,12,5,0,4,0,11,0,0,0,0,0,0,0,0,0,0,0,0,0,0,0,0,0,5,0,7,1,3,0
"297",2020-12-01,17,16,13,3,0,14,10,4,3,2,1,8,6,15,7,0,8,2,6,0,0,0,0,0,0,0,0,0,0,0,0,0,0,0,0,0,1,0,7,2,6,1
"298",2020-12-02,10,7,7,0,0,9,4,5,5,2,3,3,6,12,6,0,8,5,0,0,1,0,0,0,0,0,0,0,0,0,0,0,0,0,0,0,0,0,5,1,4,4
"299",2020-12-03,7,7,7,0,0,7,3,4,1,0,1,6,1,2,1,0,6,1,1,0,0,0,0,0,0,0,0,0,0,0,0,0,0,0,0,0,2,0,4,0,1,1
"300",2020-12-04,18,15,9,6,0,12,5,7,7,4,3,4,8,18,8,0,5,4,7,0,0,0,0,0,0,0,0,0,0,0,0,0,0,0,0,0,3,0,2,1,7,6
"301",2020-12-05,29,25,18,7,2,19,10,9,4,2,2,14,5,11,7,0,6,3,13,0,0,0,0,0,0,0,0,0,0,0,0,0,0,0,0,0,1,0,13,1,5,3
"302",2020-12-06,17,14,13,1,0,16,9,7,4,3,1,10,6,12,6,1,9,4,6,0,1,0,0,0,0,0,0,0,0,0,0,0,0,0,1,0,4,0,6,1,5,3
"303",2020-12-07,15,13,13,0,0,14,7,7,3,2,1,11,3,8,3,0,9,3,5,0,0,0,0,0,0,0,0,0,0,0,0,0,0,0,0,0,4,0,7,0,3,3
"304",2020-12-08,17,15,13,2,2,13,6,7,5,1,4,7,6,11,7,1,9,4,4,0,0,0,0,0,0,0,0,0,0,0,0,0,0,0,0,0,3,0,6,1,4,4
"305",2020-12-09,15,13,12,1,2,12,7,5,4,2,2,8,4,10,5,0,8,4,4,0,0,0,0,0,0,0,0,0,0,0,0,0,0,0,0,0,2,0,5,1,5,3
"306",2020-12-10,16,12,12,0,2,14,11,3,3,2,1,11,3,6,4,0,7,2,7,0,0,0,0,0,0,0,0,0,0,0,0,0,0,0,0,0,2,0,10,2,2,1
"307",2020-12-11,10,9,7,2,0,8,2,6,1,0,1,6,2,4,2,0,3,1,5,0,0,0,0,0,0,0,0,0,0,0,0,0,0,0,0,0,2,0,3,0,3,1
"308",2020-12-12,23,22,16,6,0,17,8,9,0,0,0,13,4,8,4,0,7,0,10,0,0,0,0,0,0,0,0,0,0,0,0,0,0,0,0,0,0,0,13,0,4,0
"309",2020-12-13,19,16,14,2,2,14,5,9,2,1,1,11,3,8,4,0,7,2,7,0,0,0,0,0,0,0,0,0,0,0,0,0,0,0,0,0,2,0,9,0,3,2
"310",2020-12-14,11,11,7,4,0,7,5,2,1,1,0,5,2,6,3,0,4,1,3,0,0,0,0,0,0,0,0,0,0,0,0,0,0,0,0,0,0,0,5,0,2,1
"311",2020-12-15,8,5,3,2,2,4,1,3,2,0,2,2,2,4,2,0,4,2,0,0,0,0,0,0,0,0,0,0,0,0,0,0,0,0,0,0,0,0,2,0,2,2
"312",2020-12-16,7,2,2,0,4,3,3,0,1,1,0,1,2,4,3,0,2,1,1,0,0,0,0,0,0,0,0,0,0,0,0,0,0,0,0,0,1,0,1,0,1,1
"313",2020-12-17,10,7,4,3,1,5,2,3,1,0,1,3,2,6,2,0,4,1,1,0,0,0,0,0,0,0,0,0,0,0,0,0,0,0,0,0,3,0,1,0,1,1
"314",2020-12-18,14,10,6,4,1,8,6,2,4,3,1,3,5,10,5,0,6,4,2,0,0,0,0,0,0,0,0,0,0,0,0,0,0,0,0,0,0,0,4,0,4,4
"315",2020-12-19,12,10,6,4,2,6,5,1,3,2,1,3,3,6,4,0,3,3,3,0,0,0,0,0,0,0,0,0,0,0,0,0,0,0,0,0,0,0,3,1,3,2
"316",2020-12-20,16,15,6,9,0,7,5,2,3,1,2,4,3,8,3,0,4,1,3,0,0,0,0,0,0,0,0,0,0,0,0,0,0,0,0,0,0,0,2,1,5,2
"317",2020-12-21,15,14,8,6,0,9,3,6,5,1,4,4,5,11,5,0,8,5,0,0,1,0,0,0,0,0,0,0,0,0,0,0,0,0,0,0,0,0,5,1,4,4
"318",2020-12-22,7,5,2,3,0,3,2,1,1,0,1,2,1,3,1,0,3,1,0,0,0,0,0,0,0,0,0,0,0,0,0,0,0,0,0,0,0,0,2,0,1,1
"319",2020-12-23,8,8,5,3,0,5,3,2,1,1,0,3,2,5,2,0,5,1,0,0,0,0,0,0,0,0,0,0,0,0,0,0,0,0,0,0,0,0,3,0,2,1
"320",2020-12-24,20,20,14,6,0,14,4,10,4,0,4,10,4,9,4,0,9,4,5,0,0,0,0,0,0,0,0,0,0,0,0,0,0,0,1,0,3,0,8,2,2,2
"321",2020-12-25,20,19,6,13,0,7,4,3,1,0,1,6,1,3,2,0,4,1,3,0,0,0,0,0,0,0,0,0,0,0,0,0,0,0,0,0,1,0,4,0,2,1
"322",2020-12-26,20,20,9,11,0,9,7,2,1,1,0,8,1,4,1,0,4,1,4,0,1,0,0,0,0,0,0,0,0,0,0,0,0,0,0,0,3,0,6,1,0,0
"323",2020-12-27,19,16,9,7,0,11,10,1,2,1,1,6,5,10,5,0,7,2,4,0,0,0,0,0,0,0,0,0,0,0,0,0,0,0,0,0,3,0,4,1,4,1
"324",2020-12-28,22,22,11,11,0,11,6,5,4,2,2,5,6,13,8,0,8,4,2,0,1,0,0,0,0,0,0,0,0,0,0,0,0,0,0,0,1,0,6,1,4,3
"325",2020-12-29,9,7,3,4,1,4,2,2,2,1,1,2,2,6,2,0,4,2,0,0,0,0,0,0,0,0,0,0,0,0,0,0,0,0,0,0,1,0,1,0,2,2
"326",2020-12-30,5,5,1,4,0,1,0,1,0,0,0,1,0,1,0,0,1,0,0,0,0,0,0,0,0,0,0,0,0,0,0,0,0,0,0,0,0,0,0,0,1,0
"327",2020-12-31,8,7,0,7,1,0,0,0,0,0,0,0,0,2,0,0,0,0,0,0,0,0,0,0,0,0,0,0,0,0,0,0,0,0,0,0,0,0,0,0,0,0
"328",2021-01-01,25,24,10,14,0,11,6,5,2,1,1,8,3,6,3,0,4,1,7,0,0,0,0,0,0,0,0,0,0,0,0,0,0,0,0,0,1,0,6,0,4,2
"329",2021-01-02,39,36,13,23,0,14,7,7,3,1,2,10,4,7,4,0,7,3,7,0,0,0,0,0,0,0,0,0,0,0,0,0,0,0,0,0,5,1,8,1,1,1
"330",2021-01-03,23,23,10,13,0,10,5,5,1,0,1,8,2,5,2,0,8,1,2,0,0,0,0,0,0,0,0,0,0,0,0,0,0,0,0,0,4,0,4,0,2,1
"331",2021-01-04,22,22,11,11,0,11,8,3,0,0,0,8,3,7,3,0,9,0,2,0,0,0,0,0,0,0,0,0,0,0,0,0,0,0,0,0,1,0,8,0,2,0
"332",2021-01-05,12,11,5,6,0,6,4,2,2,1,1,3,3,5,3,0,6,2,0,0,0,0,0,0,0,0,0,0,0,0,0,0,0,0,0,0,1,0,3,0,2,2
"333",2021-01-06,14,14,5,9,0,5,2,3,1,1,0,4,1,2,1,0,5,1,0,0,0,0,0,0,0,0,0,0,0,0,0,0,0,0,0,0,2,0,2,0,1,1
"334",2021-01-07,26,26,9,17,0,9,5,4,1,1,0,6,3,6,4,0,8,1,1,0,0,0,0,0,0,0,0,0,0,0,0,0,0,0,0,0,0,0,6,0,3,1
"335",2021-01-08,32,32,15,17,0,15,7,8,4,2,2,10,5,9,7,1,11,2,4,0,0,0,0,0,0,0,0,0,0,0,0,0,0,0,0,0,2,0,10,2,3,2
"336",2021-01-09,25,25,6,19,0,6,4,2,0,0,0,6,0,0,0,0,3,0,3,0,0,0,0,0,0,0,0,0,0,0,0,0,0,0,0,0,1,0,5,0,0,0
"337",2021-01-10,31,31,11,20,0,11,7,4,0,0,0,10,1,1,1,0,7,0,4,0,0,0,0,0,0,0,0,0,0,0,0,0,0,0,0,0,3,0,8,0,0,0
"338",2021-01-11,34,33,8,25,1,8,3,5,1,0,1,4,4,9,4,0,7,0,1,0,0,0,0,0,0,0,0,0,0,0,0,0,0,0,0,0,0,0,6,0,2,1
"339",2021-01-12,17,17,2,15,0,2,0,2,0,0,0,1,1,2,1,0,1,0,1,0,0,0,0,0,0,0,0,0,0,0,0,0,0,0,0,0,0,0,2,0,0,0
"340",2021-01-13,16,16,6,10,0,6,1,5,2,0,2,3,3,6,4,0,4,1,2,0,0,0,0,0,0,0,0,0,0,0,0,0,0,0,0,0,0,0,3,0,3,2
"341",2021-01-14,22,21,8,13,0,9,2,7,2,0,2,7,2,5,2,0,8,2,1,0,0,0,0,0,0,0,0,0,0,0,0,0,0,0,0,0,4,0,3,0,2,2
"342",2021-01-15,18,18,9,9,0,9,1,8,1,0,1,7,2,3,3,0,7,1,2,0,0,0,0,0,0,0,0,0,0,0,0,0,0,0,0,0,2,0,5,0,2,1
"343",2021-01-16,36,36,15,21,0,15,8,7,0,0,0,14,1,2,1,0,6,0,9,0,0,0,0,0,0,0,0,0,0,0,0,0,0,0,0,0,2,0,11,0,2,0
"344",2021-01-17,23,23,6,17,0,6,4,2,1,1,0,5,1,2,1,0,4,1,2,0,0,0,0,0,0,0,0,0,0,0,0,0,0,0,0,0,2,0,2,0,2,1
"345",2021-01-18,24,23,11,12,0,12,7,5,2,1,1,9,3,5,4,0,8,2,4,0,0,0,0,0,0,0,0,0,0,0,0,0,0,0,0,0,1,0,9,0,2,2
"346",2021-01-19,25,25,7,18,0,7,2,5,2,0,2,5,2,4,2,0,5,1,2,0,0,0,0,0,0,0,0,0,0,0,0,0,0,0,0,0,1,0,4,1,2,1
"347",2021-01-20,19,19,4,15,0,4,2,2,0,0,0,2,2,5,2,0,2,0,2,0,0,0,0,0,0,0,0,0,0,0,0,0,0,0,0,0,0,0,3,0,1,0
"348",2021-01-21,29,28,8,20,0,8,3,5,1,1,0,5,3,7,3,0,4,1,4,0,0,0,0,0,0,0,0,0,0,0,0,0,0,0,1,0,1,0,4,1,2,0
"349",2021-01-22,35,32,10,22,0,12,4,8,2,0,2,10,2,6,3,0,7,2,5,0,0,0,0,0,0,0,0,0,0,0,0,0,0,0,0,0,1,0,9,1,2,1
"350",2021-01-23,31,30,10,20,0,11,5,6,0,0,0,10,1,1,1,0,7,0,4,0,0,0,0,0,0,0,0,0,0,0,0,0,0,0,0,0,3,0,6,0,2,0
"351",2021-01-24,32,28,7,21,1,10,4,6,3,0,3,7,3,6,3,0,4,2,6,0,0,0,0,0,0,0,0,0,0,0,0,0,0,0,0,0,1,0,5,1,4,2
"352",2021-01-25,38,37,4,33,0,5,4,1,1,1,0,4,1,5,2,0,2,1,3,0,0,0,0,0,0,0,0,0,0,0,0,0,0,0,0,0,0,0,5,1,0,0
"353",2021-01-26,20,19,3,16,0,4,2,2,1,0,1,3,1,3,2,0,2,0,2,0,0,0,0,0,0,0,0,0,0,0,0,0,0,0,0,0,1,0,2,1,1,0
"354",2021-01-27,7,7,1,6,0,1,1,0,0,0,0,1,0,0,0,0,1,0,0,0,0,0,0,0,0,0,0,0,0,0,0,0,0,0,0,0,1,0,0,0,0,0
"355",2021-01-28,16,16,4,12,0,4,3,1,1,0,1,2,2,5,3,0,3,1,1,0,0,0,0,0,0,0,0,0,0,0,0,0,0,0,0,0,0,0,3,1,1,0
"356",2021-01-29,13,12,3,9,0,4,2,2,2,1,1,2,2,4,2,0,3,2,1,0,0,0,0,0,0,0,0,0,0,0,0,0,0,0,0,0,0,0,1,0,3,2
"357",2021-01-30,22,21,6,15,0,6,3,3,0,0,0,4,2,3,2,0,5,0,1,0,0,0,0,0,0,0,0,0,0,0,0,0,0,0,0,0,2,0,2,0,2,0
"358",2021-01-31,21,21,11,10,0,11,6,5,1,0,1,9,2,3,2,0,4,1,7,0,0,0,0,0,0,0,0,0,0,0,0,0,0,0,0,0,0,0,6,0,5,1
"359",2021-02-01,34,34,10,24,0,10,4,6,1,0,1,9,1,3,2,0,3,0,7,0,0,0,0,0,0,0,0,0,0,0,0,0,0,0,0,0,2,0,6,1,2,0
"360",2021-02-02,25,24,7,17,0,8,3,5,1,0,1,7,1,4,1,0,5,1,3,0,0,0,0,0,0,0,0,0,0,0,0,0,0,0,0,0,3,0,3,0,2,1
"361",2021-02-03,20,20,4,16,0,4,3,1,0,0,0,4,0,1,0,0,3,0,1,0,0,0,0,0,0,0,0,0,0,0,0,0,0,0,0,0,0,0,4,0,0,0
"362",2021-02-04,24,24,5,19,0,5,2,3,1,1,0,3,2,4,3,0,4,0,1,0,0,0,0,0,0,0,0,0,0,0,0,0,0,0,0,0,0,0,3,0,2,1
"363",2021-02-05,18,18,5,13,0,5,2,3,2,2,0,3,2,3,2,0,3,2,2,0,0,0,0,0,0,0,0,0,0,0,0,0,0,0,0,0,3,0,0,0,2,2
"364",2021-02-06,25,25,4,21,0,4,3,1,1,1,0,3,1,3,1,0,1,1,3,0,0,0,0,0,0,0,0,0,0,0,0,0,0,0,0,0,1,0,1,0,2,1
"365",2021-02-07,28,28,8,20,0,8,4,4,1,0,1,7,1,5,1,0,3,0,5,0,0,0,0,0,0,0,0,0,0,0,0,0,0,0,0,0,3,0,4,0,1,1
"366",2021-02-08,19,19,4,15,0,4,2,2,0,0,0,4,0,1,0,0,3,0,1,0,0,0,0,0,0,0,0,0,0,0,0,0,0,0,0,0,2,0,2,0,0,0
"367",2021-02-09,11,11,3,8,0,3,1,2,0,0,0,3,0,0,0,0,1,0,2,0,0,0,0,0,0,0,0,0,0,0,0,0,0,0,0,0,0,0,2,0,1,0
"368",2021-02-10,11,11,4,7,0,4,3,1,2,1,1,2,2,4,2,0,2,1,2,0,0,0,0,0,0,0,0,0,0,0,0,0,0,0,0,0,1,0,1,0,2,2
"369",2021-02-11,14,14,3,11,0,3,2,1,0,0,0,2,1,5,1,0,1,0,2,0,0,0,0,0,0,0,0,0,0,0,0,0,0,0,0,0,0,0,2,0,1,0
"370",2021-02-12,14,14,4,10,0,4,4,0,0,0,0,4,0,0,0,0,2,0,2,0,0,0,0,0,0,0,0,0,0,0,0,0,0,0,0,0,3,0,1,0,0,0
"371",2021-02-13,20,20,6,14,0,6,4,2,0,0,0,5,1,3,1,0,1,0,5,0,0,0,0,0,0,0,0,0,0,0,0,0,0,0,0,0,0,0,5,0,1,0
"372",2021-02-14,24,24,4,20,0,4,1,3,0,0,0,4,0,1,1,0,0,0,4,0,0,0,0,0,0,0,0,0,0,0,0,0,0,0,0,0,1,0,2,0,1,0
"373",2021-02-15,23,23,2,21,0,2,2,0,0,0,0,2,0,2,0,0,0,0,2,0,0,0,0,0,0,0,0,0,0,0,0,0,0,0,0,0,0,0,2,0,0,0
"374",2021-02-16,18,18,3,15,0,3,1,2,0,0,0,3,0,2,0,0,2,0,1,0,0,0,0,0,0,0,0,0,0,0,0,0,0,0,0,0,0,0,3,0,0,0
"375",2021-02-17,23,23,4,19,0,4,3,1,2,1,1,2,2,4,3,0,2,2,2,0,0,0,0,0,0,0,0,0,0,0,0,0,0,0,0,0,1,0,2,1,1,1
"376",2021-02-18,24,24,2,22,0,2,1,1,0,0,0,2,0,0,0,0,0,0,2,0,0,0,0,0,0,0,0,0,0,0,0,0,0,0,0,0,1,0,1,0,0,0
"377",2021-02-19,23,23,1,22,0,1,0,1,0,0,0,1,0,1,0,0,0,0,1,0,0,0,0,0,0,0,0,0,0,0,0,0,0,0,0,0,1,0,0,0,0,0
"378",2021-02-20,30,30,5,25,0,5,3,2,1,0,1,4,1,2,2,0,0,0,5,0,0,0,0,0,0,0,0,0,0,0,0,0,0,0,0,0,2,0,2,0,1,1
"379",2021-02-21,17,17,1,16,0,1,0,1,0,0,0,1,0,0,0,0,0,0,1,0,0,0,0,0,0,0,0,0,0,0,0,0,0,0,0,0,0,0,1,0,0,0
"380",2021-02-22,32,31,2,29,1,2,0,2,0,0,0,2,0,3,0,0,1,0,1,0,0,0,0,0,0,0,0,0,0,0,0,0,0,0,0,0,0,0,2,0,0,0
"381",2021-02-23,15,15,2,13,0,2,1,1,1,0,1,1,1,2,1,0,2,1,0,0,0,0,0,0,0,0,0,0,0,0,0,0,0,0,0,0,0,0,0,0,2,1
"382",2021-02-24,25,25,1,24,0,1,1,0,0,0,0,1,0,3,1,0,1,0,0,0,0,0,0,0,0,0,0,0,0,0,0,0,0,0,0,0,0,0,1,0,0,0
"383",2021-02-25,8,8,0,8,0,0,0,0,0,0,0,0,0,1,0,0,0,0,0,0,0,0,0,0,0,0,0,0,0,0,0,0,0,0,0,0,0,0,0,0,0,0
"384",2021-02-26,13,13,3,10,0,3,1,2,0,0,0,3,0,0,0,0,2,0,1,0,0,0,0,0,0,0,0,0,0,0,0,0,0,0,0,0,0,0,3,0,0,0
"385",2021-02-27,26,26,4,22,0,4,2,2,0,0,0,4,0,1,0,0,0,0,4,0,0,0,0,0,0,0,0,0,0,0,0,0,0,0,0,0,1,0,3,0,0,0
"386",2021-02-28,34,34,5,29,0,5,2,3,0,0,0,4,1,3,2,0,1,0,4,0,0,0,0,0,0,0,0,0,0,0,0,0,0,0,0,0,1,0,3,0,1,0
"387",2021-03-01,32,32,3,29,0,3,2,1,0,0,0,3,0,1,0,0,0,0,3,0,0,0,0,0,0,0,0,0,0,0,0,0,0,0,1,0,1,0,0,0,1,0
"388",2021-03-02,16,16,1,15,0,1,0,1,0,0,0,1,0,0,0,0,1,0,0,0,0,0,0,0,0,0,0,0,0,0,0,0,0,0,0,0,0,0,1,0,0,0
"389",2021-03-03,9,9,1,8,0,1,0,1,0,0,0,0,1,4,1,0,1,0,0,0,0,0,0,0,0,0,0,0,0,0,0,0,0,0,0,0,0,0,1,0,0,0
"390",2021-03-04,21,21,2,19,0,2,2,0,1,1,0,1,1,2,2,0,0,0,2,0,0,0,0,0,0,0,0,0,0,0,0,0,0,0,0,0,0,0,1,0,1,1
"391",2021-03-05,29,29,2,27,0,2,2,0,0,0,0,2,0,0,0,0,2,0,0,0,0,0,0,0,0,0,0,0,0,0,0,0,0,0,0,0,1,0,1,0,0,0
"392",2021-03-06,25,24,6,18,1,6,4,2,0,0,0,6,0,1,0,0,3,0,3,0,0,0,0,0,0,0,0,0,0,0,0,0,0,0,0,0,1,0,5,0,0,0
"393",2021-03-07,28,28,2,26,0,2,1,1,0,0,0,2,0,1,0,0,2,0,0,0,0,0,0,0,0,0,0,0,0,0,0,0,0,0,0,0,1,0,1,0,0,0
"394",2021-03-08,30,30,3,27,0,3,2,1,0,0,0,3,0,1,0,0,3,0,0,0,0,0,0,0,0,0,0,0,0,0,0,0,0,0,0,0,1,0,2,0,0,0
"395",2021-03-09,17,16,2,14,1,2,2,0,1,1,0,1,1,2,1,0,2,1,0,0,0,0,0,0,0,0,0,0,0,0,0,0,0,0,0,0,0,0,1,0,1,1
"396",2021-03-10,4,4,1,3,0,1,0,1,0,0,0,1,0,0,0,0,1,0,0,0,0,0,0,0,0,0,0,0,0,0,0,0,0,0,0,0,0,0,1,0,0,0
"397",2021-03-11,14,14,0,14,0,0,0,0,0,0,0,0,0,0,0,0,0,0,0,0,0,0,0,0,0,0,0,0,0,0,0,0,0,0,0,0,0,0,0,0,0,0
"398",2021-03-12,17,17,0,17,0,0,0,0,0,0,0,0,0,1,0,0,0,0,0,0,0,0,0,0,0,0,0,0,0,0,0,0,0,0,0,0,0,0,0,0,0,0
"399",2021-03-13,25,24,3,21,1,3,2,1,0,0,0,2,1,2,1,0,3,0,0,0,0,0,0,0,0,0,0,0,0,0,0,0,0,0,0,0,0,0,3,0,0,0
"400",2021-03-14,31,31,3,28,0,3,2,1,0,0,0,3,0,1,0,0,1,0,2,0,0,0,0,0,0,0,0,0,0,0,0,0,0,0,0,0,0,0,3,0,0,0
"401",2021-03-15,22,22,2,20,0,2,1,1,0,0,0,1,1,2,1,0,1,0,1,0,0,0,0,0,0,0,0,0,0,0,0,0,0,0,0,0,1,0,1,0,0,0
"402",2021-03-16,14,14,1,13,0,1,0,1,0,0,0,1,0,0,0,0,1,0,0,0,0,0,0,0,0,0,0,0,0,0,0,0,0,0,0,0,1,0,0,0,0,0
"403",2021-03-17,19,19,4,15,0,4,4,0,1,1,0,3,1,4,1,0,4,1,0,0,0,0,0,0,0,0,0,0,0,0,0,0,0,0,1,0,0,0,2,0,1,1
"404",2021-03-18,14,14,1,13,0,1,0,1,0,0,0,1,0,1,0,0,1,0,0,0,0,0,0,0,0,0,0,0,0,0,0,0,0,0,0,0,0,0,1,0,0,0
"405",2021-03-19,40,40,2,38,0,2,0,2,0,0,0,2,0,3,0,0,1,0,1,0,0,0,0,0,0,0,0,0,0,0,0,0,0,0,0,0,0,0,2,0,0,0
"406",2021-03-20,25,25,2,23,0,2,2,0,0,0,0,2,0,0,0,0,0,0,2,0,0,0,0,0,0,0,0,0,0,0,0,0,0,0,0,0,1,0,1,0,0,0
"407",2021-03-21,20,20,1,19,0,1,1,0,1,1,0,0,1,1,1,0,1,1,0,0,0,0,0,0,0,0,0,0,0,0,0,0,0,0,0,0,0,0,0,0,1,1
"408",2021-03-22,16,16,0,16,0,0,0,0,0,0,0,0,0,1,0,0,0,0,0,0,0,0,0,0,0,0,0,0,0,0,0,0,0,0,0,0,0,0,0,0,0,0
"409",2021-03-23,15,15,0,15,0,0,0,0,0,0,0,0,0,0,0,0,0,0,0,0,0,0,0,0,0,0,0,0,0,0,0,0,0,0,0,0,0,0,0,0,0,0
"410",2021-03-24,7,7,0,7,0,0,0,0,0,0,0,0,0,0,0,0,0,0,0,0,0,0,0,0,0,0,0,0,0,0,0,0,0,0,0,0,0,0,0,0,0,0
"411",2021-03-25,8,7,1,6,1,1,0,1,0,0,0,1,0,0,0,0,1,0,0,0,0,0,0,0,0,0,0,0,0,0,0,0,0,0,0,0,0,0,1,0,0,0
"412",2021-03-26,12,12,1,11,0,1,0,1,0,0,0,1,0,0,0,0,1,0,0,0,0,0,0,0,0,0,0,0,0,0,0,0,0,0,0,0,1,0,0,0,0,0
"413",2021-03-27,16,15,4,11,1,4,1,3,0,0,0,4,0,1,0,0,4,0,0,0,0,0,0,0,0,0,0,0,0,0,0,0,0,0,0,0,0,0,3,0,1,0
"414",2021-03-28,6,6,0,6,0,0,0,0,0,0,0,0,0,1,0,0,0,0,0,0,0,0,0,0,0,0,0,0,0,0,0,0,0,0,0,0,0,0,0,0,0,0
"415",2021-03-29,11,11,1,10,0,1,1,0,0,0,0,1,0,2,0,0,1,0,0,0,0,0,0,0,0,0,0,0,0,0,0,0,0,0,0,0,0,0,1,0,0,0
"416",2021-03-30,13,13,0,13,0,0,0,0,0,0,0,0,0,0,0,0,0,0,0,0,0,0,0,0,0,0,0,0,0,0,0,0,0,0,0,0,0,0,0,0,0,0
"417",2021-03-31,9,9,0,9,0,0,0,0,0,0,0,0,0,0,0,0,0,0,0,0,0,0,0,0,0,0,0,0,0,0,0,0,0,0,0,0,0,0,0,0,0,0
"418",2021-04-01,11,11,2,9,0,2,0,2,0,0,0,1,1,3,1,0,1,0,1,0,0,0,0,0,0,0,0,0,0,0,0,0,0,0,0,0,0,0,2,0,0,0
"419",2021-04-02,13,13,1,12,0,1,1,0,0,0,0,1,0,2,1,0,1,0,0,0,0,0,0,0,0,0,0,0,0,0,0,0,0,0,0,0,0,0,1,0,0,0
"420",2021-04-03,12,12,0,12,0,0,0,0,0,0,0,0,0,1,0,0,0,0,0,0,0,0,0,0,0,0,0,0,0,0,0,0,0,0,0,0,0,0,0,0,0,0
"421",2021-04-04,25,25,1,24,0,1,1,0,0,0,0,1,0,1,0,0,0,0,1,0,0,0,0,0,0,0,0,0,0,0,0,0,0,0,0,0,1,0,0,0,0,0
"422",2021-04-05,24,24,4,20,0,4,3,1,0,0,0,3,1,3,1,0,3,0,1,0,0,0,0,0,0,0,0,0,0,0,0,0,0,0,0,0,1,0,2,0,1,0
"423",2021-04-06,7,7,1,6,0,1,1,0,0,0,0,1,0,1,0,0,1,0,0,0,0,0,0,0,0,0,0,0,0,0,0,0,0,0,0,0,0,0,1,0,0,0
"424",2021-04-07,9,9,1,8,0,1,0,1,0,0,0,1,0,1,0,0,1,0,0,0,0,0,0,0,0,0,0,0,0,0,0,0,0,0,0,0,0,0,1,0,0,0
"425",2021-04-08,15,15,2,13,0,2,1,1,0,0,0,2,0,1,0,0,2,0,0,0,0,0,0,0,0,0,0,0,0,0,0,0,0,0,0,0,1,0,1,0,0,0
"426",2021-04-09,15,15,1,14,0,1,0,1,0,0,0,1,0,1,0,0,1,0,0,0,0,0,0,0,0,0,0,0,0,0,0,0,0,0,0,0,0,0,0,0,1,0
"427",2021-04-10,25,25,2,23,0,2,2,0,0,0,0,2,0,4,1,0,0,0,2,0,0,0,0,0,0,0,0,0,0,0,0,0,0,0,0,0,1,0,1,0,0,0
"428",2021-04-11,7,7,1,6,0,1,0,1,0,0,0,1,0,0,0,0,1,0,0,0,0,0,0,0,0,0,0,0,0,0,0,0,0,0,0,0,1,0,0,0,0,0
"429",2021-04-12,22,22,1,21,0,1,1,0,0,0,0,1,0,0,0,0,0,0,1,0,0,0,0,0,0,0,0,0,0,0,0,0,0,0,0,0,1,0,0,0,0,0
"430",2021-04-13,8,8,1,7,0,1,0,1,0,0,0,0,1,2,1,0,0,0,1,0,0,0,0,0,0,0,0,0,0,0,0,0,0,0,0,0,0,0,1,0,0,0
"431",2021-04-14,19,19,2,17,0,2,0,2,0,0,0,2,0,1,0,0,1,0,1,0,0,0,0,0,0,0,0,0,0,0,0,0,0,0,0,0,1,0,1,0,0,0
"432",2021-04-15,16,16,0,16,0,0,0,0,0,0,0,0,0,1,0,0,0,0,0,0,0,0,0,0,0,0,0,0,0,0,0,0,0,0,0,0,0,0,0,0,0,0
"433",2021-04-16,10,10,3,7,0,3,3,0,0,0,0,3,0,0,0,0,3,0,0,0,0,0,0,0,0,0,0,0,0,0,0,0,0,0,0,0,0,0,3,0,0,0
"434",2021-04-17,20,20,4,16,0,4,1,3,1,0,1,3,1,2,1,0,2,1,2,0,0,0,0,0,0,0,0,0,0,0,0,0,0,0,0,0,0,0,3,0,1,1
"435",2021-04-18,19,19,3,16,0,3,2,1,0,0,0,2,1,2,1,0,2,0,1,0,0,0,0,0,0,0,0,0,0,0,0,0,0,0,0,0,0,0,3,0,0,0
"436",2021-04-19,12,12,6,6,0,6,1,5,0,0,0,4,2,4,3,0,6,0,0,0,0,0,0,0,0,0,0,0,0,0,0,0,0,0,0,0,1,0,4,0,1,0
"437",2021-04-20,19,19,3,16,0,3,3,0,0,0,0,2,1,2,1,0,1,0,2,0,0,0,0,0,0,0,0,0,0,0,0,0,0,0,0,0,0,0,2,0,1,0
"438",2021-04-21,12,12,3,9,0,3,0,3,0,0,0,2,1,5,1,0,0,0,3,0,0,0,0,0,0,0,0,0,0,0,0,0,0,0,0,0,1,0,0,0,2,0
"439",2021-04-22,14,14,6,8,0,6,3,3,1,0,1,5,1,2,2,0,3,0,3,0,0,0,0,0,0,0,0,0,0,0,0,0,0,0,0,0,2,0,4,1,0,0
"440",2021-04-23,19,19,3,16,0,3,2,1,0,0,0,3,0,2,0,0,1,0,2,0,0,0,0,0,0,0,0,0,0,0,0,0,0,0,1,0,0,0,2,0,0,0
"441",2021-04-24,21,21,4,17,0,4,3,1,0,0,0,4,0,0,0,0,1,0,3,0,0,0,0,0,0,0,0,0,0,0,0,0,0,0,0,0,0,0,3,0,1,0
"442",2021-04-25,33,33,5,28,0,5,4,1,0,0,0,5,0,0,0,0,1,0,3,0,1,0,0,0,0,0,0,0,0,0,0,0,0,0,2,0,1,0,2,0,0,0
"443",2021-04-26,8,8,1,7,0,1,1,0,0,0,0,0,1,2,1,0,0,0,1,0,0,0,0,0,0,0,0,0,0,0,0,0,0,0,0,0,0,0,1,0,0,0
"444",2021-04-27,13,13,3,10,0,3,1,2,0,0,0,3,0,1,0,0,3,0,0,0,0,0,0,0,0,0,0,0,0,0,0,0,0,0,0,0,0,0,3,0,0,0
"445",2021-04-28,13,13,5,8,0,5,5,0,1,1,0,3,2,4,2,0,1,0,4,0,0,0,0,0,0,0,0,0,0,0,0,0,0,0,0,0,0,0,4,0,1,1
"446",2021-04-29,15,15,6,9,0,6,5,1,0,0,0,5,1,3,1,0,3,0,3,0,0,0,0,0,0,0,0,0,0,0,0,0,0,0,1,0,3,0,1,0,1,0
"447",2021-04-30,23,23,9,14,0,9,4,5,0,0,0,9,0,0,0,0,4,0,5,0,0,0,0,0,0,0,0,0,0,0,0,0,0,0,0,0,2,0,7,0,0,0
"448",2021-05-01,11,11,2,9,0,2,2,0,0,0,0,1,1,2,1,0,1,0,1,0,0,0,0,0,0,0,0,0,0,0,0,0,0,0,1,0,0,0,1,0,0,0
"449",2021-05-02,22,22,3,19,0,3,1,2,0,0,0,3,0,0,0,0,2,0,0,0,1,0,0,0,0,0,0,0,0,0,0,0,0,0,0,0,2,0,1,0,0,0
"450",2021-05-03,21,21,5,16,0,5,3,2,0,0,0,4,1,2,1,0,5,0,0,0,0,0,0,0,0,0,0,0,0,0,0,0,0,0,0,0,1,0,4,0,0,0
"451",2021-05-04,19,19,4,15,0,4,2,2,0,0,0,4,0,0,0,0,4,0,0,0,0,0,0,0,0,0,0,0,0,0,0,0,0,0,0,0,1,0,2,0,1,0
"452",2021-05-05,11,11,1,10,0,1,0,1,0,0,0,1,0,2,0,0,1,0,0,0,0,0,0,0,0,0,0,0,0,0,0,0,0,0,0,0,0,0,1,0,0,0
"453",2021-05-06,8,8,3,5,0,3,1,2,0,0,0,2,1,2,1,0,1,0,2,0,0,0,0,0,0,0,0,0,0,0,0,0,0,0,0,0,0,0,2,0,1,0
"454",2021-05-07,13,13,2,11,0,2,1,1,0,0,0,2,0,0,0,0,1,0,1,0,0,0,0,0,0,0,0,0,0,0,0,0,0,0,0,0,0,0,2,0,0,0
"455",2021-05-08,10,10,5,5,0,5,2,3,1,0,1,3,2,3,3,0,2,0,3,0,0,0,0,0,0,0,0,0,0,0,0,0,0,0,0,0,3,0,2,1,0,0
"456",2021-05-09,15,15,7,8,0,7,6,1,2,2,0,5,2,4,4,1,2,0,5,0,0,0,0,0,0,0,0,0,0,0,0,0,0,0,0,0,0,0,7,2,0,0
"457",2021-05-10,22,22,5,17,0,5,5,0,0,0,0,4,1,2,1,0,5,0,0,0,0,0,0,0,0,0,0,0,0,0,0,0,0,0,0,0,3,0,2,0,0,0
"458",2021-05-11,23,22,5,17,1,5,0,5,0,0,0,4,1,4,1,0,4,0,1,0,0,0,0,0,0,0,0,0,0,0,0,0,0,0,0,0,2,0,3,0,0,0
"459",2021-05-12,9,9,1,8,0,1,1,0,0,0,0,1,0,1,0,0,0,0,1,0,0,0,0,0,0,0,0,0,0,0,0,0,0,0,0,0,1,0,0,0,0,0
"460",2021-05-13,12,12,2,10,0,2,1,1,0,0,0,2,0,0,0,0,1,0,1,0,0,0,0,0,0,0,0,0,0,0,0,0,0,0,0,0,2,0,0,0,0,0
"461",2021-05-14,9,9,5,4,0,5,3,2,3,2,1,1,4,8,4,0,1,1,4,0,0,0,0,0,0,0,0,0,0,0,0,0,0,0,0,0,1,0,2,1,2,2
"462",2021-05-15,15,15,4,11,0,4,3,1,1,1,0,3,1,3,1,0,2,1,1,0,1,0,0,0,0,0,0,0,0,0,0,0,0,0,0,0,1,0,2,0,1,1
"463",2021-05-16,18,18,6,12,0,6,5,1,2,2,0,4,2,4,3,0,4,1,2,0,0,0,0,0,0,0,0,0,0,0,0,0,0,0,0,0,2,0,2,1,2,1
"464",2021-05-17,26,26,8,18,0,8,3,5,0,0,0,8,0,1,0,0,5,0,3,0,0,0,0,0,0,0,0,0,0,0,0,0,0,0,0,0,3,0,4,0,1,0
"465",2021-05-18,20,20,3,17,0,3,2,1,0,0,0,3,0,0,0,0,3,0,0,0,0,0,0,0,0,0,0,0,0,0,0,0,0,0,1,0,0,0,1,0,1,0
"466",2021-05-19,15,15,2,13,0,2,1,1,0,0,0,1,1,2,1,0,2,0,0,0,0,0,0,0,0,0,0,0,0,0,0,0,0,0,0,0,0,0,1,0,1,0
"467",2021-05-20,15,15,4,11,0,4,3,1,0,0,0,3,1,2,1,0,2,0,1,0,1,0,0,0,0,0,0,0,0,0,0,0,0,0,0,0,0,0,3,0,1,0
"468",2021-05-21,11,11,5,6,0,5,2,3,0,0,0,4,1,2,1,0,2,0,3,0,0,0,0,0,0,0,0,0,0,0,0,0,0,0,1,0,1,0,3,0,0,0
"469",2021-05-22,7,7,0,7,0,0,0,0,0,0,0,0,0,1,0,0,0,0,0,0,0,0,0,0,0,0,0,0,0,0,0,0,0,0,0,0,0,0,0,0,0,0
"470",2021-05-23,10,10,3,7,0,3,2,1,0,0,0,3,0,0,0,0,3,0,0,0,0,0,0,0,0,0,0,0,0,0,0,0,0,0,0,0,0,0,2,0,1,0
"471",2021-05-24,16,16,2,14,0,2,1,1,2,1,1,0,2,4,3,0,1,1,1,0,0,0,0,0,0,0,0,0,0,0,0,0,0,0,0,0,0,0,2,2,0,0
"472",2021-05-25,18,18,1,17,0,1,1,0,0,0,0,1,0,2,0,0,1,0,0,0,0,0,0,0,0,0,0,0,0,0,0,0,0,0,0,0,0,0,1,0,0,0
"473",2021-05-26,3,3,0,3,0,0,0,0,0,0,0,0,0,0,0,0,0,0,0,0,0,0,0,0,0,0,0,0,0,0,0,0,0,0,0,0,0,0,0,0,0,0
"474",2021-05-27,11,11,2,9,0,2,2,0,0,0,0,1,1,2,1,0,0,0,2,0,0,0,0,0,0,0,0,0,0,0,0,0,0,0,0,0,0,0,2,0,0,0
"475",2021-05-28,22,22,3,19,0,3,3,0,0,0,0,3,0,1,0,0,2,0,1,0,0,0,0,0,0,0,0,0,0,0,0,0,0,0,0,0,2,0,0,0,1,0
"476",2021-05-29,12,12,1,11,0,1,1,0,0,0,0,1,0,0,0,0,0,0,1,0,0,0,0,0,0,0,0,0,0,0,0,0,0,0,0,0,1,0,0,0,0,0
"477",2021-05-30,17,17,1,16,0,1,1,0,0,0,0,1,0,0,0,0,1,0,0,0,0,0,0,0,0,0,0,0,0,0,0,0,0,0,0,0,1,0,0,0,0,0
"478",2021-05-31,10,10,1,9,0,1,1,0,1,1,0,0,1,3,3,0,1,1,0,0,0,0,0,0,0,0,0,0,0,0,0,0,0,0,0,0,1,1,0,0,0,0
"479",2021-06-01,11,11,4,7,0,4,3,1,0,0,0,2,2,4,3,1,2,0,2,0,0,0,0,0,0,0,0,0,0,0,0,0,0,0,0,0,2,0,1,0,1,0
"480",2021-06-02,9,9,1,8,0,1,1,0,0,0,0,1,0,0,0,0,1,0,0,0,0,0,0,0,0,0,0,0,0,0,0,0,0,0,0,0,1,0,0,0,0,0
"481",2021-06-03,16,16,2,14,0,2,0,2,1,0,1,1,1,4,2,0,2,1,0,0,0,0,0,0,0,0,0,0,0,0,0,0,0,0,0,0,0,0,1,0,1,1
"482",2021-06-04,7,7,0,7,0,0,0,0,0,0,0,0,0,0,0,0,0,0,0,0,0,0,0,0,0,0,0,0,0,0,0,0,0,0,0,0,0,0,0,0,0,0
"483",2021-06-05,5,5,0,5,0,0,0,0,0,0,0,0,0,0,0,0,0,0,0,0,0,0,0,0,0,0,0,0,0,0,0,0,0,0,0,0,0,0,0,0,0,0
"484",2021-06-06,5,5,1,4,0,1,1,0,0,0,0,1,0,1,0,0,1,0,0,0,0,0,0,0,0,0,0,0,0,0,0,0,0,0,0,0,0,0,1,0,0,0
"485",2021-06-07,13,13,2,11,0,2,1,1,0,0,0,2,0,0,0,0,2,0,0,0,0,0,0,0,0,0,0,0,0,0,0,0,0,0,1,0,0,0,1,0,0,0
"486",2021-06-08,6,6,0,6,0,0,0,0,0,0,0,0,0,1,0,0,0,0,0,0,0,0,0,0,0,0,0,0,0,0,0,0,0,0,0,0,0,0,0,0,0,0
"487",2021-06-09,5,5,0,5,0,0,0,0,0,0,0,0,0,0,1,0,0,0,0,0,0,0,0,0,0,0,0,0,0,0,0,0,0,0,0,0,0,0,0,0,0,0
"488",2021-06-10,9,9,1,8,0,1,1,0,0,0,0,0,1,1,1,0,1,0,0,0,0,0,0,0,0,0,0,0,0,0,0,0,0,0,0,0,0,0,1,0,0,0
"489",2021-06-11,7,7,1,6,0,1,0,1,1,0,1,0,1,2,2,0,1,1,0,0,0,0,0,0,0,0,0,0,0,0,0,0,0,0,0,0,0,0,1,1,0,0
"490",2021-06-12,8,8,1,7,0,1,1,0,0,0,0,1,0,0,0,0,0,0,1,0,0,0,0,0,0,0,0,0,0,0,0,0,0,0,0,0,1,0,0,0,0,0
"491",2021-06-13,5,5,1,4,0,1,0,1,0,0,0,1,0,1,0,0,1,0,0,0,0,0,0,0,0,0,0,0,0,0,0,0,0,0,0,0,0,0,1,0,0,0
"492",2021-06-14,17,17,3,14,0,3,2,1,0,0,0,3,0,0,0,0,2,0,1,0,0,0,0,0,0,0,0,0,0,0,0,0,0,0,0,0,3,0,0,0,0,0
"493",2021-06-15,7,7,2,5,0,2,2,0,0,0,0,1,1,2,2,0,1,0,1,0,0,0,0,0,0,0,0,0,0,0,0,0,0,0,0,0,1,0,1,0,0,0
"494",2021-06-16,5,5,2,3,0,2,1,1,0,0,0,2,0,0,0,0,1,0,1,0,0,0,0,0,0,0,0,0,0,0,0,0,0,0,0,0,0,0,2,0,0,0
"495",2021-06-17,8,8,1,7,0,1,1,0,0,0,0,1,0,1,0,0,1,0,0,0,0,0,0,0,0,0,0,0,0,0,0,0,0,0,0,0,1,0,0,0,0,0
"496",2021-06-18,8,8,2,6,0,2,2,0,0,0,0,2,0,0,0,0,1,0,1,0,0,0,0,0,0,0,0,0,0,0,0,0,0,0,0,0,0,0,2,0,0,0
"497",2021-06-19,7,7,0,7,0,0,0,0,0,0,0,0,0,0,0,0,0,0,0,0,0,0,0,0,0,0,0,0,0,0,0,0,0,0,0,0,0,0,0,0,0,0
"498",2021-06-20,12,12,3,9,0,3,2,1,1,1,0,2,1,3,2,0,3,1,0,0,0,0,0,0,0,0,0,0,0,0,0,0,0,0,0,0,2,0,0,0,1,1
"499",2021-06-21,10,10,3,7,0,3,1,2,0,0,0,3,0,0,0,0,1,0,1,0,1,0,0,0,0,0,0,0,0,0,0,0,0,0,0,0,1,0,2,0,0,0
"500",2021-06-22,8,8,2,6,0,2,2,0,0,0,0,2,0,1,0,0,0,0,1,0,1,0,0,0,0,0,0,0,0,0,0,0,0,0,0,0,0,0,1,0,1,0
"501",2021-06-23,10,10,1,9,0,1,0,1,0,0,0,1,0,0,0,0,1,0,0,0,0,0,0,0,0,0,0,0,0,0,0,0,0,0,0,0,0,0,1,0,0,0
"502",2021-06-24,15,15,7,8,0,7,3,4,0,0,0,7,0,2,0,0,2,0,5,0,0,0,0,0,0,0,0,0,0,0,0,0,0,0,0,0,3,0,3,0,1,0
"503",2021-06-25,12,12,3,9,0,3,1,2,0,0,0,3,0,0,0,0,0,0,3,0,0,0,0,0,0,0,0,0,0,0,0,0,0,0,0,0,2,0,1,0,0,0
"504",2021-06-26,9,9,1,8,0,1,1,0,0,0,0,1,0,1,0,0,1,0,0,0,0,0,0,0,0,0,0,0,0,0,0,0,0,0,0,0,1,0,0,0,0,0
"505",2021-06-27,7,7,2,5,0,2,2,0,0,0,0,2,0,0,0,0,1,0,1,0,0,0,0,0,0,0,0,0,0,0,0,0,0,0,0,0,2,0,0,0,0,0
"506",2021-06-28,12,12,0,12,0,0,0,0,0,0,0,0,0,1,0,0,0,0,0,0,0,0,0,0,0,0,0,0,0,0,0,0,0,0,0,0,0,0,0,0,0,0
"507",2021-06-29,4,4,1,3,0,1,1,0,0,0,0,1,0,0,0,0,0,0,1,0,0,0,0,0,0,0,0,0,0,0,0,0,0,0,0,0,0,0,1,0,0,0
"508",2021-06-30,9,9,4,5,0,4,2,2,1,0,1,2,2,3,2,0,1,0,2,0,1,0,0,0,0,0,0,0,0,0,0,0,0,0,0,0,1,0,2,0,1,1
"509",2021-07-01,16,16,7,9,0,7,5,2,0,0,0,7,0,0,0,0,6,0,1,0,0,0,0,0,0,0,0,0,0,0,0,0,0,0,0,0,2,0,5,0,0,0
"510",2021-07-02,15,15,2,13,0,2,1,1,0,0,0,2,0,0,0,0,0,0,2,0,0,0,0,0,0,0,0,0,0,0,0,0,0,0,0,0,1,0,1,0,0,0
"511",2021-07-03,11,11,3,8,0,3,1,2,1,0,1,2,1,3,1,0,0,0,3,0,0,0,0,0,0,0,0,0,0,0,0,0,0,0,0,0,2,0,1,1,0,0
"512",2021-07-04,8,8,5,3,0,5,3,2,0,0,0,4,1,3,1,0,4,0,1,0,0,0,0,0,0,0,0,0,0,0,0,0,0,0,0,0,0,0,4,0,1,0
"513",2021-07-05,15,15,5,10,0,5,2,3,0,0,0,2,3,5,5,0,3,0,2,0,0,0,0,0,0,0,0,0,0,0,0,0,0,0,0,0,1,0,2,0,2,0
"514",2021-07-06,10,10,4,6,0,4,3,1,0,0,0,4,0,1,0,0,3,0,1,0,0,0,0,0,0,0,0,0,0,0,0,0,0,0,2,0,2,0,0,0,0,0
"515",2021-07-07,19,19,8,11,0,8,4,4,0,0,0,7,1,2,1,0,3,0,5,0,0,0,0,0,0,0,0,0,0,0,0,0,0,0,0,0,1,0,5,0,2,0
"516",2021-07-08,13,13,3,10,0,3,3,0,1,1,0,2,1,2,1,0,0,0,3,0,0,0,0,0,0,0,0,0,0,0,0,0,0,0,0,0,0,0,2,0,1,1
"517",2021-07-09,12,12,4,8,0,4,2,2,0,0,0,4,0,0,0,0,2,0,2,0,0,0,0,0,0,0,0,0,0,0,0,0,0,0,1,0,2,0,1,0,0,0
"518",2021-07-10,9,9,0,9,0,0,0,0,0,0,0,0,0,0,0,0,0,0,0,0,0,0,0,0,0,0,0,0,0,0,0,0,0,0,0,0,0,0,0,0,0,0
"519",2021-07-11,7,7,2,5,0,2,0,2,0,0,0,0,2,5,2,0,1,0,1,0,0,0,0,0,0,0,0,0,0,0,0,0,0,0,0,0,0,0,1,0,1,0
"520",2021-07-12,9,9,4,5,0,4,1,3,0,0,0,3,1,3,2,0,2,0,1,0,1,0,0,0,0,0,0,0,0,0,0,0,0,0,0,0,3,0,1,0,0,0
"521",2021-07-13,12,12,3,9,0,3,0,3,0,0,0,3,0,1,0,0,1,0,2,0,0,0,0,0,0,0,0,0,0,0,0,0,0,0,1,0,1,0,1,0,0,0
"522",2021-07-14,8,8,3,5,0,3,0,3,0,0,0,3,0,0,0,0,1,0,2,0,0,0,0,0,0,0,0,0,0,0,0,0,0,0,0,0,0,0,3,0,0,0
"523",2021-07-15,19,19,3,16,0,3,2,1,0,0,0,3,0,1,0,0,0,0,3,0,0,0,0,0,0,0,0,0,0,0,0,0,0,0,0,0,2,0,1,0,0,0
"524",2021-07-16,16,16,1,15,0,1,1,0,0,0,0,0,1,4,1,0,0,0,1,0,0,0,0,0,0,0,0,0,0,0,0,0,0,0,0,0,0,0,0,0,1,0
"525",2021-07-17,20,20,6,14,0,6,2,4,0,0,0,6,0,1,0,0,3,0,3,0,0,0,0,0,0,0,0,0,0,0,0,0,0,0,0,0,2,0,4,0,0,0
"526",2021-07-18,13,13,3,10,0,3,0,3,0,0,0,2,1,3,1,0,0,0,3,0,0,0,0,0,0,0,0,0,0,0,0,0,0,0,0,0,2,0,1,0,0,0
"527",2021-07-19,16,16,7,9,0,7,3,4,0,0,0,4,3,5,3,0,5,0,2,0,0,0,0,0,0,0,0,0,0,0,0,0,0,0,0,0,2,0,4,0,1,0
"528",2021-07-20,18,18,9,9,0,9,6,3,1,1,0,7,2,3,2,0,7,1,0,0,1,0,0,0,1,0,0,0,0,0,0,0,0,0,0,0,3,0,5,0,1,1
"529",2021-07-21,21,21,7,14,0,7,4,3,0,0,0,7,0,0,0,0,3,0,4,0,0,0,0,0,0,0,0,0,0,0,0,0,0,0,2,0,2,0,2,0,1,0
"530",2021-07-22,29,28,13,15,0,14,8,6,0,0,0,14,0,2,0,0,6,0,7,0,1,0,0,0,0,0,0,0,0,0,0,0,0,0,0,0,2,0,9,0,3,0
"531",2021-07-23,28,28,8,20,0,8,5,3,0,0,0,8,0,0,0,0,2,0,6,0,0,0,0,0,0,0,0,0,0,0,0,0,0,0,1,0,6,0,1,0,0,0
"532",2021-07-24,29,27,6,21,0,8,6,2,1,0,1,6,2,5,2,0,2,0,6,0,0,0,0,0,0,0,0,0,0,0,0,0,0,0,0,0,3,0,5,1,0,0
"533",2021-07-25,28,24,7,17,0,11,6,5,0,0,0,9,2,3,2,0,1,0,10,0,0,0,0,0,0,0,0,0,0,0,0,0,0,0,4,0,1,0,6,0,0,0
"534",2021-07-26,27,26,4,22,0,5,3,2,0,0,0,5,0,0,0,0,0,0,3,0,2,0,0,0,0,0,0,0,0,0,0,0,0,0,0,0,0,0,3,0,2,0
"535",2021-07-27,20,20,6,14,0,6,4,2,0,0,0,5,1,2,1,0,4,0,2,0,0,0,0,0,0,0,0,0,0,0,0,0,0,0,0,0,0,0,6,0,0,0
"536",2021-07-28,19,19,8,11,0,8,4,4,0,0,0,7,1,1,1,0,3,0,5,0,0,0,0,0,0,0,0,0,0,0,0,0,0,0,0,0,2,0,5,0,1,0
"537",2021-07-29,33,31,11,20,0,13,7,6,1,0,1,9,4,8,4,0,3,0,10,0,0,0,0,0,0,0,0,0,0,0,0,0,0,0,1,0,4,0,4,0,4,1
"538",2021-07-30,36,35,15,20,1,15,9,6,3,3,0,12,3,6,4,0,11,2,4,0,0,0,0,0,0,0,0,0,0,0,0,0,0,0,0,0,3,0,11,2,1,1
"539",2021-07-31,42,41,15,26,0,16,9,7,0,0,0,14,2,3,2,0,10,0,6,0,0,0,0,0,0,0,0,0,0,0,0,0,0,0,1,0,5,0,9,0,1,0
"540",2021-08-01,64,58,24,34,0,30,16,14,0,0,0,29,1,2,1,0,15,0,14,0,1,0,0,0,0,0,0,0,0,0,0,0,0,0,3,0,6,0,20,0,1,0
"541",2021-08-02,24,20,5,15,1,8,3,5,0,0,0,7,1,2,1,0,3,0,5,0,0,0,0,0,0,0,0,0,0,0,0,0,0,0,1,0,4,0,1,0,2,0
"542",2021-08-03,17,16,6,10,1,6,2,4,0,0,0,6,0,2,0,0,5,0,1,0,0,0,0,0,0,0,0,0,0,0,0,0,0,0,0,0,2,0,4,0,0,0
"543",2021-08-04,31,31,9,22,0,9,6,3,0,0,0,9,0,0,0,0,7,0,1,0,1,0,0,0,0,0,0,0,0,0,0,0,0,0,0,0,4,0,5,0,0,0
"544",2021-08-05,40,40,10,30,0,10,7,3,0,0,0,10,0,1,1,0,6,0,4,0,0,0,0,0,0,0,0,0,0,0,0,0,0,0,1,0,4,0,5,0,0,0
"545",2021-08-06,32,30,13,17,1,14,10,4,1,1,0,11,3,6,4,0,4,0,9,0,1,0,0,0,0,0,0,0,0,0,0,0,0,0,1,0,4,0,9,1,0,0
"546",2021-08-07,37,36,14,22,1,14,11,3,0,0,0,13,1,5,1,0,7,0,7,0,0,0,0,0,0,0,0,0,0,0,0,0,0,0,0,0,5,0,9,0,0,0
"547",2021-08-08,46,46,11,35,0,11,8,3,2,1,1,9,2,6,2,0,3,1,7,0,1,0,0,0,0,0,0,0,0,0,0,0,0,0,0,0,5,0,6,2,0,0
"548",2021-08-09,37,35,14,21,1,15,8,7,0,0,0,13,2,4,3,0,7,0,7,0,1,0,0,0,0,0,0,0,0,0,0,0,0,0,1,0,2,0,11,0,1,0
"549",2021-08-10,45,40,12,28,3,14,8,6,1,0,1,13,1,2,2,0,7,1,5,0,2,0,0,0,0,0,0,0,0,0,0,0,0,0,1,0,5,0,6,1,2,0
"550",2021-08-11,38,34,19,15,1,22,7,15,0,0,0,21,1,3,1,0,12,0,9,0,1,0,0,0,0,0,0,0,0,0,0,0,0,0,0,0,7,0,12,0,3,0
"551",2021-08-12,36,34,11,23,0,13,5,8,1,0,1,12,1,5,1,0,5,1,8,0,0,0,0,0,0,0,0,0,0,0,0,0,0,0,0,0,0,0,10,0,3,1
"552",2021-08-13,69,66,29,37,0,32,21,11,1,0,1,30,2,6,3,0,14,1,14,0,4,0,0,0,0,0,0,0,0,0,0,0,0,0,2,0,8,0,16,0,6,1
"553",2021-08-14,34,33,17,16,0,18,8,10,1,0,1,16,2,4,2,0,14,0,4,0,0,0,0,0,0,0,0,0,0,0,0,0,0,0,1,0,4,0,10,0,3,1
"554",2021-08-15,51,51,18,33,0,18,12,6,0,0,0,18,0,0,0,0,10,0,8,0,0,0,0,0,0,0,0,0,0,0,0,0,0,0,3,0,6,0,6,0,3,0
"555",2021-08-16,57,56,18,38,0,19,9,10,1,1,0,18,1,6,2,0,11,1,7,0,1,0,0,0,0,0,0,0,0,0,0,0,0,0,2,0,3,0,10,1,4,0
"556",2021-08-17,30,28,6,22,0,8,4,4,1,1,0,7,1,2,1,0,3,0,2,0,3,0,0,0,0,0,0,0,0,0,0,0,0,0,0,0,4,0,3,0,1,1
"557",2021-08-18,36,34,11,23,1,12,7,5,2,2,0,8,4,8,4,0,6,1,6,0,0,0,0,0,0,0,0,0,0,0,0,0,0,0,0,0,4,0,4,0,4,2
"558",2021-08-19,57,54,21,33,0,24,13,11,1,0,1,21,3,6,3,0,7,0,15,0,2,0,0,0,0,0,0,0,0,0,0,0,0,0,1,0,1,0,17,0,5,1
"559",2021-08-20,65,62,12,50,0,15,10,5,0,0,0,15,0,0,0,0,5,0,10,0,0,0,0,0,0,0,0,0,0,0,0,0,0,0,0,0,6,0,6,0,3,0
"560",2021-08-21,44,44,15,29,0,15,9,6,0,0,0,14,1,3,2,0,4,0,8,0,3,0,0,0,0,0,0,0,0,0,0,0,0,0,0,0,2,0,9,0,4,0
"561",2021-08-22,39,37,12,25,1,13,5,8,1,0,1,11,2,4,2,0,6,1,6,0,1,0,0,0,0,0,0,0,0,0,0,0,0,0,0,0,7,0,5,0,1,1
"562",2021-08-23,62,60,11,49,0,13,6,7,0,0,0,12,1,2,1,0,3,0,7,0,3,0,0,0,0,0,0,0,0,0,0,0,0,0,0,0,5,0,7,0,1,0
"563",2021-08-24,30,29,5,24,1,5,3,2,1,0,1,3,2,4,2,0,4,1,1,0,0,0,0,0,0,0,0,0,0,0,0,0,0,0,0,0,2,0,2,1,1,0
"564",2021-08-25,56,54,18,36,2,18,9,9,1,1,0,16,2,3,2,0,9,1,9,0,0,0,0,0,0,0,0,0,0,0,0,0,0,0,1,0,3,0,10,0,4,1
"565",2021-08-26,54,52,12,40,2,12,7,5,1,0,1,10,2,6,2,0,7,0,5,0,0,0,0,0,0,0,0,0,0,0,0,0,0,0,1,0,5,0,6,1,0,0
"566",2021-08-27,28,28,10,18,0,10,7,3,1,0,1,9,1,2,1,0,4,0,6,0,0,0,0,0,0,0,0,0,0,0,0,0,0,0,1,0,1,0,8,1,0,0
"567",2021-08-28,38,38,19,19,0,19,9,10,3,2,1,15,4,9,5,0,11,1,8,0,0,0,0,0,0,0,0,0,0,0,0,0,0,0,0,0,7,1,7,1,5,1
"568",2021-08-29,42,42,17,25,0,17,9,8,0,0,0,17,0,0,0,0,6,0,11,0,0,0,0,0,0,0,0,0,0,0,0,0,0,0,0,0,4,0,11,0,2,0
"569",2021-08-30,44,43,8,35,1,8,4,4,0,0,0,8,0,1,0,0,3,0,5,0,0,0,0,0,0,0,0,0,0,0,0,0,0,0,0,0,5,0,3,0,0,0
"570",2021-08-31,28,28,8,20,0,8,1,7,1,0,1,5,3,5,4,0,5,1,3,0,0,0,0,0,0,0,0,0,0,0,0,0,0,0,1,0,2,0,4,0,1,1
"571",2021-09-01,38,37,8,29,0,9,6,3,0,0,0,9,0,0,0,0,7,0,2,0,0,0,0,0,0,0,0,0,0,0,0,0,0,0,1,0,5,0,3,0,0,0
"572",2021-09-02,37,35,15,20,2,15,8,7,0,0,0,13,2,5,2,0,7,0,8,0,0,0,0,0,0,0,0,0,0,0,0,0,0,0,1,0,3,0,7,0,4,0
"573",2021-09-03,48,48,18,30,0,18,10,8,1,0,1,14,4,7,4,0,5,0,13,0,0,0,0,0,0,0,0,0,0,0,0,0,0,0,0,0,6,0,8,1,4,0
"574",2021-09-04,43,43,11,32,0,11,8,3,2,1,1,9,2,4,3,1,4,0,7,0,0,0,0,0,0,0,0,0,0,0,0,0,0,0,1,0,1,0,7,0,2,2
"575",2021-09-05,43,43,13,30,0,13,8,5,1,1,0,12,1,1,1,0,7,0,6,0,0,0,0,0,0,0,0,0,0,0,0,0,0,0,0,0,5,0,7,0,1,1
"576",2021-09-06,63,63,20,43,0,20,11,9,0,0,0,19,1,1,1,0,13,0,7,0,0,0,0,0,0,0,0,0,0,0,0,0,0,0,0,0,10,0,10,0,0,0
"577",2021-09-07,26,26,6,20,0,6,2,4,1,0,1,5,1,2,2,0,6,1,0,0,0,0,0,0,0,0,0,0,0,0,0,0,0,0,0,0,1,0,4,0,1,1
"578",2021-09-08,31,30,9,21,0,10,6,4,3,2,1,6,4,7,6,1,6,2,4,0,0,0,0,0,0,0,0,0,0,0,0,0,0,0,1,0,2,0,4,1,3,2
"579",2021-09-09,41,41,20,21,0,20,10,10,0,0,0,18,2,4,3,0,5,0,15,0,0,0,0,0,0,0,0,0,0,0,0,0,0,0,3,0,1,0,16,0,0,0
"580",2021-09-10,48,48,15,33,0,15,7,8,2,1,1,13,2,3,2,0,8,2,7,0,0,0,0,0,0,0,0,0,0,0,0,0,0,0,0,0,0,0,13,0,2,2
"581",2021-09-11,27,27,4,23,0,4,2,2,0,0,0,4,0,0,0,0,0,0,4,0,0,0,0,0,0,0,0,0,0,0,0,0,0,0,0,0,3,0,0,0,1,0
"582",2021-09-12,37,37,7,30,0,7,3,4,1,1,0,6,1,3,1,0,2,0,5,0,0,0,0,0,0,0,0,0,0,0,0,0,0,0,0,0,1,0,5,1,1,0
"583",2021-09-13,41,41,14,27,0,14,8,6,0,0,0,12,2,5,2,0,5,0,9,0,0,0,0,0,0,0,0,0,0,0,0,0,0,0,0,0,3,0,8,0,3,0
"584",2021-09-14,28,27,11,16,0,12,9,3,0,0,0,11,1,2,1,0,4,0,8,0,0,0,0,0,0,0,0,0,0,0,0,0,0,0,0,0,5,0,4,0,3,0
"585",2021-09-15,29,27,7,20,1,8,5,3,2,2,0,6,2,7,4,0,3,2,5,0,0,0,0,0,0,0,0,0,0,0,0,0,0,0,0,0,1,0,5,0,2,2
"586",2021-09-16,33,33,5,28,0,5,4,1,0,0,0,5,0,2,0,0,2,0,3,0,0,0,0,0,0,0,0,0,0,0,0,0,0,0,0,0,2,0,2,0,1,0
"587",2021-09-17,40,38,12,26,2,12,5,7,1,0,1,11,1,2,2,0,11,1,1,0,0,0,0,0,0,0,0,0,0,0,0,0,0,0,0,0,3,0,7,1,2,0
"588",2021-09-18,59,58,13,45,1,13,7,6,1,0,1,11,2,5,2,0,8,1,5,0,0,0,0,0,0,0,0,0,0,0,0,0,0,0,0,0,1,0,9,0,3,1
"589",2021-09-19,41,41,6,35,0,6,3,3,1,1,0,5,1,3,1,0,3,1,3,0,0,0,0,0,0,0,0,0,0,0,0,0,0,0,0,0,3,0,0,0,3,1
"590",2021-09-20,37,37,13,24,0,13,11,2,2,1,1,11,2,3,2,0,7,1,6,0,0,0,0,0,0,0,0,0,0,0,0,0,0,0,0,0,5,0,6,0,2,2
"591",2021-09-21,24,24,6,18,0,6,6,0,0,0,0,6,0,0,0,0,3,0,3,0,0,0,0,0,0,0,0,0,0,0,0,0,0,0,0,0,3,0,3,0,0,0
"592",2021-09-22,28,28,11,17,0,11,8,3,0,0,0,11,0,0,0,0,5,0,6,0,0,0,0,0,0,0,0,0,0,0,0,0,0,0,2,0,3,0,5,0,1,0
"593",2021-09-23,23,22,7,15,1,7,4,3,0,0,0,6,1,2,1,0,6,0,1,0,0,0,0,0,0,0,0,0,0,0,0,0,0,0,0,0,4,0,2,0,1,0
"594",2021-09-24,38,38,19,19,0,19,11,8,1,0,1,18,1,3,2,0,17,1,2,0,0,0,0,0,0,0,0,0,0,0,0,0,0,0,2,0,7,0,9,1,1,0
"595",2021-09-25,37,36,11,25,1,11,6,5,0,0,0,11,0,2,1,0,3,0,8,0,0,0,0,0,0,0,0,0,0,0,0,0,0,0,0,0,6,0,3,0,2,0
"596",2021-09-26,48,48,15,33,0,15,5,10,0,0,0,14,1,2,1,0,6,0,9,0,0,0,0,0,0,0,0,0,0,0,0,0,0,0,0,0,4,0,7,0,4,0
"597",2021-09-27,46,46,11,35,0,11,7,4,0,0,0,11,0,0,0,0,9,0,2,0,0,0,0,0,0,0,0,0,0,0,0,0,0,0,1,0,4,0,6,0,0,0
"598",2021-09-28,43,43,16,27,0,16,10,6,0,0,0,16,0,0,0,0,11,0,5,0,0,0,0,0,0,0,0,0,0,0,0,0,0,0,3,0,7,0,6,0,0,0
"599",2021-09-29,19,19,5,14,0,5,1,4,0,0,0,5,0,0,0,0,1,0,4,0,0,0,0,0,0,0,0,0,0,0,0,0,0,0,0,0,2,0,2,0,1,0
"600",2021-09-30,46,45,16,29,1,16,10,6,1,1,0,14,2,4,3,0,11,1,5,0,0,0,0,0,0,0,0,0,0,0,0,0,0,0,1,0,3,0,10,1,2,0
"601",2021-10-01,46,46,15,31,0,15,7,8,0,0,0,12,3,9,3,0,10,0,5,0,0,0,0,0,0,0,0,0,0,0,0,0,0,0,1,0,4,0,9,0,1,0
"602",2021-10-02,39,38,9,29,0,9,2,7,1,0,1,7,2,5,2,0,5,0,4,0,0,0,0,0,0,0,0,0,0,0,0,0,0,0,1,0,1,0,4,0,3,1
"603",2021-10-03,33,33,10,23,0,10,5,5,0,0,0,9,1,3,1,0,8,0,2,0,0,0,0,0,0,0,0,0,0,0,0,0,0,0,1,0,6,0,2,0,1,0
"604",2021-10-04,48,48,17,31,0,17,8,9,1,0,1,16,1,2,1,0,12,1,5,0,0,0,0,0,0,0,0,0,0,0,0,0,0,0,2,0,4,0,8,0,3,1
"605",2021-10-05,36,35,12,23,1,12,6,6,2,1,1,9,3,6,3,0,10,1,2,0,0,0,0,0,0,0,0,0,0,0,0,0,0,0,0,0,5,0,3,0,4,2
"606",2021-10-06,40,39,22,17,1,22,12,10,0,0,0,20,2,5,3,0,13,0,9,0,0,0,0,0,0,0,0,0,0,0,0,0,0,0,4,0,8,0,10,0,0,0
"607",2021-10-07,22,22,7,15,0,7,1,6,0,0,0,7,0,0,0,0,6,0,1,0,0,0,0,0,0,0,0,0,0,0,0,0,0,0,0,0,2,0,5,0,0,0
"608",2021-10-08,53,53,19,34,0,19,7,12,1,1,0,16,3,7,3,0,13,0,6,0,0,0,0,0,0,0,0,0,0,0,0,0,0,0,1,0,2,0,12,0,4,1
"609",2021-10-09,40,39,15,24,0,16,10,6,4,1,3,12,4,9,6,0,10,3,6,0,0,0,0,0,0,0,0,0,0,0,0,0,0,0,0,0,3,0,8,1,5,3
"610",2021-10-10,64,64,16,48,0,16,8,8,2,0,2,12,4,7,4,0,9,1,7,0,0,0,0,0,0,0,0,0,0,0,0,0,0,0,0,0,4,0,7,0,5,2
"611",2021-10-11,52,52,17,35,0,17,9,8,0,0,0,16,1,2,1,0,10,0,7,0,0,0,0,0,0,0,0,0,0,0,0,0,0,0,0,0,3,0,11,0,3,0
"612",2021-10-12,41,41,17,24,0,17,8,9,2,0,2,13,4,9,4,0,11,2,6,0,0,0,0,0,0,0,0,0,0,0,0,0,0,0,0,0,2,0,12,0,3,2
"613",2021-10-13,32,32,15,17,0,15,7,8,2,1,1,11,4,9,5,0,10,2,5,0,0,0,0,0,0,0,0,0,0,0,0,0,0,0,1,0,5,0,7,1,2,1
"614",2021-10-14,37,36,14,22,1,14,9,5,1,1,0,12,2,4,2,0,9,0,5,0,0,0,0,0,0,0,0,0,0,0,0,0,0,0,0,0,4,0,9,0,1,1
"615",2021-10-15,37,37,16,21,0,16,7,9,2,0,2,13,3,7,3,0,10,1,6,0,0,0,0,0,0,0,0,0,0,0,0,0,0,0,0,0,6,0,3,0,7,2
"616",2021-10-16,61,60,20,40,0,20,10,10,1,1,0,18,2,6,2,0,18,1,2,0,0,0,0,0,0,0,0,0,0,0,0,0,0,0,0,0,4,0,14,1,2,0
"617",2021-10-17,48,48,21,27,0,21,9,12,2,1,1,19,2,6,3,0,19,2,2,0,0,0,0,0,0,0,0,0,0,0,0,0,0,0,0,0,7,0,12,1,2,1
"618",2021-10-18,74,72,19,53,2,19,12,7,0,0,0,17,2,6,2,0,13,0,6,0,0,0,0,0,0,0,0,0,0,0,0,0,0,0,1,0,5,0,7,0,6,0
"619",2021-10-19,61,60,24,36,1,24,16,8,1,0,1,23,1,3,1,0,16,1,8,0,0,0,0,0,0,0,0,0,0,0,0,0,0,0,0,0,5,0,16,1,3,0
"620",2021-10-20,55,55,20,35,0,20,6,14,0,0,0,17,3,6,3,0,12,0,8,0,0,0,0,0,0,0,0,0,0,0,0,0,0,0,1,0,4,0,11,0,4,0
"621",2021-10-21,31,29,7,22,1,8,3,5,0,0,0,7,1,4,1,0,5,0,3,0,0,0,0,0,0,0,0,0,0,0,0,0,0,0,0,0,1,0,6,0,1,0
"622",2021-10-22,59,56,24,32,3,24,13,11,3,0,3,19,5,12,5,0,15,1,9,0,0,0,0,0,0,0,0,0,0,0,0,0,0,0,3,0,4,0,15,1,2,2
"623",2021-10-23,61,59,25,34,2,25,17,8,0,0,0,23,2,6,2,0,12,0,13,0,0,0,0,0,0,0,0,0,0,0,0,0,0,0,3,0,4,0,15,0,3,0
"624",2021-10-24,60,60,24,36,0,24,15,9,1,1,0,21,3,8,3,0,9,1,15,0,0,0,0,0,0,0,0,0,0,0,0,0,0,0,1,0,5,0,15,0,3,1
"625",2021-10-25,57,57,22,35,0,22,13,9,3,1,2,18,4,8,4,0,10,2,12,0,0,0,0,0,0,0,0,0,0,0,0,0,0,0,1,0,2,0,15,0,4,3
"626",2021-10-26,23,21,7,14,2,7,6,1,1,1,0,4,3,6,3,0,4,1,3,0,0,0,0,0,0,0,0,0,0,0,0,0,0,0,1,0,1,0,5,1,0,0
"627",2021-10-27,24,24,12,12,0,12,8,4,0,0,0,12,0,0,0,0,2,0,10,0,0,0,0,0,0,0,0,0,0,0,0,0,0,0,1,0,5,0,3,0,3,0
"628",2021-10-28,45,43,20,23,1,21,14,7,1,1,0,18,3,6,3,0,7,0,14,0,0,0,0,0,0,0,0,0,0,0,0,0,0,0,1,0,4,0,13,0,3,1
"629",2021-10-29,74,74,28,46,0,28,13,15,0,0,0,28,0,2,0,0,17,0,11,0,0,0,0,0,0,0,0,0,0,0,0,0,0,0,1,0,9,0,15,0,3,0
"630",2021-10-30,47,47,22,25,0,22,12,10,1,0,1,21,1,2,1,0,12,1,10,0,0,0,0,0,0,0,0,0,0,0,0,0,0,0,1,0,4,0,14,1,3,0
"631",2021-10-31,74,72,32,40,2,32,17,15,0,0,0,29,3,8,3,0,22,0,10,0,0,0,0,0,0,0,0,0,0,0,0,0,0,0,1,0,9,0,19,0,3,0
"632",2021-11-01,83,77,45,32,5,46,30,16,1,0,1,43,3,5,3,0,29,1,17,0,0,0,0,0,0,0,0,0,0,0,0,0,0,0,5,0,8,0,27,0,6,1
"633",2021-11-02,73,68,32,36,2,35,19,16,1,0,1,31,4,10,5,0,25,1,10,0,0,0,0,0,0,0,0,0,0,0,0,0,0,0,1,0,7,0,17,0,10,1
"634",2021-11-03,41,37,18,19,0,22,16,6,1,0,1,20,2,5,2,0,12,1,9,0,1,0,0,0,0,0,0,0,0,0,0,0,0,0,1,0,5,0,13,0,3,1
"635",2021-11-04,49,45,19,26,3,20,9,11,1,0,1,18,2,6,2,0,14,1,6,0,0,0,0,0,0,0,0,0,0,0,0,0,0,0,1,0,4,0,12,1,3,0
"636",2021-11-05,57,55,24,31,1,24,12,12,1,0,1,19,5,12,5,0,14,1,9,0,1,0,0,0,0,0,0,0,0,0,0,0,0,0,0,0,4,0,14,0,6,1
"637",2021-11-06,57,56,32,24,1,32,18,14,0,0,0,31,1,2,1,0,22,0,10,0,0,0,0,0,0,0,0,0,0,0,0,0,0,0,2,0,10,0,13,0,7,0
"638",2021-11-07,49,49,20,29,0,20,10,10,0,0,0,17,3,5,3,0,13,0,7,0,0,0,0,0,0,0,0,0,0,0,0,0,0,0,0,0,4,0,11,0,5,0
"639",2021-11-08,69,69,29,40,0,29,16,13,0,0,0,27,2,4,2,0,21,0,6,0,2,0,0,0,0,0,0,0,0,0,0,0,0,0,2,0,12,0,13,0,2,0
"640",2021-11-09,67,66,29,37,1,29,17,12,0,0,0,27,2,5,2,0,17,0,12,0,0,0,0,0,0,0,0,0,0,0,0,0,0,0,3,0,12,0,13,0,1,0
"641",2021-11-10,43,43,24,19,0,24,12,12,0,0,0,19,5,10,5,0,16,0,8,0,0,0,0,0,0,0,0,0,0,0,0,0,0,0,0,0,3,0,15,0,6,0
"642",2021-11-11,37,35,14,21,2,14,6,8,0,0,0,14,0,3,0,0,6,0,7,0,1,0,0,0,0,0,0,0,0,0,0,0,0,0,1,0,4,0,6,0,3,0
"643",2021-11-12,33,30,15,15,3,15,10,5,0,0,0,15,0,3,0,0,6,0,7,0,2,0,0,0,0,0,0,0,0,0,0,0,0,0,3,0,3,0,9,0,0,0
"644",2021-11-13,36,36,15,21,0,15,9,6,0,0,0,14,1,4,1,0,7,0,6,0,2,0,0,0,0,0,0,0,0,0,0,0,0,0,1,0,1,0,10,0,3,0
"645",2021-11-14,51,50,19,31,1,19,12,7,0,0,0,19,0,1,0,0,12,0,6,0,1,0,0,0,0,0,0,0,0,0,0,0,0,0,0,0,6,0,10,0,3,0
"646",2021-11-15,51,51,24,27,0,24,16,8,0,0,0,24,0,0,0,0,13,0,11,0,0,0,0,0,0,0,0,0,0,0,0,0,0,0,0,0,8,0,13,0,3,0
"647",2021-11-16,16,16,10,6,0,10,6,4,0,0,0,9,1,2,1,0,6,0,4,0,0,0,0,0,0,0,0,0,0,0,0,0,0,0,0,0,4,0,4,0,2,0
"648",2021-11-17,15,13,1,12,2,1,1,0,0,0,0,1,0,2,0,0,0,0,1,0,0,0,0,0,0,0,0,0,0,0,0,0,0,0,0,0,1,0,0,0,0,0
"649",2021-11-18,6,5,2,3,1,2,1,1,0,0,0,2,0,0,0,0,1,0,1,0,0,0,0,0,0,0,0,0,0,0,0,0,0,0,0,0,2,0,0,0,0,0
