"fecha_def","Analizados","Resultados_lab","Confirmados_lab","Descartados_lab","Sospechosos","Casos","C_M","C_H","Decesos","D_M","D_H","Ambulatorios","Hospitalizados","Graves","Criticos","UCI","C_IMSS","D_IMSS","C_SSA","D_SSA","C_Estatal","D_Estatal","C_Municipal","D_Municipal","C_ISSSTE","D_ISSSTE","C_Privada","D_Privada","C_SEDENA","D_SEDENA","C_SEMAR","D_SEMAR","C_PEMEX","D_PEMEX","C_0_14","D_0_14","C_15_29","D_15_29","C_30_59","D_30_59","C_60_mas","D_60_mas"
2020-01-03,1,1,0,1,0,0,0,0,0,0,0,0,0,0,0,0,0,0,0,0,0,0,0,0,0,0,0,0,0,0,0,0,0,0,0,0,0,0,0,0,0,0
2020-01-07,1,1,0,1,0,0,0,0,0,0,0,0,0,0,0,0,0,0,0,0,0,0,0,0,0,0,0,0,0,0,0,0,0,0,0,0,0,0,0,0,0,0
2020-01-08,1,0,0,0,0,0,0,0,0,0,0,0,0,0,0,0,0,0,0,0,0,0,0,0,0,0,0,0,0,0,0,0,0,0,0,0,0,0,0,0,0,0
2020-01-12,1,1,0,1,0,0,0,0,0,0,0,0,0,0,0,0,0,0,0,0,0,0,0,0,0,0,0,0,0,0,0,0,0,0,0,0,0,0,0,0,0,0
2020-01-15,1,0,0,0,0,0,0,0,0,0,0,0,0,0,0,0,0,0,0,0,0,0,0,0,0,0,0,0,0,0,0,0,0,0,0,0,0,0,0,0,0,0
2020-01-18,1,1,0,1,0,0,0,0,0,0,0,0,0,0,0,0,0,0,0,0,0,0,0,0,0,0,0,0,0,0,0,0,0,0,0,0,0,0,0,0,0,0
2020-01-19,1,0,0,0,1,0,0,0,0,0,0,0,0,1,0,0,0,0,0,0,0,0,0,0,0,0,0,0,0,0,0,0,0,0,0,0,0,0,0,0,0,0
2020-01-20,1,1,0,1,0,0,0,0,0,0,0,0,0,0,0,0,0,0,0,0,0,0,0,0,0,0,0,0,0,0,0,0,0,0,0,0,0,0,0,0,0,0
2020-01-21,1,1,0,1,0,0,0,0,0,0,0,0,0,0,0,0,0,0,0,0,0,0,0,0,0,0,0,0,0,0,0,0,0,0,0,0,0,0,0,0,0,0
2020-01-22,1,1,0,1,0,0,0,0,0,0,0,0,0,0,0,0,0,0,0,0,0,0,0,0,0,0,0,0,0,0,0,0,0,0,0,0,0,0,0,0,0,0
2020-01-24,1,1,0,1,0,0,0,0,0,0,0,0,0,0,0,0,0,0,0,0,0,0,0,0,0,0,0,0,0,0,0,0,0,0,0,0,0,0,0,0,0,0
2020-01-27,1,1,0,1,0,0,0,0,0,0,0,0,0,0,0,0,0,0,0,0,0,0,0,0,0,0,0,0,0,0,0,0,0,0,0,0,0,0,0,0,0,0
2020-01-28,2,2,0,2,0,0,0,0,0,0,0,0,0,0,0,0,0,0,0,0,0,0,0,0,0,0,0,0,0,0,0,0,0,0,0,0,0,0,0,0,0,0
2020-01-30,1,1,0,1,0,0,0,0,0,0,0,0,0,0,0,0,0,0,0,0,0,0,0,0,0,0,0,0,0,0,0,0,0,0,0,0,0,0,0,0,0,0
2020-02-01,1,1,0,1,0,0,0,0,0,0,0,0,0,0,0,0,0,0,0,0,0,0,0,0,0,0,0,0,0,0,0,0,0,0,0,0,0,0,0,0,0,0
2020-02-05,2,2,0,2,0,0,0,0,0,0,0,0,0,0,0,0,0,0,0,0,0,0,0,0,0,0,0,0,0,0,0,0,0,0,0,0,0,0,0,0,0,0
2020-02-06,1,1,0,1,0,0,0,0,0,0,0,0,0,0,0,0,0,0,0,0,0,0,0,0,0,0,0,0,0,0,0,0,0,0,0,0,0,0,0,0,0,0
2020-02-07,1,0,0,0,0,0,0,0,0,0,0,0,0,0,0,0,0,0,0,0,0,0,0,0,0,0,0,0,0,0,0,0,0,0,0,0,0,0,0,0,0,0
2020-02-08,1,1,0,1,0,0,0,0,0,0,0,0,0,0,0,0,0,0,0,0,0,0,0,0,0,0,0,0,0,0,0,0,0,0,0,0,0,0,0,0,0,0
2020-02-12,1,1,0,1,0,0,0,0,0,0,0,0,0,0,0,0,0,0,0,0,0,0,0,0,0,0,0,0,0,0,0,0,0,0,0,0,0,0,0,0,0,0
2020-02-13,1,0,0,0,1,0,0,0,0,0,0,0,0,0,0,0,0,0,0,0,0,0,0,0,0,0,0,0,0,0,0,0,0,0,0,0,0,0,0,0,0,0
2020-02-15,2,2,0,2,0,0,0,0,0,0,0,0,0,0,0,0,0,0,0,0,0,0,0,0,0,0,0,0,0,0,0,0,0,0,0,0,0,0,0,0,0,0
2020-02-16,2,2,0,2,0,0,0,0,0,0,0,0,0,0,0,0,0,0,0,0,0,0,0,0,0,0,0,0,0,0,0,0,0,0,0,0,0,0,0,0,0,0
2020-02-17,3,3,0,3,0,0,0,0,0,0,0,0,0,0,0,0,0,0,0,0,0,0,0,0,0,0,0,0,0,0,0,0,0,0,0,0,0,0,0,0,0,0
2020-02-19,2,2,0,2,0,0,0,0,0,0,0,0,0,0,0,0,0,0,0,0,0,0,0,0,0,0,0,0,0,0,0,0,0,0,0,0,0,0,0,0,0,0
2020-02-23,2,2,0,2,0,0,0,0,0,0,0,0,0,0,0,0,0,0,0,0,0,0,0,0,0,0,0,0,0,0,0,0,0,0,0,0,0,0,0,0,0,0
2020-02-24,3,3,0,3,0,0,0,0,0,0,0,0,0,0,0,0,0,0,0,0,0,0,0,0,0,0,0,0,0,0,0,0,0,0,0,0,0,0,0,0,0,0
2020-02-26,1,1,0,1,0,0,0,0,0,0,0,0,0,0,0,0,0,0,0,0,0,0,0,0,0,0,0,0,0,0,0,0,0,0,0,0,0,0,0,0,0,0
2020-02-27,1,1,0,1,0,0,0,0,0,0,0,0,0,0,0,0,0,0,0,0,0,0,0,0,0,0,0,0,0,0,0,0,0,0,0,0,0,0,0,0,0,0
2020-02-28,2,2,0,2,0,0,0,0,0,0,0,0,0,0,0,0,0,0,0,0,0,0,0,0,0,0,0,0,0,0,0,0,0,0,0,0,0,0,0,0,0,0
2020-02-29,4,4,0,4,0,0,0,0,0,0,0,0,0,1,0,0,0,0,0,0,0,0,0,0,0,0,0,0,0,0,0,0,0,0,0,0,0,0,0,0,0,0
2020-03-01,1,1,0,1,0,0,0,0,0,0,0,0,0,0,0,0,0,0,0,0,0,0,0,0,0,0,0,0,0,0,0,0,0,0,0,0,0,0,0,0,0,0
2020-03-02,1,1,0,1,0,0,0,0,0,0,0,0,0,0,0,0,0,0,0,0,0,0,0,0,0,0,0,0,0,0,0,0,0,0,0,0,0,0,0,0,0,0
2020-03-03,2,2,0,2,0,0,0,0,0,0,0,0,0,1,1,0,0,0,0,0,0,0,0,0,0,0,0,0,0,0,0,0,0,0,0,0,0,0,0,0,0,0
2020-03-04,1,1,0,1,0,0,0,0,0,0,0,0,0,0,0,0,0,0,0,0,0,0,0,0,0,0,0,0,0,0,0,0,0,0,0,0,0,0,0,0,0,0
2020-03-06,1,1,0,1,0,0,0,0,0,0,0,0,0,0,0,0,0,0,0,0,0,0,0,0,0,0,0,0,0,0,0,0,0,0,0,0,0,0,0,0,0,0
2020-03-09,2,2,0,2,0,0,0,0,0,0,0,0,0,1,0,0,0,0,0,0,0,0,0,0,0,0,0,0,0,0,0,0,0,0,0,0,0,0,0,0,0,0
2020-03-11,2,2,0,2,0,0,0,0,0,0,0,0,0,0,0,0,0,0,0,0,0,0,0,0,0,0,0,0,0,0,0,0,0,0,0,0,0,0,0,0,0,0
2020-03-12,1,1,0,1,0,0,0,0,0,0,0,0,0,0,0,0,0,0,0,0,0,0,0,0,0,0,0,0,0,0,0,0,0,0,0,0,0,0,0,0,0,0
2020-03-13,1,1,0,1,0,0,0,0,0,0,0,0,0,0,0,0,0,0,0,0,0,0,0,0,0,0,0,0,0,0,0,0,0,0,0,0,0,0,0,0,0,0
2020-03-18,1,1,0,1,0,0,0,0,0,0,0,0,0,0,0,0,0,0,0,0,0,0,0,0,0,0,0,0,0,0,0,0,0,0,0,0,0,0,0,0,0,0
2020-03-20,1,1,0,1,0,0,0,0,0,0,0,0,0,0,0,0,0,0,0,0,0,0,0,0,0,0,0,0,0,0,0,0,0,0,0,0,0,0,0,0,0,0
2020-03-21,1,1,0,1,0,0,0,0,0,0,0,0,0,1,0,0,0,0,0,0,0,0,0,0,0,0,0,0,0,0,0,0,0,0,0,0,0,0,0,0,0,0
2020-03-24,1,1,0,1,0,0,0,0,0,0,0,0,0,1,1,0,0,0,0,0,0,0,0,0,0,0,0,0,0,0,0,0,0,0,0,0,0,0,0,0,0,0
2020-03-25,2,2,0,2,0,0,0,0,0,0,0,0,0,2,0,0,0,0,0,0,0,0,0,0,0,0,0,0,0,0,0,0,0,0,0,0,0,0,0,0,0,0
2020-03-26,1,1,0,1,0,0,0,0,0,0,0,0,0,1,1,0,0,0,0,0,0,0,0,0,0,0,0,0,0,0,0,0,0,0,0,0,0,0,0,0,0,0
2020-03-27,1,1,0,1,0,0,0,0,0,0,0,0,0,0,0,0,0,0,0,0,0,0,0,0,0,0,0,0,0,0,0,0,0,0,0,0,0,0,0,0,0,0
2020-03-28,1,1,0,1,0,0,0,0,0,0,0,0,0,1,0,0,0,0,0,0,0,0,0,0,0,0,0,0,0,0,0,0,0,0,0,0,0,0,0,0,0,0
2020-03-29,2,2,0,2,0,0,0,0,0,0,0,0,0,2,2,0,0,0,0,0,0,0,0,0,0,0,0,0,0,0,0,0,0,0,0,0,0,0,0,0,0,0
2020-03-30,3,3,1,2,0,1,1,0,1,1,0,0,1,4,4,0,1,1,0,0,0,0,0,0,0,0,0,0,0,0,0,0,0,0,0,0,1,1,0,0,0,0
2020-03-31,1,1,0,1,0,0,0,0,0,0,0,0,0,1,0,0,0,0,0,0,0,0,0,0,0,0,0,0,0,0,0,0,0,0,0,0,0,0,0,0,0,0
2020-04-01,2,2,0,2,0,0,0,0,0,0,0,0,0,1,2,0,0,0,0,0,0,0,0,0,0,0,0,0,0,0,0,0,0,0,0,0,0,0,0,0,0,0
2020-04-02,1,1,0,1,0,0,0,0,0,0,0,0,0,1,0,0,0,0,0,0,0,0,0,0,0,0,0,0,0,0,0,0,0,0,0,0,0,0,0,0,0,0
2020-04-03,1,1,0,1,0,0,0,0,0,0,0,0,0,1,0,0,0,0,0,0,0,0,0,0,0,0,0,0,0,0,0,0,0,0,0,0,0,0,0,0,0,0
2020-04-04,1,1,0,1,0,0,0,0,0,0,0,0,0,0,0,0,0,0,0,0,0,0,0,0,0,0,0,0,0,0,0,0,0,0,0,0,0,0,0,0,0,0
2020-04-05,2,2,2,0,0,2,2,0,2,2,0,0,2,4,3,0,2,2,0,0,0,0,0,0,0,0,0,0,0,0,0,0,0,0,0,0,0,0,1,1,1,1
2020-04-06,2,2,1,1,0,1,1,0,1,1,0,0,1,3,1,0,0,0,1,0,0,0,0,0,0,0,0,0,0,0,0,0,0,0,0,0,0,0,0,0,1,1
2020-04-07,1,1,1,0,0,1,0,1,1,0,1,0,1,2,1,0,0,0,1,0,0,0,0,0,0,0,0,0,0,0,0,0,0,0,0,0,0,0,0,0,1,1
2020-04-08,3,3,1,2,0,1,1,0,1,1,0,0,1,4,3,1,1,1,0,0,0,0,0,0,0,0,0,0,0,0,0,0,0,0,0,0,0,0,0,0,1,1
2020-04-09,2,2,1,1,0,1,0,1,1,0,1,0,1,3,1,0,0,0,0,0,1,1,0,0,0,0,0,0,0,0,0,0,0,0,0,0,0,0,0,0,1,1
2020-04-10,1,1,0,1,0,0,0,0,0,0,0,0,0,1,0,0,0,0,0,0,0,0,0,0,0,0,0,0,0,0,0,0,0,0,0,0,0,0,0,0,0,0
2020-04-11,3,3,1,2,0,1,1,0,1,1,0,0,1,3,2,0,0,0,1,0,0,0,0,0,0,0,0,0,0,0,0,0,0,0,0,0,0,0,0,0,1,1
2020-04-12,4,4,3,1,0,3,3,0,3,3,0,0,3,5,4,1,0,0,3,0,0,0,0,0,0,0,0,0,0,0,0,0,0,0,0,0,0,0,1,1,2,2
2020-04-13,3,2,0,2,0,1,0,1,1,0,1,0,1,3,2,0,1,1,0,0,0,0,0,0,0,0,0,0,0,0,0,0,0,0,0,0,0,0,1,1,0,0
2020-04-14,2,2,1,1,0,1,0,1,1,0,1,0,1,2,2,0,0,0,1,0,0,0,0,0,0,0,0,0,0,0,0,0,0,0,0,0,0,0,1,1,0,0
2020-04-15,3,3,3,0,0,3,1,2,3,1,2,0,3,6,4,1,2,2,1,0,0,0,0,0,0,0,0,0,0,0,0,0,0,0,0,0,0,0,1,1,2,2
2020-04-16,2,1,0,1,0,0,0,0,0,0,0,0,0,1,0,0,0,0,0,0,0,0,0,0,0,0,0,0,0,0,0,0,0,0,0,0,0,0,0,0,0,0
2020-04-17,2,2,1,1,0,1,1,0,1,1,0,0,1,3,2,1,1,1,0,0,0,0,0,0,0,0,0,0,0,0,0,0,0,0,0,0,0,0,0,0,1,1
2020-04-18,3,2,0,2,0,1,0,1,1,0,1,1,0,2,0,0,1,1,0,0,0,0,0,0,0,0,0,0,0,0,0,0,0,0,0,0,0,0,0,0,1,1
2020-04-19,7,7,2,5,0,2,1,1,2,1,1,0,2,6,3,0,2,2,0,0,0,0,0,0,0,0,0,0,0,0,0,0,0,0,0,0,0,0,1,1,1,1
2020-04-20,6,5,3,2,0,4,3,1,4,3,1,0,4,9,5,0,2,2,2,0,0,0,0,0,0,0,0,0,0,0,0,0,0,0,0,0,0,0,2,2,2,2
2020-04-21,3,3,3,0,0,3,1,2,3,1,2,0,3,6,5,0,2,2,1,0,0,0,0,0,0,0,0,0,0,0,0,0,0,0,0,0,0,0,2,2,1,1
2020-04-22,6,5,3,2,1,3,2,1,3,2,1,0,3,9,5,0,1,1,1,0,1,1,0,0,0,0,0,0,0,0,0,0,0,0,0,0,0,0,2,2,1,1
2020-04-23,2,2,1,1,0,1,1,0,1,1,0,0,1,3,1,0,1,1,0,0,0,0,0,0,0,0,0,0,0,0,0,0,0,0,0,0,0,0,0,0,1,1
2020-04-24,2,2,1,1,0,1,1,0,1,1,0,0,1,3,1,0,0,0,1,0,0,0,0,0,0,0,0,0,0,0,0,0,0,0,0,0,0,0,0,0,1,1
2020-04-25,3,3,1,2,0,1,0,1,1,0,1,0,1,2,1,0,0,0,0,0,1,1,0,0,0,0,0,0,0,0,0,0,0,0,0,0,0,0,1,1,0,0
2020-04-27,5,4,4,0,0,5,3,2,5,3,2,0,5,9,7,0,4,4,1,0,0,0,0,0,0,0,0,0,0,0,0,0,0,0,0,0,0,0,0,0,5,5
2020-04-28,4,3,1,2,0,2,1,1,2,1,1,0,2,5,2,0,2,2,0,0,0,0,0,0,0,0,0,0,0,0,0,0,0,0,0,0,0,0,0,0,2,2
2020-04-29,4,4,3,1,0,3,0,3,3,0,3,0,3,6,3,0,1,1,2,0,0,0,0,0,0,0,0,0,0,0,0,0,0,0,0,0,0,0,0,0,3,3
2020-04-30,3,3,1,2,0,1,1,0,1,1,0,0,1,3,2,0,0,0,1,0,0,0,0,0,0,0,0,0,0,0,0,0,0,0,0,0,0,0,0,0,1,1
2020-05-01,3,1,1,0,0,2,1,1,2,1,1,0,2,5,3,1,1,1,1,0,0,0,0,0,0,0,0,0,0,0,0,0,0,0,0,0,0,0,0,0,2,2
2020-05-02,5,5,3,2,0,3,2,1,3,2,1,0,3,7,5,1,2,2,1,0,0,0,0,0,0,0,0,0,0,0,0,0,0,0,0,0,0,0,0,0,3,3
2020-05-03,2,2,1,1,0,1,0,1,1,0,1,0,1,3,3,0,1,1,0,0,0,0,0,0,0,0,0,0,0,0,0,0,0,0,0,0,0,0,1,1,0,0
2020-05-04,5,5,2,3,0,2,1,1,2,1,1,0,2,7,4,1,2,2,0,0,0,0,0,0,0,0,0,0,0,0,0,0,0,0,0,0,0,0,0,0,2,2
2020-05-06,3,3,0,3,0,0,0,0,0,0,0,0,0,1,0,0,0,0,0,0,0,0,0,0,0,0,0,0,0,0,0,0,0,0,0,0,0,0,0,0,0,0
2020-05-07,5,5,3,2,0,3,2,1,3,2,1,0,3,7,7,1,3,3,0,0,0,0,0,0,0,0,0,0,0,0,0,0,0,0,0,0,0,0,2,2,1,1
2020-05-08,5,5,2,3,0,2,1,1,2,1,1,0,2,5,3,0,2,2,0,0,0,0,0,0,0,0,0,0,0,0,0,0,0,0,0,0,0,0,1,1,1,1
2020-05-09,5,4,2,2,0,3,1,2,3,1,2,0,3,6,3,0,1,1,2,0,0,0,0,0,0,0,0,0,0,0,0,0,0,0,0,0,1,1,1,1,1,1
2020-05-10,5,5,4,1,0,4,2,2,4,2,2,0,4,8,5,0,3,3,1,0,0,0,0,0,0,0,0,0,0,0,0,0,0,0,0,0,0,0,1,1,3,3
2020-05-11,7,7,4,3,0,4,2,2,4,2,2,0,4,10,6,1,3,3,1,0,0,0,0,0,0,0,0,0,0,0,0,0,0,0,0,0,0,0,1,1,3,3
2020-05-12,2,2,1,1,0,1,1,0,1,1,0,0,1,3,1,0,0,0,1,0,0,0,0,0,0,0,0,0,0,0,0,0,0,0,0,0,0,0,0,0,1,1
2020-05-13,11,11,4,7,0,4,2,2,4,2,2,0,4,15,8,2,2,2,2,0,0,0,0,0,0,0,0,0,0,0,0,0,0,0,0,0,0,0,0,0,4,4
2020-05-14,7,7,7,0,0,7,2,5,7,2,5,0,7,12,11,1,4,4,3,0,0,0,0,0,0,0,0,0,0,0,0,0,0,0,0,0,0,0,5,5,2,2
2020-05-15,8,8,5,3,0,5,1,4,5,1,4,0,5,9,9,0,5,5,0,0,0,0,0,0,0,0,0,0,0,0,0,0,0,0,0,0,0,0,3,3,2,2
2020-05-16,9,9,7,2,0,7,3,4,7,3,4,0,7,13,8,0,3,3,4,0,0,0,0,0,0,0,0,0,0,0,0,0,0,0,0,0,1,1,2,2,4,4
2020-05-17,15,13,10,3,0,12,6,6,12,6,6,0,12,22,15,2,7,7,5,0,0,0,0,0,0,0,0,0,0,0,0,0,0,0,0,0,0,0,3,3,9,9
2020-05-18,12,10,7,3,0,9,4,5,9,4,5,0,9,19,15,2,4,4,5,0,0,0,0,0,0,0,0,0,0,0,0,0,0,0,0,0,0,0,4,4,5,5
2020-05-19,12,12,10,2,0,10,3,7,10,3,7,0,10,19,14,0,6,6,4,0,0,0,0,0,0,0,0,0,0,0,0,0,0,0,0,0,0,0,6,6,4,4
2020-05-20,15,13,10,3,1,11,5,6,11,5,6,0,11,20,16,1,7,7,3,0,0,0,0,0,1,1,0,0,0,0,0,0,0,0,0,0,0,0,3,3,8,8
2020-05-21,9,7,4,3,1,5,4,1,5,4,1,0,5,14,6,0,3,3,2,0,0,0,0,0,0,0,0,0,0,0,0,0,0,0,0,0,0,0,2,2,3,3
2020-05-22,16,10,9,1,0,15,4,11,15,4,11,0,15,29,24,2,10,10,4,0,0,0,0,0,1,1,0,0,0,0,0,0,0,0,0,0,0,0,7,7,8,8
2020-05-23,20,17,15,2,0,18,6,12,18,6,12,0,18,33,29,5,9,9,5,0,1,1,0,0,3,3,0,0,0,0,0,0,0,0,0,0,1,1,4,4,13,13
2020-05-24,18,13,11,2,1,15,1,14,15,1,14,0,15,31,21,1,9,9,4,0,1,1,0,0,0,0,1,1,0,0,0,0,0,0,0,0,0,0,6,6,9,9
2020-05-25,24,19,17,2,0,22,9,13,22,9,13,0,22,42,29,2,11,11,11,0,0,0,0,0,0,0,0,0,0,0,0,0,0,0,0,0,0,0,11,11,11,11
2020-05-26,25,18,17,1,1,23,7,16,23,7,16,0,23,41,34,4,13,13,8,0,2,2,0,0,0,0,0,0,0,0,0,0,0,0,0,0,0,0,13,13,10,10
2020-05-27,26,16,13,3,1,22,7,15,22,7,15,0,22,43,28,0,18,18,4,0,0,0,0,0,0,0,0,0,0,0,0,0,0,0,0,0,0,0,8,8,14,14
2020-05-28,19,14,14,0,0,18,4,14,18,4,14,0,18,31,28,2,10,10,6,0,2,2,0,0,0,0,0,0,0,0,0,0,0,0,0,0,0,0,6,6,12,12
2020-05-29,30,25,24,1,0,29,11,18,29,11,18,0,29,51,38,3,13,13,15,0,1,1,0,0,0,0,0,0,0,0,0,0,0,0,0,0,0,0,9,9,20,20
2020-05-30,23,19,18,1,0,22,10,12,22,10,12,0,22,41,30,1,10,10,12,0,0,0,0,0,0,0,0,0,0,0,0,0,0,0,0,0,0,0,9,9,13,13
2020-05-31,22,15,13,2,1,19,6,13,19,6,13,0,19,35,26,2,14,14,5,0,0,0,0,0,0,0,0,0,0,0,0,0,0,0,0,0,0,0,6,6,13,13
2020-06-01,29,23,23,0,1,28,11,17,28,11,17,0,28,52,35,4,17,17,9,0,1,1,0,0,1,1,0,0,0,0,0,0,0,0,0,0,0,0,15,15,13,13
2020-06-02,24,15,13,2,1,21,6,15,21,6,15,0,21,40,32,3,16,16,5,0,0,0,0,0,0,0,0,0,0,0,0,0,0,0,0,0,0,0,10,10,11,11
2020-06-03,29,19,16,3,2,23,9,14,23,9,14,0,23,43,29,0,17,17,6,0,0,0,0,0,0,0,0,0,0,0,0,0,0,0,0,0,1,1,8,8,14,14
2020-06-04,36,30,26,4,1,30,13,17,30,13,17,0,30,59,42,3,14,14,16,0,0,0,0,0,0,0,0,0,0,0,0,0,0,0,0,0,0,0,13,13,17,17
2020-06-05,45,38,35,3,0,42,16,26,42,16,26,0,42,80,54,4,19,19,18,0,2,2,0,0,3,3,0,0,0,0,0,0,0,0,0,0,0,0,16,16,26,26
2020-06-06,34,30,26,4,2,28,10,18,28,10,18,0,28,56,37,5,12,12,15,0,0,0,0,0,1,1,0,0,0,0,0,0,0,0,0,0,1,1,14,14,13,13
2020-06-07,38,31,23,8,0,29,14,15,29,14,15,0,29,59,40,3,16,16,12,0,1,1,0,0,0,0,0,0,0,0,0,0,0,0,0,0,0,0,5,5,24,24
2020-06-08,45,35,30,5,0,40,15,25,40,15,25,0,40,73,48,2,26,26,13,0,1,1,0,0,0,0,0,0,0,0,0,0,0,0,0,0,0,0,15,15,25,25
2020-06-09,36,24,24,0,0,36,13,23,36,13,23,0,36,64,48,4,25,25,10,0,1,1,0,0,0,0,0,0,0,0,0,0,0,0,0,0,0,0,15,15,21,21
2020-06-10,58,44,35,9,0,48,23,25,48,23,25,0,48,94,58,3,32,32,16,0,0,0,0,0,0,0,0,0,0,0,0,0,0,0,0,0,0,0,15,15,33,33
2020-06-11,47,37,33,4,0,42,17,25,42,17,25,0,42,75,53,5,19,19,19,0,3,3,0,0,1,1,0,0,0,0,0,0,0,0,0,0,0,0,12,12,30,30
2020-06-12,58,48,37,11,2,45,22,23,45,22,23,0,45,90,57,5,26,26,16,0,0,0,0,0,2,2,1,1,0,0,0,0,0,0,0,0,0,0,16,16,29,29
2020-06-13,44,34,29,5,2,37,13,24,37,13,24,0,37,66,45,4,22,22,14,0,1,1,0,0,0,0,0,0,0,0,0,0,0,0,0,0,0,0,16,16,21,21
2020-06-14,49,40,32,8,0,40,14,26,40,14,26,0,40,84,59,4,29,29,9,0,2,2,0,0,0,0,0,0,0,0,0,0,0,0,0,0,0,0,15,15,25,25
2020-06-15,63,52,42,10,1,50,15,35,50,15,35,0,50,94,64,4,28,28,20,0,2,2,0,0,0,0,0,0,0,0,0,0,0,0,0,0,1,1,24,24,25,25
2020-06-16,55,52,45,7,0,48,19,29,48,19,29,0,48,85,65,3,28,28,19,0,1,1,0,0,0,0,0,0,0,0,0,0,0,0,0,0,0,0,20,20,28,28
2020-06-17,47,42,35,7,0,40,13,27,40,13,27,0,40,76,50,1,25,25,13,0,2,2,0,0,0,0,0,0,0,0,0,0,0,0,0,0,0,0,12,12,28,28
2020-06-18,54,46,43,3,2,48,19,29,48,19,29,0,48,97,65,4,30,30,14,0,4,4,0,0,0,0,0,0,0,0,0,0,0,0,0,0,3,3,12,12,33,33
2020-06-19,45,39,31,8,2,35,20,15,35,20,15,0,35,66,47,0,24,24,10,0,1,1,0,0,0,0,0,0,0,0,0,0,0,0,0,0,0,0,14,14,21,21
2020-06-20,62,46,40,6,1,55,21,34,55,21,34,0,55,103,71,8,32,32,17,0,4,4,0,0,2,2,0,0,0,0,0,0,0,0,0,0,2,2,18,18,35,35
2020-06-21,41,34,28,6,1,33,15,18,33,15,18,0,33,62,48,5,17,17,16,0,0,0,0,0,0,0,0,0,0,0,0,0,0,0,0,0,0,0,11,11,22,22
2020-06-22,59,52,41,11,2,46,15,31,46,15,31,0,46,85,60,5,29,29,14,0,3,3,0,0,0,0,0,0,0,0,0,0,0,0,0,0,0,0,13,13,33,33
2020-06-23,73,62,56,6,4,62,28,34,62,28,34,0,62,112,79,5,39,39,18,0,3,3,0,0,2,2,0,0,0,0,0,0,0,0,0,0,1,1,18,18,43,43
2020-06-24,68,60,52,8,0,60,21,39,60,21,39,0,60,111,82,6,37,37,17,0,5,5,0,0,1,1,0,0,0,0,0,0,0,0,0,0,2,2,22,22,36,36
2020-06-25,61,51,47,4,1,56,24,32,56,24,32,0,56,98,71,2,35,35,18,0,3,3,0,0,0,0,0,0,0,0,0,0,0,0,0,0,0,0,24,24,32,32
2020-06-26,57,48,43,5,1,51,16,35,51,16,35,0,51,96,63,1,26,26,19,0,3,3,0,0,3,3,0,0,0,0,0,0,0,0,0,0,0,0,17,17,34,34
2020-06-27,52,44,39,5,2,45,21,24,45,21,24,0,45,78,56,1,23,23,21,0,1,1,0,0,0,0,0,0,0,0,0,0,0,0,0,0,2,2,14,14,29,29
2020-06-28,68,54,47,7,3,57,24,33,57,24,33,0,57,107,71,3,41,41,15,0,1,1,0,0,0,0,0,0,0,0,0,0,0,0,0,0,1,1,23,23,33,33
2020-06-29,65,57,49,8,1,56,22,34,56,22,34,0,56,108,71,3,32,32,19,0,4,4,0,0,1,1,0,0,0,0,0,0,0,0,0,0,1,1,17,17,38,38
2020-06-30,51,43,40,3,1,47,24,23,47,24,23,0,47,90,62,3,26,26,19,0,1,1,0,0,1,1,0,0,0,0,0,0,0,0,0,0,1,1,15,15,31,31
2020-07-01,55,48,44,4,1,50,24,26,50,24,26,0,50,92,73,2,26,26,17,0,7,7,0,0,0,0,0,0,0,0,0,0,0,0,0,0,0,0,11,11,39,39
2020-07-02,56,46,43,3,2,51,20,31,51,20,31,0,51,92,60,2,35,35,15,0,1,1,0,0,0,0,0,0,0,0,0,0,0,0,0,0,3,3,21,21,27,27
2020-07-03,54,44,42,2,1,51,19,32,51,19,32,0,51,91,67,2,35,35,15,0,0,0,0,0,1,1,0,0,0,0,0,0,0,0,0,0,0,0,22,22,29,29
2020-07-04,66,52,45,7,3,56,29,27,56,29,27,0,56,105,62,5,31,31,22,0,2,2,0,0,1,1,0,0,0,0,0,0,0,0,0,0,0,0,11,11,45,45
2020-07-05,57,48,42,6,1,50,21,29,50,21,29,0,50,89,62,1,36,36,11,0,3,3,0,0,0,0,0,0,0,0,0,0,0,0,0,0,0,0,19,19,31,31
2020-07-06,61,55,48,7,2,52,21,31,52,21,31,0,52,96,68,1,31,31,18,0,3,3,0,0,0,0,0,0,0,0,0,0,0,0,0,0,0,0,17,17,35,35
2020-07-07,59,45,42,3,3,52,17,35,52,17,35,0,52,95,65,3,39,39,8,0,5,5,0,0,0,0,0,0,0,0,0,0,0,0,0,0,1,1,17,17,34,34
2020-07-08,58,53,45,8,0,50,20,30,50,20,30,0,50,92,62,3,33,33,13,0,4,4,0,0,0,0,0,0,0,0,0,0,0,0,0,0,0,0,18,18,32,32
2020-07-09,72,64,55,9,1,61,25,36,61,25,36,0,61,116,81,2,42,42,13,0,6,6,0,0,0,0,0,0,0,0,0,0,0,0,0,0,0,0,19,19,42,42
2020-07-10,63,56,51,5,3,55,28,27,55,28,27,0,55,99,72,2,38,38,10,0,3,3,0,0,4,4,0,0,0,0,0,0,0,0,0,0,1,1,18,18,36,36
2020-07-11,64,51,47,4,1,59,29,30,59,29,30,0,59,105,77,5,45,45,12,0,2,2,0,0,0,0,0,0,0,0,0,0,0,0,0,0,0,0,22,22,37,37
2020-07-12,61,53,44,9,1,51,18,33,51,18,33,0,51,92,58,1,33,33,13,0,2,2,0,0,3,3,0,0,0,0,0,0,0,0,0,0,0,0,15,15,36,36
2020-07-13,62,51,47,4,3,55,20,35,55,20,35,0,55,96,68,4,30,30,23,0,2,2,0,0,0,0,0,0,0,0,0,0,0,0,0,0,1,1,17,17,37,37
2020-07-14,65,61,58,3,1,61,21,40,61,21,40,0,61,112,78,6,35,35,24,0,2,2,0,0,0,0,0,0,0,0,0,0,0,0,0,0,0,0,23,23,38,38
2020-07-15,51,46,42,4,0,47,19,28,47,19,28,0,47,87,59,2,30,30,13,0,3,3,0,0,1,1,0,0,0,0,0,0,0,0,0,0,0,0,15,15,32,32
2020-07-16,59,51,46,5,2,52,19,33,52,19,33,0,52,98,60,1,31,31,18,0,3,3,0,0,0,0,0,0,0,0,0,0,0,0,0,0,0,0,15,15,37,37
2020-07-17,41,33,32,1,1,39,14,25,39,14,25,0,39,70,55,1,21,21,14,0,4,4,0,0,0,0,0,0,0,0,0,0,0,0,0,0,0,0,9,9,30,30
2020-07-18,51,45,38,7,0,44,22,22,44,22,22,0,44,85,62,3,29,29,12,0,3,3,0,0,0,0,0,0,0,0,0,0,0,0,0,0,0,0,10,10,34,34
2020-07-19,46,41,37,4,2,40,19,21,40,19,21,0,40,78,57,4,27,27,13,0,0,0,0,0,0,0,0,0,0,0,0,0,0,0,0,0,0,0,14,14,26,26
2020-07-20,53,45,35,10,3,40,17,23,40,17,23,0,40,84,51,2,23,23,12,0,5,5,0,0,0,0,0,0,0,0,0,0,0,0,0,0,0,0,8,8,32,32
2020-07-21,58,52,49,3,1,54,22,32,54,22,32,0,54,88,64,4,34,34,15,0,3,3,0,0,2,2,0,0,0,0,0,0,0,0,0,0,0,0,17,17,37,37
2020-07-22,35,29,24,5,3,27,14,13,27,14,13,1,26,57,36,1,16,16,7,0,3,3,0,0,1,1,0,0,0,0,0,0,0,0,0,0,0,0,11,11,16,16
2020-07-23,56,48,41,7,1,48,17,31,48,17,31,0,48,89,65,1,31,31,15,0,2,2,0,0,0,0,0,0,0,0,0,0,0,0,0,0,0,0,15,15,33,33
2020-07-24,39,29,23,6,2,31,15,16,31,15,16,0,31,63,47,1,19,19,9,0,3,3,0,0,0,0,0,0,0,0,0,0,0,0,0,0,0,0,13,13,18,18
2020-07-25,38,32,24,8,0,30,9,21,30,9,21,0,30,62,38,2,20,20,6,0,1,1,0,0,3,3,0,0,0,0,0,0,0,0,0,0,0,0,10,10,20,20
2020-07-26,46,40,34,6,0,40,19,21,40,19,21,0,40,78,59,4,29,29,9,0,2,2,0,0,0,0,0,0,0,0,0,0,0,0,0,0,1,1,15,15,24,24
2020-07-27,46,40,35,5,2,39,15,24,39,15,24,0,39,78,47,0,26,26,9,0,4,4,0,0,0,0,0,0,0,0,0,0,0,0,0,0,0,0,11,11,28,28
2020-07-28,42,37,30,7,1,34,15,19,34,15,19,0,34,65,47,1,21,21,10,0,2,2,0,0,1,1,0,0,0,0,0,0,0,0,0,0,1,1,14,14,19,19
2020-07-29,26,25,21,4,0,22,9,13,22,9,13,0,22,43,26,3,13,13,7,0,2,2,0,0,0,0,0,0,0,0,0,0,0,0,0,0,0,0,7,7,15,15
2020-07-30,36,31,28,3,1,32,14,18,32,14,18,0,32,54,40,1,24,24,4,0,4,4,0,0,0,0,0,0,0,0,0,0,0,0,0,0,0,0,13,13,19,19
2020-07-31,32,27,20,7,1,24,11,13,24,11,13,0,24,51,28,2,14,14,8,0,2,2,0,0,0,0,0,0,0,0,0,0,0,0,0,0,0,0,5,5,19,19
2020-08-01,19,18,15,3,0,16,4,12,16,4,12,0,16,34,20,1,9,9,3,0,4,4,0,0,0,0,0,0,0,0,0,0,0,0,0,0,0,0,3,3,13,13
2020-08-02,21,17,15,2,0,19,10,9,19,10,9,0,19,38,25,2,10,10,8,0,0,0,0,0,1,1,0,0,0,0,0,0,0,0,0,0,0,0,3,3,16,16
2020-08-03,30,27,21,6,0,24,9,15,24,9,15,0,24,49,34,2,12,12,11,0,1,1,0,0,0,0,0,0,0,0,0,0,0,0,0,0,0,0,9,9,15,15
2020-08-04,28,27,27,0,0,28,12,16,28,12,16,0,28,52,33,2,15,15,10,0,3,3,0,0,0,0,0,0,0,0,0,0,0,0,0,0,1,1,5,5,22,22
2020-08-05,22,19,16,3,1,18,8,10,18,8,10,0,18,37,23,0,8,8,8,0,1,1,0,0,1,1,0,0,0,0,0,0,0,0,0,0,0,0,6,6,12,12
2020-08-06,28,22,19,3,0,24,10,14,24,10,14,0,24,45,31,1,17,17,6,0,1,1,0,0,0,0,0,0,0,0,0,0,0,0,0,0,1,1,8,8,15,15
2020-08-07,21,19,19,0,0,21,11,10,21,11,10,0,21,39,31,1,17,17,3,0,1,1,0,0,0,0,0,0,0,0,0,0,0,0,0,0,1,1,3,3,17,17
2020-08-08,25,22,14,8,1,16,5,11,16,5,11,0,16,37,22,4,8,8,5,0,2,2,0,0,1,1,0,0,0,0,0,0,0,0,0,0,0,0,8,8,8,8
2020-08-09,17,13,9,4,2,11,4,7,11,4,7,0,11,24,12,0,8,8,2,0,1,1,0,0,0,0,0,0,0,0,0,0,0,0,0,0,0,0,6,6,5,5
2020-08-10,14,13,8,5,0,9,3,6,9,3,6,0,9,23,11,0,5,5,4,0,0,0,0,0,0,0,0,0,0,0,0,0,0,0,0,0,0,0,5,5,4,4
2020-08-11,26,23,22,1,0,25,14,11,25,14,11,0,25,45,34,1,16,16,7,0,0,0,0,0,1,1,1,1,0,0,0,0,0,0,0,0,1,1,10,10,14,14
2020-08-12,18,18,14,4,0,14,6,8,14,6,8,0,14,29,17,0,7,7,6,0,1,1,0,0,0,0,0,0,0,0,0,0,0,0,0,0,0,0,3,3,11,11
2020-08-13,28,21,17,4,2,22,8,14,22,8,14,0,22,42,30,3,12,12,10,0,0,0,0,0,0,0,0,0,0,0,0,0,0,0,0,0,0,0,3,3,19,19
2020-08-14,18,17,13,4,0,14,5,9,14,5,9,0,14,29,18,0,9,9,5,0,0,0,0,0,0,0,0,0,0,0,0,0,0,0,0,0,0,0,4,4,10,10
2020-08-15,14,11,10,1,0,13,9,4,13,9,4,0,13,26,16,1,8,8,4,0,0,0,0,0,1,1,0,0,0,0,0,0,0,0,0,0,1,1,3,3,9,9
2020-08-16,26,24,17,7,1,18,7,11,18,7,11,0,18,36,25,3,12,12,5,0,0,0,0,0,1,1,0,0,0,0,0,0,0,0,0,0,0,0,10,10,8,8
2020-08-17,21,19,18,1,0,20,7,13,20,7,13,0,20,37,24,0,13,13,5,0,2,2,0,0,0,0,0,0,0,0,0,0,0,0,0,0,0,0,6,6,14,14
2020-08-18,20,18,11,7,0,13,3,10,13,3,10,0,13,29,17,1,7,7,6,0,0,0,0,0,0,0,0,0,0,0,0,0,0,0,1,1,1,1,1,1,10,10
2020-08-19,19,19,12,7,0,12,6,6,12,6,6,0,12,26,19,1,7,7,2,0,3,3,0,0,0,0,0,0,0,0,0,0,0,0,0,0,1,1,5,5,6,6
2020-08-20,16,13,10,3,1,12,6,6,12,6,6,0,12,24,13,0,7,7,4,0,1,1,0,0,0,0,0,0,0,0,0,0,0,0,0,0,0,0,1,1,11,11
2020-08-21,18,13,10,3,1,14,5,9,14,5,9,0,14,26,19,4,8,8,6,0,0,0,0,0,0,0,0,0,0,0,0,0,0,0,0,0,0,0,6,6,8,8
2020-08-22,16,12,8,4,0,12,3,9,12,3,9,0,12,25,16,4,4,4,8,0,0,0,0,0,0,0,0,0,0,0,0,0,0,0,0,0,2,2,6,6,4,4
2020-08-23,10,9,9,0,0,10,5,5,10,5,5,0,10,18,14,3,3,3,6,0,0,0,0,0,1,1,0,0,0,0,0,0,0,0,0,0,0,0,5,5,5,5
2020-08-24,15,15,11,4,0,11,6,5,11,6,5,0,11,22,11,0,7,7,4,0,0,0,0,0,0,0,0,0,0,0,0,0,0,0,0,0,0,0,4,4,7,7
2020-08-25,17,15,8,7,0,10,4,6,10,4,6,0,10,23,15,0,6,6,3,0,1,1,0,0,0,0,0,0,0,0,0,0,0,0,0,0,0,0,3,3,7,7
2020-08-26,22,19,11,8,3,11,3,8,11,3,8,0,11,29,16,0,7,7,2,0,2,2,0,0,0,0,0,0,0,0,0,0,0,0,0,0,0,0,0,0,11,11
2020-08-27,10,9,6,3,0,7,2,5,7,2,5,0,7,16,7,1,4,4,2,0,0,0,0,0,0,0,0,0,1,1,0,0,0,0,0,0,0,0,1,1,6,6
2020-08-28,16,14,11,3,0,13,8,5,13,8,5,0,13,25,16,0,9,9,3,0,1,1,0,0,0,0,0,0,0,0,0,0,0,0,0,0,0,0,3,3,10,10
2020-08-29,7,5,5,0,1,6,1,5,6,1,5,0,6,11,10,0,4,4,2,0,0,0,0,0,0,0,0,0,0,0,0,0,0,0,0,0,0,0,4,4,2,2
2020-08-30,11,9,6,3,1,6,2,4,6,2,4,0,6,16,7,0,3,3,2,0,1,1,0,0,0,0,0,0,0,0,0,0,0,0,0,0,0,0,2,2,4,4
2020-08-31,19,19,11,8,0,11,4,7,11,4,7,0,11,29,18,3,8,8,1,0,0,0,0,0,2,2,0,0,0,0,0,0,0,0,0,0,0,0,5,5,6,6
2020-09-01,10,9,5,4,0,6,3,3,6,3,3,1,5,13,6,0,2,2,3,0,1,1,0,0,0,0,0,0,0,0,0,0,0,0,0,0,0,0,1,1,5,5
2020-09-02,11,11,8,3,0,8,4,4,8,4,4,0,8,17,11,0,5,5,3,0,0,0,0,0,0,0,0,0,0,0,0,0,0,0,0,0,0,0,4,4,4,4
2020-09-03,11,11,9,2,0,9,3,6,9,3,6,0,9,17,12,0,5,5,4,0,0,0,0,0,0,0,0,0,0,0,0,0,0,0,0,0,0,0,6,6,3,3
2020-09-04,15,15,13,2,0,13,10,3,13,10,3,0,13,25,17,0,8,8,5,0,0,0,0,0,0,0,0,0,0,0,0,0,0,0,0,0,1,1,4,4,8,8
2020-09-05,8,8,4,4,0,4,3,1,4,3,1,0,4,10,7,1,3,3,1,0,0,0,0,0,0,0,0,0,0,0,0,0,0,0,0,0,0,0,3,3,1,1
2020-09-06,12,11,9,2,0,10,7,3,10,7,3,0,10,20,16,2,5,5,4,0,0,0,0,0,0,0,0,0,0,0,1,1,0,0,0,0,0,0,2,2,8,8
2020-09-07,10,10,8,2,0,8,4,4,8,4,4,0,8,15,10,1,6,6,2,0,0,0,0,0,0,0,0,0,0,0,0,0,0,0,0,0,0,0,1,1,7,7
2020-09-08,11,10,6,4,1,6,4,2,6,4,2,0,6,15,7,0,3,3,3,0,0,0,0,0,0,0,0,0,0,0,0,0,0,0,0,0,0,0,3,3,3,3
2020-09-09,8,8,6,2,0,6,4,2,6,4,2,0,6,13,9,0,5,5,1,0,0,0,0,0,0,0,0,0,0,0,0,0,0,0,0,0,1,1,0,0,5,5
2020-09-10,11,9,8,1,0,10,4,6,10,4,6,0,10,16,11,1,4,4,6,0,0,0,0,0,0,0,0,0,0,0,0,0,0,0,0,0,0,0,3,3,7,7
2020-09-11,8,7,4,3,0,5,2,3,5,2,3,0,5,10,8,0,1,1,3,0,1,1,0,0,0,0,0,0,0,0,0,0,0,0,0,0,0,0,2,2,3,3
2020-09-12,9,8,3,5,1,3,2,1,3,2,1,0,3,11,4,0,1,1,2,0,0,0,0,0,0,0,0,0,0,0,0,0,0,0,0,0,1,1,1,1,1,1
2020-09-13,11,11,7,4,0,7,5,2,7,5,2,0,7,14,9,1,6,6,0,0,0,0,0,0,1,1,0,0,0,0,0,0,0,0,0,0,0,0,1,1,6,6
2020-09-14,8,5,4,1,2,5,1,4,5,1,4,0,5,12,7,1,3,3,1,0,0,0,0,0,1,1,0,0,0,0,0,0,0,0,0,0,0,0,1,1,4,4
2020-09-15,7,7,4,3,0,4,4,0,4,4,0,0,4,9,5,0,2,2,2,0,0,0,0,0,0,0,0,0,0,0,0,0,0,0,0,0,0,0,1,1,3,3
2020-09-16,12,10,3,7,0,5,3,2,5,3,2,0,5,16,8,0,2,2,3,0,0,0,0,0,0,0,0,0,0,0,0,0,0,0,0,0,0,0,0,0,5,5
2020-09-17,6,5,3,2,0,4,0,4,4,0,4,0,4,9,5,0,2,2,2,0,0,0,0,0,0,0,0,0,0,0,0,0,0,0,0,0,0,0,2,2,2,2
2020-09-18,9,8,2,6,0,3,0,3,3,0,3,0,3,12,5,0,3,3,0,0,0,0,0,0,0,0,0,0,0,0,0,0,0,0,0,0,0,0,2,2,1,1
2020-09-19,15,15,9,6,0,9,2,7,9,2,7,0,9,22,10,0,8,8,1,0,0,0,0,0,0,0,0,0,0,0,0,0,0,0,0,0,0,0,3,3,6,6
2020-09-20,10,10,8,2,0,8,2,6,8,2,6,0,8,15,11,0,6,6,1,0,1,1,0,0,0,0,0,0,0,0,0,0,0,0,0,0,0,0,2,2,6,6
2020-09-21,5,4,3,1,1,3,2,1,3,2,1,0,3,8,3,0,2,2,1,0,0,0,0,0,0,0,0,0,0,0,0,0,0,0,0,0,0,0,1,1,2,2
2020-09-22,7,5,3,2,0,5,2,3,5,2,3,0,5,12,6,0,4,4,1,0,0,0,0,0,0,0,0,0,0,0,0,0,0,0,0,0,0,0,1,1,4,4
2020-09-23,10,10,8,2,0,8,1,7,8,1,7,0,8,15,12,0,7,7,0,0,1,1,0,0,0,0,0,0,0,0,0,0,0,0,0,0,0,0,3,3,5,5
2020-09-24,13,12,9,3,0,10,3,7,10,3,7,0,10,21,11,0,10,10,0,0,0,0,0,0,0,0,0,0,0,0,0,0,0,0,0,0,0,0,3,3,7,7
2020-09-25,1,1,1,0,0,1,1,0,1,1,0,0,1,2,1,0,0,0,0,0,1,1,0,0,0,0,0,0,0,0,0,0,0,0,0,0,0,0,0,0,1,1
2020-09-26,10,8,5,3,0,7,6,1,7,6,1,0,7,15,9,1,5,5,1,0,1,1,0,0,0,0,0,0,0,0,0,0,0,0,0,0,1,1,2,2,4,4
2020-09-27,14,12,7,5,0,8,2,6,8,2,6,0,8,15,10,0,5,5,3,0,0,0,0,0,0,0,0,0,0,0,0,0,0,0,0,0,0,0,4,4,4,4
2020-09-28,7,7,5,2,0,5,2,3,5,2,3,0,5,11,5,0,3,3,1,0,1,1,0,0,0,0,0,0,0,0,0,0,0,0,0,0,0,0,2,2,3,3
2020-09-29,10,9,7,2,0,8,4,4,8,4,4,0,8,15,8,0,5,5,2,0,1,1,0,0,0,0,0,0,0,0,0,0,0,0,0,0,0,0,0,0,8,8
2020-09-30,12,10,6,4,0,7,5,2,7,5,2,0,7,16,9,1,6,6,0,0,0,0,0,0,0,0,0,0,1,1,0,0,0,0,0,0,0,0,1,1,6,6
2020-10-01,13,11,6,5,1,7,4,3,7,4,3,0,7,15,8,0,2,2,5,0,0,0,0,0,0,0,0,0,0,0,0,0,0,0,0,0,0,0,3,3,4,4
2020-10-02,7,7,6,1,0,6,5,1,6,5,1,0,6,11,6,0,6,6,0,0,0,0,0,0,0,0,0,0,0,0,0,0,0,0,0,0,0,0,2,2,4,4
2020-10-03,7,7,4,3,0,4,1,3,4,1,3,0,4,11,6,0,3,3,1,0,0,0,0,0,0,0,0,0,0,0,0,0,0,0,0,0,0,0,1,1,3,3
2020-10-04,10,8,5,3,1,6,3,3,6,3,3,0,6,15,9,0,6,6,0,0,0,0,0,0,0,0,0,0,0,0,0,0,0,0,0,0,0,0,2,2,4,4
2020-10-05,8,7,4,3,0,5,2,3,5,2,3,0,5,12,6,1,3,3,2,0,0,0,0,0,0,0,0,0,0,0,0,0,0,0,0,0,0,0,2,2,3,3
2020-10-06,7,6,3,3,0,4,3,1,4,3,1,0,4,9,5,0,3,3,1,0,0,0,0,0,0,0,0,0,0,0,0,0,0,0,0,0,0,0,2,2,2,2
2020-10-07,11,11,8,3,0,8,5,3,8,5,3,0,8,15,10,0,8,8,0,0,0,0,0,0,0,0,0,0,0,0,0,0,0,0,0,0,0,0,4,4,4,4
2020-10-08,5,5,1,4,0,1,1,0,1,1,0,0,1,5,2,0,0,0,1,0,0,0,0,0,0,0,0,0,0,0,0,0,0,0,0,0,0,0,0,0,1,1
2020-10-09,6,6,5,1,0,5,2,3,5,2,3,0,5,10,5,0,4,4,0,0,1,1,0,0,0,0,0,0,0,0,0,0,0,0,0,0,0,0,1,1,4,4
2020-10-10,9,9,7,2,0,7,0,7,7,0,7,0,7,12,8,0,4,4,1,0,2,2,0,0,0,0,0,0,0,0,0,0,0,0,0,0,0,0,3,3,4,4
2020-10-11,10,10,8,2,0,8,4,4,8,4,4,0,8,17,12,1,6,6,1,0,0,0,0,0,1,1,0,0,0,0,0,0,0,0,0,0,0,0,2,2,6,6
2020-10-12,8,7,6,1,1,6,1,5,6,1,5,0,6,11,7,0,4,4,1,0,0,0,0,0,1,1,0,0,0,0,0,0,0,0,0,0,0,0,3,3,3,3
2020-10-13,13,13,9,4,0,9,2,7,9,2,7,0,9,18,12,1,7,7,1,0,0,0,0,0,1,1,0,0,0,0,0,0,0,0,0,0,0,0,2,2,7,7
2020-10-14,11,10,6,4,1,6,3,3,6,3,3,0,6,14,8,0,4,4,1,0,1,1,0,0,0,0,0,0,0,0,0,0,0,0,0,0,0,0,2,2,4,4
2020-10-15,13,10,8,2,3,8,2,6,8,2,6,0,8,20,9,0,4,4,3,0,1,1,0,0,0,0,0,0,0,0,0,0,0,0,0,0,0,0,2,2,6,6
2020-10-16,13,12,4,8,1,4,3,1,4,3,1,0,4,12,7,1,2,2,2,0,0,0,0,0,0,0,0,0,0,0,0,0,0,0,0,0,0,0,0,0,4,4
2020-10-17,4,3,3,0,0,4,2,2,4,2,2,0,4,8,4,0,3,3,1,0,0,0,0,0,0,0,0,0,0,0,0,0,0,0,0,0,0,0,1,1,3,3
2020-10-18,7,6,6,0,0,7,4,3,7,4,3,0,7,13,9,0,6,6,1,0,0,0,0,0,0,0,0,0,0,0,0,0,0,0,0,0,0,0,3,3,4,4
2020-10-19,13,13,12,1,0,12,6,6,12,6,6,0,12,22,15,0,11,11,1,0,0,0,0,0,0,0,0,0,0,0,0,0,0,0,0,0,0,0,2,2,10,10
2020-10-20,5,5,4,1,0,4,0,4,4,0,4,0,4,7,5,0,2,2,2,0,0,0,0,0,0,0,0,0,0,0,0,0,0,0,0,0,0,0,1,1,3,3
2020-10-21,13,11,7,4,1,8,3,5,8,3,5,0,8,18,10,1,5,5,3,0,0,0,0,0,0,0,0,0,0,0,0,0,0,0,0,0,0,0,1,1,7,7
2020-10-22,15,13,10,3,2,10,4,6,10,4,6,0,10,24,14,2,5,5,4,0,1,1,0,0,0,0,0,0,0,0,0,0,0,0,0,0,0,0,2,2,8,8
2020-10-23,8,6,3,3,1,4,1,3,4,1,3,0,4,10,4,0,2,2,2,0,0,0,0,0,0,0,0,0,0,0,0,0,0,0,0,0,0,0,1,1,3,3
2020-10-24,11,10,9,1,0,10,3,7,10,3,7,0,10,19,10,0,8,8,2,0,0,0,0,0,0,0,0,0,0,0,0,0,0,0,0,0,0,0,3,3,7,7
2020-10-25,6,6,5,1,0,5,3,2,5,3,2,0,5,9,5,1,5,5,0,0,0,0,0,0,0,0,0,0,0,0,0,0,0,0,0,0,0,0,3,3,2,2
2020-10-26,16,15,14,1,0,15,5,10,15,5,10,0,15,29,18,0,11,11,3,0,1,1,0,0,0,0,0,0,0,0,0,0,0,0,0,0,0,0,1,1,14,14
2020-10-27,13,12,8,4,0,9,4,5,9,4,5,0,9,17,9,0,7,7,2,0,0,0,0,0,0,0,0,0,0,0,0,0,0,0,0,0,1,1,2,2,6,6
2020-10-28,12,10,8,2,0,10,6,4,10,6,4,0,10,17,12,0,8,8,2,0,0,0,0,0,0,0,0,0,0,0,0,0,0,0,0,0,0,0,2,2,8,8
2020-10-29,6,4,3,1,0,5,1,4,5,1,4,0,5,9,7,1,4,4,1,0,0,0,0,0,0,0,0,0,0,0,0,0,0,0,0,0,0,0,0,0,5,5
2020-10-30,11,11,9,2,0,9,2,7,9,2,7,0,9,13,11,0,6,6,2,0,1,1,0,0,0,0,0,0,0,0,0,0,0,0,0,0,0,0,2,2,7,7
2020-10-31,11,10,9,1,0,10,6,4,10,6,4,0,10,16,11,0,6,6,1,0,0,0,0,0,2,2,0,0,1,1,0,0,0,0,0,0,0,0,3,3,7,7
2020-11-01,13,12,7,5,0,8,1,7,8,1,7,0,8,20,11,0,6,6,1,0,1,1,0,0,0,0,0,0,0,0,0,0,0,0,0,0,0,0,4,4,4,4
2020-11-02,9,9,7,2,0,7,3,4,7,3,4,0,7,13,7,0,5,5,2,0,0,0,0,0,0,0,0,0,0,0,0,0,0,0,0,0,0,0,4,4,3,3
2020-11-03,13,12,8,4,0,9,4,5,9,4,5,0,9,20,11,0,4,4,4,0,1,1,0,0,0,0,0,0,0,0,0,0,0,0,0,0,0,0,2,2,7,7
2020-11-04,15,13,12,1,1,13,6,7,13,6,7,0,13,24,19,1,6,6,5,0,1,1,0,0,1,1,0,0,0,0,0,0,0,0,0,0,1,1,6,6,6,6
2020-11-05,9,9,6,3,0,6,2,4,6,2,4,0,6,13,6,0,5,5,1,0,0,0,0,0,0,0,0,0,0,0,0,0,0,0,0,0,0,0,1,1,5,5
2020-11-06,16,15,10,5,0,10,5,5,10,5,5,0,10,21,12,0,6,6,4,0,0,0,0,0,0,0,0,0,0,0,0,0,0,0,0,0,0,0,3,3,7,7
2020-11-07,9,8,7,1,1,7,4,3,7,4,3,0,7,11,9,0,4,4,3,0,0,0,0,0,0,0,0,0,0,0,0,0,0,0,0,0,0,0,1,1,6,6
2020-11-08,11,10,7,3,1,7,3,4,7,3,4,0,7,18,10,1,4,4,2,0,1,1,0,0,0,0,0,0,0,0,0,0,0,0,0,0,0,0,3,3,4,4
2020-11-09,10,9,8,1,0,9,3,6,9,3,6,0,9,17,10,0,8,8,0,0,1,1,0,0,0,0,0,0,0,0,0,0,0,0,0,0,0,0,4,4,5,5
2020-11-10,17,16,14,2,1,14,6,8,14,6,8,0,14,28,16,0,9,9,4,0,0,0,0,0,1,1,0,0,0,0,0,0,0,0,0,0,0,0,5,5,9,9
2020-11-11,18,18,14,4,0,14,6,8,14,6,8,0,14,28,16,0,8,8,5,0,1,1,0,0,0,0,0,0,0,0,0,0,0,0,0,0,0,0,5,5,9,9
2020-11-12,19,17,15,2,1,16,8,8,16,8,8,0,16,27,17,1,12,12,3,0,0,0,0,0,1,1,0,0,0,0,0,0,0,0,0,0,0,0,1,1,15,15
2020-11-13,18,16,11,5,0,13,4,9,13,4,9,0,13,25,14,2,8,8,5,0,0,0,0,0,0,0,0,0,0,0,0,0,0,0,0,0,0,0,5,5,8,8
2020-11-14,18,11,8,3,2,13,6,7,13,6,7,0,13,24,15,2,9,9,3,0,1,1,0,0,0,0,0,0,0,0,0,0,0,0,0,0,0,0,4,4,9,9
2020-11-15,20,19,17,2,0,18,8,10,18,8,10,0,18,31,22,1,11,11,7,0,0,0,0,0,0,0,0,0,0,0,0,0,0,0,0,0,0,0,6,6,12,12
2020-11-16,14,11,9,2,0,12,1,11,12,1,11,0,12,21,15,0,7,7,4,0,0,0,0,0,1,1,0,0,0,0,0,0,0,0,0,0,2,2,3,3,7,7
2020-11-17,23,20,17,3,0,20,9,11,20,9,11,0,20,40,24,2,13,13,7,0,0,0,0,0,0,0,0,0,0,0,0,0,0,0,0,0,0,0,8,8,12,12
2020-11-18,23,21,17,4,0,19,10,9,19,10,9,0,19,37,22,1,14,14,5,0,0,0,0,0,0,0,0,0,0,0,0,0,0,0,0,0,0,0,10,10,9,9
2020-11-19,18,15,11,4,0,14,6,8,14,6,8,0,14,26,15,0,11,11,2,0,1,1,0,0,0,0,0,0,0,0,0,0,0,0,0,0,0,0,6,6,8,8
2020-11-20,15,13,11,2,0,13,6,7,13,6,7,0,13,24,15,1,7,7,5,0,1,1,0,0,0,0,0,0,0,0,0,0,0,0,0,0,0,0,3,3,10,10
2020-11-21,18,14,12,2,0,16,8,8,16,8,8,0,16,31,20,0,8,8,6,0,1,1,0,0,1,1,0,0,0,0,0,0,0,0,0,0,0,0,2,2,14,14
2020-11-22,19,18,16,2,0,17,12,5,17,12,5,0,17,30,21,3,9,9,5,0,1,1,0,0,2,2,0,0,0,0,0,0,0,0,0,0,0,0,5,5,12,12
2020-11-23,36,29,18,11,1,24,10,14,24,10,14,0,24,53,27,1,14,14,8,0,1,1,0,0,1,1,0,0,0,0,0,0,0,0,0,0,0,0,6,6,18,18
2020-11-24,17,16,13,3,0,14,5,9,14,5,9,0,14,28,17,0,8,8,6,0,0,0,0,0,0,0,0,0,0,0,0,0,0,0,0,0,0,0,4,4,10,10
2020-11-25,23,20,16,4,0,19,10,9,19,10,9,0,19,40,23,1,12,12,7,0,0,0,0,0,0,0,0,0,0,0,0,0,0,0,0,0,0,0,11,11,8,8
2020-11-26,23,19,15,4,1,18,4,14,18,4,14,0,18,37,21,0,13,13,1,0,3,3,0,0,1,1,0,0,0,0,0,0,0,0,0,0,1,1,7,7,10,10
2020-11-27,33,29,24,5,2,26,11,15,26,11,15,0,26,55,31,2,15,15,8,0,0,0,0,0,2,2,1,1,0,0,0,0,0,0,0,0,2,2,9,9,15,15
2020-11-28,18,15,13,2,0,16,7,9,16,7,9,0,16,25,20,0,6,6,9,0,1,1,0,0,0,0,0,0,0,0,0,0,0,0,0,0,0,0,5,5,11,11
2020-11-29,21,20,14,6,0,15,5,10,15,5,10,0,15,29,17,0,11,11,3,0,1,1,0,0,0,0,0,0,0,0,0,0,0,0,0,0,0,0,6,6,9,9
2020-11-30,31,27,23,4,2,25,10,15,25,10,15,0,25,49,28,1,15,15,9,0,1,1,0,0,0,0,0,0,0,0,0,0,0,0,0,0,0,0,8,8,17,17
2020-12-01,26,23,21,2,1,23,14,9,23,14,9,0,23,43,25,2,14,14,6,0,3,3,0,0,0,0,0,0,0,0,0,0,0,0,0,0,1,1,7,7,15,15
2020-12-02,30,25,21,4,1,25,13,12,25,13,12,0,25,51,33,2,15,15,8,0,1,1,0,0,1,1,0,0,0,0,0,0,0,0,0,0,0,0,9,9,16,16
2020-12-03,27,25,20,5,1,21,8,13,21,8,13,0,21,45,26,3,15,15,5,0,1,1,0,0,0,0,0,0,0,0,0,0,0,0,0,0,0,0,7,7,14,14
2020-12-04,20,17,11,6,0,14,8,6,14,8,6,0,14,30,19,2,8,8,5,0,1,1,0,0,0,0,0,0,0,0,0,0,0,0,0,0,0,0,6,6,8,8
2020-12-05,21,20,18,2,0,19,8,11,19,8,11,0,19,39,22,2,13,13,5,0,0,0,0,0,1,1,0,0,0,0,0,0,0,0,0,0,0,0,6,6,13,13
2020-12-06,22,18,15,3,1,18,12,6,18,12,6,0,18,38,20,0,11,11,6,0,1,1,0,0,0,0,0,0,0,0,0,0,0,0,0,0,2,2,5,5,11,11
2020-12-07,27,25,23,2,1,24,9,15,24,9,15,0,24,50,27,2,13,13,9,0,2,2,0,0,0,0,0,0,0,0,0,0,0,0,1,1,0,0,3,3,20,20
2020-12-08,32,29,23,6,1,25,12,13,25,12,13,0,25,47,27,0,17,17,8,0,0,0,0,0,0,0,0,0,0,0,0,0,0,0,0,0,0,0,7,7,18,18
2020-12-09,40,39,35,4,0,36,12,24,36,12,24,0,36,68,38,1,23,23,9,0,4,4,0,0,0,0,0,0,0,0,0,0,0,0,0,0,0,0,9,9,27,27
2020-12-10,31,29,27,2,1,28,13,15,28,13,15,0,28,54,31,2,18,18,8,0,2,2,0,0,0,0,0,0,0,0,0,0,0,0,0,0,0,0,9,9,19,19
2020-12-11,44,35,33,2,2,40,23,17,40,23,17,0,40,74,42,1,26,26,12,0,1,1,0,0,1,1,0,0,0,0,0,0,0,0,0,0,1,1,6,6,33,33
2020-12-12,30,25,20,5,0,25,11,14,25,11,14,0,25,51,26,0,14,14,11,0,0,0,0,0,0,0,0,0,0,0,0,0,0,0,0,0,0,0,10,10,15,15
2020-12-13,31,27,24,3,0,28,13,15,28,13,15,0,28,52,29,0,15,15,10,0,2,2,0,0,1,1,0,0,0,0,0,0,0,0,0,0,0,0,8,8,20,20
2020-12-14,34,27,26,1,0,33,18,15,33,18,15,0,33,58,35,1,20,20,11,0,1,1,0,0,1,1,0,0,0,0,0,0,0,0,0,0,0,0,11,11,22,22
2020-12-15,31,28,23,5,1,25,7,18,25,7,18,0,25,50,32,1,14,14,10,0,1,1,0,0,0,0,0,0,0,0,0,0,0,0,0,0,1,1,7,7,17,17
2020-12-16,25,20,17,3,0,22,10,12,22,10,12,0,22,43,22,0,12,12,6,0,2,2,0,0,1,1,1,1,0,0,0,0,0,0,0,0,1,1,2,2,19,19
2020-12-17,40,36,34,2,1,37,25,12,37,25,12,0,37,68,41,1,21,21,10,0,2,2,0,0,4,4,0,0,0,0,0,0,0,0,0,0,0,0,11,11,26,26
2020-12-18,35,33,26,7,0,28,11,17,28,11,17,0,28,55,31,2,16,16,11,0,1,1,0,0,0,0,0,0,0,0,0,0,0,0,0,0,0,0,7,7,21,21
2020-12-19,33,29,25,4,0,29,11,18,29,11,18,0,29,56,35,3,19,19,8,0,2,2,0,0,0,0,0,0,0,0,0,0,0,0,0,0,0,0,10,10,19,19
2020-12-20,39,35,30,5,0,34,16,18,34,16,18,0,34,67,43,2,22,22,10,0,1,1,0,0,1,1,0,0,0,0,0,0,0,0,0,0,1,1,7,7,26,26
2020-12-21,51,49,43,6,0,45,23,22,45,23,22,0,45,89,51,0,27,27,14,0,4,4,0,0,0,0,0,0,0,0,0,0,0,0,0,0,0,0,12,12,33,33
2020-12-22,36,29,26,3,1,32,15,17,32,15,17,0,32,56,34,4,17,17,9,0,5,5,0,0,1,1,0,0,0,0,0,0,0,0,0,0,0,0,8,8,24,24
2020-12-23,36,31,28,3,2,31,14,17,31,14,17,0,31,54,35,1,18,18,10,0,2,2,0,0,1,1,0,0,0,0,0,0,0,0,0,0,0,0,7,7,24,24
2020-12-24,39,37,31,6,0,33,12,21,33,12,21,0,33,63,42,2,21,21,9,0,3,3,0,0,0,0,0,0,0,0,0,0,0,0,0,0,0,0,6,6,27,27
2020-12-25,37,32,30,2,1,34,11,23,34,11,23,0,34,62,40,1,25,25,7,0,1,1,0,0,1,1,0,0,0,0,0,0,0,0,0,0,0,0,11,11,23,23
2020-12-26,38,29,27,2,3,33,13,20,33,13,20,0,33,62,36,3,17,17,14,0,1,1,0,0,1,1,0,0,0,0,0,0,0,0,0,0,0,0,7,7,26,26
2020-12-27,50,41,35,6,1,43,15,28,43,15,28,0,43,81,53,1,26,26,9,0,6,6,0,0,2,2,0,0,0,0,0,0,0,0,0,0,0,0,10,10,33,33
2020-12-28,43,38,32,6,0,37,17,20,37,17,20,0,37,64,43,4,18,18,15,0,3,3,0,0,1,1,0,0,0,0,0,0,0,0,0,0,2,2,9,9,26,26
2020-12-29,40,37,32,5,0,35,15,20,35,15,20,0,35,66,40,2,21,21,11,0,2,2,0,0,1,1,0,0,0,0,0,0,0,0,0,0,0,0,13,13,22,22
2020-12-30,38,32,24,8,0,30,12,18,30,12,18,0,30,57,36,1,20,20,9,0,0,0,0,0,1,1,0,0,0,0,0,0,0,0,0,0,0,0,12,12,18,18
2020-12-31,44,39,35,4,2,37,17,20,37,17,20,1,36,66,47,1,20,20,9,0,8,8,0,0,0,0,0,0,0,0,0,0,0,0,0,0,0,0,13,13,24,24
2021-01-01,39,34,28,6,0,33,14,19,33,14,19,0,33,62,38,3,23,23,8,0,1,1,0,0,1,1,0,0,0,0,0,0,0,0,0,0,0,0,6,6,27,27
2021-01-02,40,36,32,4,1,35,16,19,35,16,19,0,35,60,42,1,19,19,10,0,5,5,0,0,1,1,0,0,0,0,0,0,0,0,0,0,2,2,9,9,24,24
2021-01-03,37,32,25,7,0,30,15,15,30,15,15,0,30,60,36,0,18,18,8,0,4,4,0,0,0,0,0,0,0,0,0,0,0,0,0,0,0,0,7,7,23,23
2021-01-04,48,42,35,7,1,40,16,24,40,16,24,0,40,78,46,3,25,25,11,0,4,4,0,0,0,0,0,0,0,0,0,0,0,0,0,0,1,1,14,14,25,25
2021-01-05,46,40,32,8,1,37,14,23,37,14,23,0,37,72,39,0,27,27,9,0,0,0,0,0,1,1,0,0,0,0,0,0,0,0,0,0,0,0,10,10,27,27
2021-01-06,38,35,27,8,0,30,12,18,30,12,18,0,30,57,36,1,16,16,8,0,4,4,0,0,2,2,0,0,0,0,0,0,0,0,0,0,0,0,9,9,21,21
2021-01-07,37,35,26,9,0,28,11,17,28,11,17,0,28,57,33,0,20,20,7,0,1,1,0,0,0,0,0,0,0,0,0,0,0,0,0,0,0,0,8,8,20,20
2021-01-08,28,24,21,3,1,24,13,11,24,13,11,0,24,47,27,0,18,18,5,0,0,0,0,0,1,1,0,0,0,0,0,0,0,0,0,0,0,0,8,8,16,16
2021-01-09,32,27,25,2,1,29,13,16,29,13,16,0,29,58,32,4,15,15,10,0,1,1,0,0,3,3,0,0,0,0,0,0,0,0,0,0,0,0,10,10,19,19
2021-01-10,38,34,30,4,1,33,13,20,33,13,20,0,33,68,45,0,21,21,7,0,5,5,0,0,0,0,0,0,0,0,0,0,0,0,0,0,0,0,8,8,25,25
2021-01-11,42,39,35,4,0,38,18,20,38,18,20,0,38,72,41,1,17,17,16,0,3,3,0,0,2,2,0,0,0,0,0,0,0,0,0,0,0,0,6,6,32,32
2021-01-12,45,42,34,8,1,36,13,23,36,13,23,0,36,67,41,1,22,22,8,0,2,2,0,0,4,4,0,0,0,0,0,0,0,0,0,0,0,0,8,8,28,28
2021-01-13,47,43,35,8,0,39,13,26,39,13,26,0,39,70,45,1,23,23,14,0,1,1,0,0,1,1,0,0,0,0,0,0,0,0,0,0,1,1,8,8,30,30
2021-01-14,30,29,20,9,1,20,11,9,20,11,9,0,20,39,23,1,12,12,4,0,3,3,0,0,1,1,0,0,0,0,0,0,0,0,0,0,0,0,6,6,14,14
2021-01-15,37,33,24,9,0,28,15,13,28,15,13,0,28,59,35,2,17,17,7,0,2,2,0,0,2,2,0,0,0,0,0,0,0,0,0,0,1,1,6,6,21,21
2021-01-16,36,34,31,3,0,33,17,16,33,17,16,0,33,66,40,1,20,20,8,0,4,4,0,0,1,1,0,0,0,0,0,0,0,0,0,0,0,0,5,5,28,28
2021-01-17,54,49,43,6,1,47,15,32,47,15,32,0,47,93,56,1,33,33,8,0,5,5,0,0,1,1,0,0,0,0,0,0,0,0,1,1,1,1,10,10,35,35
2021-01-18,45,44,39,5,0,40,19,21,40,19,21,0,40,74,47,3,25,25,12,0,3,3,0,0,0,0,0,0,0,0,0,0,0,0,0,0,1,1,6,6,33,33
2021-01-19,46,40,33,7,2,37,15,22,37,15,22,0,37,72,41,4,26,26,10,0,1,1,0,0,0,0,0,0,0,0,0,0,0,0,1,1,0,0,5,5,31,31
2021-01-20,36,33,26,7,0,29,12,17,29,12,17,0,29,60,33,1,15,15,12,0,2,2,0,0,0,0,0,0,0,0,0,0,0,0,0,0,1,1,9,9,19,19
2021-01-21,35,34,28,6,0,29,10,19,29,10,19,0,29,59,33,3,21,21,7,0,1,1,0,0,0,0,0,0,0,0,0,0,0,0,0,0,0,0,9,9,20,20
2021-01-22,26,24,22,2,0,24,16,8,24,16,8,0,24,44,28,2,13,13,8,0,2,2,0,0,1,1,0,0,0,0,0,0,0,0,0,0,0,0,6,6,18,18
2021-01-23,31,29,21,8,0,23,11,12,23,11,12,0,23,48,27,1,14,14,7,0,1,1,0,0,1,1,0,0,0,0,0,0,0,0,0,0,0,0,2,2,21,21
2021-01-24,35,33,26,7,0,28,13,15,28,13,15,0,28,58,32,1,20,20,7,0,1,1,0,0,0,0,0,0,0,0,0,0,0,0,0,0,0,0,6,6,22,22
2021-01-25,35,29,21,8,0,25,17,8,25,17,8,0,25,54,29,1,18,18,4,0,2,2,0,0,1,1,0,0,0,0,0,0,0,0,0,0,0,0,5,5,20,20
2021-01-26,25,23,16,7,0,18,6,12,18,6,12,0,18,36,20,1,9,9,7,0,1,1,0,0,1,1,0,0,0,0,0,0,0,0,1,1,0,0,4,4,13,13
2021-01-27,33,32,26,6,0,27,12,15,27,12,15,0,27,52,36,4,15,15,9,0,2,2,0,0,1,1,0,0,0,0,0,0,0,0,0,0,0,0,4,4,23,23
2021-01-28,27,26,25,1,0,26,8,18,26,8,18,0,26,50,32,4,13,13,10,0,2,2,0,0,1,1,0,0,0,0,0,0,0,0,0,0,0,0,4,4,22,22
2021-01-29,29,28,22,6,0,23,8,15,23,8,15,0,23,45,27,1,18,18,5,0,0,0,0,0,0,0,0,0,0,0,0,0,0,0,0,0,0,0,7,7,16,16
2021-01-30,24,23,16,7,0,17,5,12,17,5,12,0,17,40,21,1,11,11,4,0,2,2,0,0,0,0,0,0,0,0,0,0,0,0,0,0,0,0,3,3,14,14
2021-01-31,26,25,22,3,0,23,11,12,23,11,12,0,23,43,27,1,16,16,7,0,0,0,0,0,0,0,0,0,0,0,0,0,0,0,1,1,0,0,6,6,16,16
2021-02-01,29,27,22,5,0,24,10,14,24,10,14,0,24,47,27,1,17,17,4,0,2,2,0,0,1,1,0,0,0,0,0,0,0,0,0,0,0,0,9,9,15,15
2021-02-02,41,34,27,7,1,33,14,19,33,14,19,0,33,60,37,1,16,16,11,0,3,3,0,0,3,3,0,0,0,0,0,0,0,0,0,0,0,0,4,4,29,29
2021-02-03,32,31,26,5,1,26,7,19,26,7,19,0,26,48,30,1,17,17,6,0,2,2,0,0,1,1,0,0,0,0,0,0,0,0,0,0,0,0,9,9,17,17
2021-02-04,36,34,27,7,0,29,14,15,29,14,15,0,29,56,35,2,18,18,8,0,2,2,0,0,1,1,0,0,0,0,0,0,0,0,0,0,0,0,9,9,20,20
2021-02-05,18,18,13,5,0,13,6,7,13,6,7,0,13,26,15,0,11,11,1,0,1,1,0,0,0,0,0,0,0,0,0,0,0,0,0,0,0,0,1,1,12,12
2021-02-06,22,21,15,6,0,15,7,8,15,7,8,0,15,36,20,1,13,13,1,0,1,1,0,0,0,0,0,0,0,0,0,0,0,0,0,0,0,0,7,7,8,8
2021-02-07,24,22,16,6,0,18,13,5,18,13,5,0,18,40,20,0,13,13,3,0,2,2,0,0,0,0,0,0,0,0,0,0,0,0,0,0,0,0,7,7,11,11
2021-02-08,21,21,16,5,0,16,4,12,16,4,12,0,16,33,17,0,14,14,1,0,1,1,0,0,0,0,0,0,0,0,0,0,0,0,0,0,0,0,5,5,11,11
2021-02-09,17,17,10,7,0,10,3,7,10,3,7,0,10,24,17,2,4,4,4,0,2,2,0,0,0,0,0,0,0,0,0,0,0,0,0,0,0,0,2,2,8,8
2021-02-10,20,19,17,2,1,17,9,8,17,9,8,0,17,34,21,1,11,11,5,0,1,1,0,0,0,0,0,0,0,0,0,0,0,0,0,0,0,0,8,8,9,9
2021-02-11,13,13,9,4,0,9,2,7,9,2,7,0,9,21,13,2,4,4,3,0,2,2,0,0,0,0,0,0,0,0,0,0,0,0,0,0,0,0,0,0,9,9
2021-02-12,26,25,21,4,0,22,10,12,22,10,12,0,22,40,24,1,13,13,8,0,0,0,0,0,1,1,0,0,0,0,0,0,0,0,0,0,1,1,4,4,17,17
2021-02-13,15,14,12,2,0,13,4,9,13,4,9,0,13,24,14,0,10,10,3,0,0,0,0,0,0,0,0,0,0,0,0,0,0,0,0,0,0,0,0,0,13,13
2021-02-14,18,18,13,5,0,13,5,8,13,5,8,0,13,30,14,2,9,9,3,0,0,0,0,0,1,1,0,0,0,0,0,0,0,0,0,0,0,0,1,1,12,12
2021-02-15,13,13,10,3,0,10,5,5,10,5,5,0,10,21,12,0,4,4,4,0,2,2,0,0,0,0,0,0,0,0,0,0,0,0,0,0,0,0,3,3,7,7
2021-02-16,20,20,14,6,0,14,5,9,14,5,9,0,14,33,17,0,10,10,1,0,2,2,0,0,1,1,0,0,0,0,0,0,0,0,0,0,0,0,2,2,12,12
2021-02-17,15,13,11,2,1,12,2,10,12,2,10,0,12,25,16,2,8,8,3,0,0,0,0,0,1,1,0,0,0,0,0,0,0,0,0,0,0,0,2,2,10,10
2021-02-18,15,15,9,6,0,9,3,6,9,3,6,0,9,21,11,2,7,7,2,0,0,0,0,0,0,0,0,0,0,0,0,0,0,0,0,0,0,0,0,0,9,9
2021-02-19,12,12,8,4,0,8,4,4,8,4,4,0,8,17,11,0,5,5,1,0,2,2,0,0,0,0,0,0,0,0,0,0,0,0,0,0,0,0,4,4,4,4
2021-02-20,14,12,8,4,0,10,6,4,10,6,4,0,10,19,10,0,10,10,0,0,0,0,0,0,0,0,0,0,0,0,0,0,0,0,0,0,0,0,2,2,8,8
2021-02-21,22,21,13,8,1,13,4,9,13,4,9,0,13,31,16,1,8,8,4,0,0,0,0,0,1,1,0,0,0,0,0,0,0,0,0,0,0,0,4,4,9,9
2021-02-22,17,17,10,7,0,10,2,8,10,2,8,0,10,24,13,1,7,7,2,0,1,1,0,0,0,0,0,0,0,0,0,0,0,0,0,0,0,0,1,1,9,9
2021-02-23,13,12,9,3,0,10,5,5,10,5,5,0,10,19,13,0,6,6,4,0,0,0,0,0,0,0,0,0,0,0,0,0,0,0,0,0,0,0,1,1,9,9
2021-02-24,12,12,7,5,0,7,2,5,7,2,5,0,7,14,10,1,5,5,2,0,0,0,0,0,0,0,0,0,0,0,0,0,0,0,0,0,0,0,1,1,6,6
2021-02-25,13,12,8,4,0,8,1,7,8,1,7,0,8,17,11,1,5,5,3,0,0,0,0,0,0,0,0,0,0,0,0,0,0,0,0,0,0,0,3,3,5,5
2021-02-26,11,11,7,4,0,7,3,4,7,3,4,0,7,14,9,1,5,5,1,0,1,1,0,0,0,0,0,0,0,0,0,0,0,0,0,0,0,0,2,2,5,5
2021-02-27,9,9,8,1,0,8,4,4,8,4,4,0,8,14,8,0,8,8,0,0,0,0,0,0,0,0,0,0,0,0,0,0,0,0,0,0,0,0,3,3,5,5
2021-02-28,11,11,10,1,0,10,3,7,10,3,7,0,10,18,14,3,7,7,3,0,0,0,0,0,0,0,0,0,0,0,0,0,0,0,0,0,1,1,4,4,5,5
2021-03-01,18,18,11,7,0,11,7,4,11,7,4,0,11,25,14,0,8,8,2,0,1,1,0,0,0,0,0,0,0,0,0,0,0,0,0,0,0,0,2,2,9,9
2021-03-02,13,12,7,5,0,8,0,8,8,0,8,0,8,19,8,1,4,4,4,0,0,0,0,0,0,0,0,0,0,0,0,0,0,0,0,0,0,0,1,1,7,7
2021-03-03,12,12,9,3,0,9,5,4,9,5,4,0,9,19,12,1,6,6,3,0,0,0,0,0,0,0,0,0,0,0,0,0,0,0,0,0,0,0,2,2,7,7
2021-03-04,10,10,4,6,0,4,2,2,4,2,2,0,4,10,7,0,1,1,2,0,1,1,0,0,0,0,0,0,0,0,0,0,0,0,0,0,0,0,1,1,3,3
2021-03-05,7,7,4,3,0,4,2,2,4,2,2,0,4,10,5,0,1,1,3,0,0,0,0,0,0,0,0,0,0,0,0,0,0,0,0,0,0,0,0,0,4,4
2021-03-06,4,4,1,3,0,1,0,1,1,0,1,0,1,4,1,0,1,1,0,0,0,0,0,0,0,0,0,0,0,0,0,0,0,0,0,0,0,0,0,0,1,1
2021-03-07,6,6,4,2,0,4,2,2,4,2,2,0,4,8,4,0,4,4,0,0,0,0,0,0,0,0,0,0,0,0,0,0,0,0,0,0,0,0,0,0,4,4
2021-03-08,8,8,6,2,0,6,3,3,6,3,3,0,6,12,6,0,5,5,1,0,0,0,0,0,0,0,0,0,0,0,0,0,0,0,0,0,0,0,2,2,4,4
2021-03-09,6,5,4,1,0,5,1,4,5,1,4,0,5,9,6,1,3,3,1,0,1,1,0,0,0,0,0,0,0,0,0,0,0,0,0,0,0,0,2,2,3,3
2021-03-10,6,6,3,3,0,3,1,2,3,1,2,0,3,8,4,0,2,2,1,0,0,0,0,0,0,0,0,0,0,0,0,0,0,0,0,0,0,0,0,0,3,3
2021-03-11,12,12,6,6,0,6,3,3,6,3,3,0,6,16,11,0,6,6,0,0,0,0,0,0,0,0,0,0,0,0,0,0,0,0,0,0,0,0,1,1,5,5
2021-03-12,8,8,4,4,0,4,2,2,4,2,2,0,4,11,5,0,4,4,0,0,0,0,0,0,0,0,0,0,0,0,0,0,0,0,0,0,0,0,1,1,3,3
2021-03-13,2,2,2,0,0,2,0,2,2,0,2,0,2,4,3,0,1,1,0,0,1,1,0,0,0,0,0,0,0,0,0,0,0,0,0,0,0,0,0,0,2,2
2021-03-14,6,6,2,4,0,2,1,1,2,1,1,0,2,6,3,0,2,2,0,0,0,0,0,0,0,0,0,0,0,0,0,0,0,0,0,0,0,0,1,1,1,1
2021-03-15,4,4,2,2,0,2,1,1,2,1,1,0,2,4,3,0,1,1,1,0,0,0,0,0,0,0,0,0,0,0,0,0,0,0,0,0,0,0,0,0,2,2
2021-03-16,4,4,1,3,0,1,0,1,1,0,1,0,1,4,1,0,0,0,1,0,0,0,0,0,0,0,0,0,0,0,0,0,0,0,0,0,0,0,0,0,1,1
2021-03-17,5,5,4,1,0,4,2,2,4,2,2,0,4,9,7,0,3,3,1,0,0,0,0,0,0,0,0,0,0,0,0,0,0,0,0,0,0,0,1,1,3,3
2021-03-18,9,9,6,3,0,6,2,4,6,2,4,0,6,15,8,0,3,3,3,0,0,0,0,0,0,0,0,0,0,0,0,0,0,0,0,0,0,0,1,1,5,5
2021-03-19,12,10,5,5,0,7,2,5,7,2,5,0,7,15,10,0,3,3,2,0,1,1,0,0,1,1,0,0,0,0,0,0,0,0,0,0,0,0,1,1,6,6
2021-03-20,8,7,4,3,1,4,4,0,4,4,0,0,4,8,5,0,3,3,1,0,0,0,0,0,0,0,0,0,0,0,0,0,0,0,0,0,0,0,1,1,3,3
2021-03-21,6,6,5,1,0,5,0,5,5,0,5,0,5,10,6,1,2,2,3,0,0,0,0,0,0,0,0,0,0,0,0,0,0,0,0,0,0,0,1,1,4,4
2021-03-22,5,5,3,2,0,3,3,0,3,3,0,0,3,8,3,0,3,3,0,0,0,0,0,0,0,0,0,0,0,0,0,0,0,0,0,0,0,0,2,2,1,1
2021-03-23,9,9,5,4,0,5,2,3,5,2,3,0,5,12,7,2,3,3,2,0,0,0,0,0,0,0,0,0,0,0,0,0,0,0,0,0,0,0,4,4,1,1
2021-03-24,10,10,6,4,0,6,2,4,6,2,4,0,6,14,8,0,5,5,1,0,0,0,0,0,0,0,0,0,0,0,0,0,0,0,0,0,0,0,1,1,5,5
2021-03-25,7,7,3,4,0,3,2,1,3,2,1,0,3,10,4,0,3,3,0,0,0,0,0,0,0,0,0,0,0,0,0,0,0,0,0,0,0,0,0,0,3,3
2021-03-26,7,6,3,3,0,4,0,4,4,0,4,0,4,10,4,0,3,3,1,0,0,0,0,0,0,0,0,0,0,0,0,0,0,0,0,0,0,0,1,1,3,3
2021-03-27,12,12,8,4,0,8,3,5,8,3,5,0,8,16,9,0,8,8,0,0,0,0,0,0,0,0,0,0,0,0,0,0,0,0,0,0,0,0,2,2,6,6
2021-03-28,10,10,8,2,0,8,4,4,8,4,4,0,8,15,9,0,5,5,2,0,1,1,0,0,0,0,0,0,0,0,0,0,0,0,0,0,0,0,0,0,8,8
2021-03-29,10,10,2,8,0,2,1,1,2,1,1,0,2,10,4,1,1,1,1,0,0,0,0,0,0,0,0,0,0,0,0,0,0,0,0,0,0,0,1,1,1,1
2021-03-30,16,14,9,5,1,10,0,10,10,0,10,0,10,19,12,1,8,8,2,0,0,0,0,0,0,0,0,0,0,0,0,0,0,0,0,0,0,0,5,5,5,5
2021-03-31,6,6,3,3,0,3,3,0,3,3,0,0,3,7,3,0,2,2,1,0,0,0,0,0,0,0,0,0,0,0,0,0,0,0,0,0,0,0,1,1,2,2
2021-04-01,6,6,4,2,0,4,4,0,4,4,0,0,4,5,5,0,3,3,0,0,1,1,0,0,0,0,0,0,0,0,0,0,0,0,0,0,0,0,1,1,3,3
2021-04-02,8,7,4,3,0,5,0,5,5,0,5,0,5,13,7,1,2,2,2,0,1,1,0,0,0,0,0,0,0,0,0,0,0,0,0,0,0,0,1,1,4,4
2021-04-03,5,5,4,1,0,4,1,3,4,1,3,0,4,9,6,1,2,2,2,0,0,0,0,0,0,0,0,0,0,0,0,0,0,0,0,0,0,0,2,2,2,2
2021-04-04,7,4,0,4,2,1,1,0,1,1,0,0,1,5,1,0,1,1,0,0,0,0,0,0,0,0,0,0,0,0,0,0,0,0,0,0,0,0,0,0,1,1
2021-04-05,11,11,7,4,0,7,4,3,7,4,3,0,7,14,10,2,2,2,4,0,1,1,0,0,0,0,0,0,0,0,0,0,0,0,0,0,0,0,2,2,5,5
2021-04-06,9,8,5,3,0,6,2,4,6,2,4,0,6,14,7,0,4,4,2,0,0,0,0,0,0,0,0,0,0,0,0,0,0,0,0,0,0,0,3,3,3,3
2021-04-07,8,8,6,2,0,6,0,6,6,0,6,0,6,14,6,0,6,6,0,0,0,0,0,0,0,0,0,0,0,0,0,0,0,0,0,0,0,0,2,2,4,4
2021-04-08,12,12,9,3,0,9,4,5,9,4,5,0,9,20,10,0,8,8,1,0,0,0,0,0,0,0,0,0,0,0,0,0,0,0,0,0,0,0,2,2,7,7
2021-04-09,9,9,3,6,0,3,3,0,3,3,0,0,3,11,5,0,2,2,1,0,0,0,0,0,0,0,0,0,0,0,0,0,0,0,0,0,0,0,1,1,2,2
2021-04-10,8,8,8,0,0,8,5,3,8,5,3,0,8,16,8,0,7,7,1,0,0,0,0,0,0,0,0,0,0,0,0,0,0,0,0,0,0,0,1,1,7,7
2021-04-11,7,6,5,1,0,6,4,2,6,4,2,0,6,9,7,1,4,4,2,0,0,0,0,0,0,0,0,0,0,0,0,0,0,0,0,0,0,0,3,3,3,3
2021-04-12,7,7,2,5,0,2,1,1,2,1,1,0,2,7,3,0,2,2,0,0,0,0,0,0,0,0,0,0,0,0,0,0,0,0,0,0,0,0,0,0,2,2
2021-04-13,10,10,7,3,0,7,3,4,7,3,4,0,7,16,9,1,6,6,1,0,0,0,0,0,0,0,0,0,0,0,0,0,0,0,0,0,0,0,3,3,4,4
2021-04-14,11,11,5,6,0,5,3,2,5,3,2,0,5,14,8,2,2,2,2,0,0,0,0,0,1,1,0,0,0,0,0,0,0,0,0,0,0,0,1,1,4,4
2021-04-15,9,9,4,5,0,4,1,3,4,1,3,0,4,12,4,0,2,2,2,0,0,0,0,0,0,0,0,0,0,0,0,0,0,0,0,0,0,0,0,0,4,4
2021-04-16,8,7,1,6,0,2,1,1,2,1,1,0,2,8,2,0,1,1,0,0,0,0,0,0,1,1,0,0,0,0,0,0,0,0,0,0,0,0,0,0,2,2
2021-04-17,5,5,4,1,0,4,1,3,4,1,3,0,4,7,5,1,2,2,2,0,0,0,0,0,0,0,0,0,0,0,0,0,0,0,0,0,0,0,1,1,3,3
2021-04-18,4,4,3,1,0,3,2,1,3,2,1,0,3,5,3,0,2,2,0,0,1,1,0,0,0,0,0,0,0,0,0,0,0,0,0,0,0,0,0,0,3,3
2021-04-19,7,7,5,2,0,5,4,1,5,4,1,0,5,10,5,1,3,3,2,0,0,0,0,0,0,0,0,0,0,0,0,0,0,0,0,0,0,0,0,0,5,5
2021-04-20,13,13,11,2,0,11,4,7,11,4,7,0,11,20,16,2,4,4,5,0,1,1,0,0,1,1,0,0,0,0,0,0,0,0,0,0,0,0,4,4,7,7
2021-04-21,11,10,5,5,0,6,4,2,6,4,2,0,6,13,8,0,5,5,0,0,0,0,0,0,1,1,0,0,0,0,0,0,0,0,0,0,0,0,2,2,4,4
2021-04-22,6,6,2,4,0,2,1,1,2,1,1,0,2,5,3,0,2,2,0,0,0,0,0,0,0,0,0,0,0,0,0,0,0,0,0,0,0,0,0,0,2,2
2021-04-23,8,8,5,3,0,5,3,2,5,3,2,0,5,13,7,2,2,2,3,0,0,0,0,0,0,0,0,0,0,0,0,0,0,0,0,0,0,0,2,2,3,3
2021-04-24,6,6,2,4,0,2,1,1,2,1,1,0,2,6,4,1,0,0,2,0,0,0,0,0,0,0,0,0,0,0,0,0,0,0,0,0,0,0,1,1,1,1
2021-04-25,4,3,3,0,0,4,3,1,4,3,1,0,4,8,4,0,4,4,0,0,0,0,0,0,0,0,0,0,0,0,0,0,0,0,0,0,0,0,0,0,4,4
2021-04-26,2,2,1,1,0,1,1,0,1,1,0,0,1,3,1,0,0,0,1,0,0,0,0,0,0,0,0,0,0,0,0,0,0,0,0,0,0,0,1,1,0,0
2021-04-27,5,5,4,1,0,4,1,3,4,1,3,0,4,8,7,0,4,4,0,0,0,0,0,0,0,0,0,0,0,0,0,0,0,0,0,0,0,0,1,1,3,3
2021-04-28,6,6,5,1,0,5,1,4,5,1,4,0,5,10,7,0,4,4,0,0,1,1,0,0,0,0,0,0,0,0,0,0,0,0,0,0,0,0,2,2,3,3
2021-04-29,3,3,1,2,0,1,1,0,1,1,0,0,1,2,1,0,0,0,1,0,0,0,0,0,0,0,0,0,0,0,0,0,0,0,0,0,0,0,0,0,1,1
2021-04-30,6,6,3,3,0,3,1,2,3,1,2,0,3,8,3,0,1,1,2,0,0,0,0,0,0,0,0,0,0,0,0,0,0,0,0,0,0,0,1,1,2,2
2021-05-01,6,6,5,1,0,5,2,3,5,2,3,0,5,9,5,1,3,3,1,0,0,0,0,0,1,1,0,0,0,0,0,0,0,0,0,0,0,0,3,3,2,2
2021-05-02,6,6,5,1,0,5,3,2,5,3,2,0,5,10,7,2,1,1,4,0,0,0,0,0,0,0,0,0,0,0,0,0,0,0,0,0,0,0,4,4,1,1
2021-05-03,6,6,4,2,0,4,3,1,4,3,1,0,4,10,5,1,2,2,2,0,0,0,0,0,0,0,0,0,0,0,0,0,0,0,0,0,0,0,0,0,4,4
2021-05-04,9,8,5,3,0,6,2,4,6,2,4,0,6,13,9,0,4,4,1,0,1,1,0,0,0,0,0,0,0,0,0,0,0,0,0,0,0,0,2,2,4,4
2021-05-05,7,7,3,4,0,3,0,3,3,0,3,0,3,9,4,0,2,2,0,0,0,0,0,0,1,1,0,0,0,0,0,0,0,0,0,0,0,0,1,1,2,2
2021-05-06,9,9,4,5,0,4,3,1,4,3,1,0,4,11,8,1,2,2,1,0,1,1,0,0,0,0,0,0,0,0,0,0,0,0,1,1,0,0,1,1,2,2
2021-05-07,3,3,2,1,0,2,0,2,2,0,2,0,2,5,3,0,1,1,1,0,0,0,0,0,0,0,0,0,0,0,0,0,0,0,0,0,0,0,1,1,1,1
2021-05-08,3,3,0,3,0,0,0,0,0,0,0,0,0,1,1,0,0,0,0,0,0,0,0,0,0,0,0,0,0,0,0,0,0,0,0,0,0,0,0,0,0,0
2021-05-09,5,5,0,5,0,0,0,0,0,0,0,0,0,3,0,0,0,0,0,0,0,0,0,0,0,0,0,0,0,0,0,0,0,0,0,0,0,0,0,0,0,0
2021-05-10,7,7,1,6,0,1,1,0,1,1,0,0,1,6,2,0,0,0,1,0,0,0,0,0,0,0,0,0,0,0,0,0,0,0,0,0,0,0,0,0,1,1
2021-05-11,6,6,3,3,0,3,2,1,3,2,1,0,3,7,4,0,0,0,3,0,0,0,0,0,0,0,0,0,0,0,0,0,0,0,0,0,0,0,1,1,2,2
2021-05-12,2,2,1,1,0,1,0,1,1,0,1,0,1,3,2,1,0,0,1,0,0,0,0,0,0,0,0,0,0,0,0,0,0,0,0,0,0,0,0,0,1,1
2021-05-13,2,2,1,1,0,1,0,1,1,0,1,0,1,2,2,1,0,0,1,0,0,0,0,0,0,0,0,0,0,0,0,0,0,0,0,0,0,0,1,1,0,0
2021-05-14,2,2,1,1,0,1,1,0,1,1,0,0,1,3,2,1,0,0,1,0,0,0,0,0,0,0,0,0,0,0,0,0,0,0,0,0,0,0,1,1,0,0
2021-05-15,10,10,5,5,0,5,1,4,5,1,4,0,5,11,7,0,3,3,0,0,0,0,0,0,2,2,0,0,0,0,0,0,0,0,0,0,0,0,3,3,2,2
2021-05-16,3,3,1,2,0,1,1,0,1,1,0,0,1,3,1,0,0,0,1,0,0,0,0,0,0,0,0,0,0,0,0,0,0,0,0,0,0,0,0,0,1,1
2021-05-17,6,6,3,3,0,3,2,1,3,2,1,0,3,9,3,1,2,2,1,0,0,0,0,0,0,0,0,0,0,0,0,0,0,0,0,0,0,0,0,0,3,3
2021-05-18,3,3,2,1,0,2,0,2,2,0,2,0,2,4,3,0,0,0,2,0,0,0,0,0,0,0,0,0,0,0,0,0,0,0,0,0,0,0,2,2,0,0
2021-05-19,5,5,4,1,0,4,1,3,4,1,3,0,4,8,5,0,4,4,0,0,0,0,0,0,0,0,0,0,0,0,0,0,0,0,0,0,0,0,1,1,3,3
2021-05-20,5,5,3,2,0,3,1,2,3,1,2,0,3,8,6,0,2,2,0,0,0,0,0,0,1,1,0,0,0,0,0,0,0,0,0,0,0,0,2,2,1,1
2021-05-21,1,1,0,1,0,0,0,0,0,0,0,0,0,1,0,0,0,0,0,0,0,0,0,0,0,0,0,0,0,0,0,0,0,0,0,0,0,0,0,0,0,0
2021-05-22,2,2,2,0,0,2,0,2,2,0,2,0,2,4,2,0,2,2,0,0,0,0,0,0,0,0,0,0,0,0,0,0,0,0,0,0,0,0,0,0,2,2
2021-05-23,3,3,2,1,0,2,0,2,2,0,2,0,2,4,3,1,1,1,1,0,0,0,0,0,0,0,0,0,0,0,0,0,0,0,0,0,0,0,1,1,1,1
2021-05-24,4,4,4,0,0,4,1,3,4,1,3,0,4,8,5,0,4,4,0,0,0,0,0,0,0,0,0,0,0,0,0,0,0,0,0,0,0,0,2,2,2,2
2021-05-25,5,5,3,2,0,3,2,1,3,2,1,0,3,8,5,1,1,1,2,0,0,0,0,0,0,0,0,0,0,0,0,0,0,0,0,0,0,0,2,2,1,1
2021-05-26,4,3,2,1,1,2,1,1,2,1,1,0,2,5,3,0,1,1,1,0,0,0,0,0,0,0,0,0,0,0,0,0,0,0,0,0,0,0,1,1,1,1
2021-05-27,1,1,0,1,0,0,0,0,0,0,0,0,0,1,0,0,0,0,0,0,0,0,0,0,0,0,0,0,0,0,0,0,0,0,0,0,0,0,0,0,0,0
2021-05-28,3,3,1,2,0,1,0,1,1,0,1,0,1,3,1,0,1,1,0,0,0,0,0,0,0,0,0,0,0,0,0,0,0,0,0,0,0,0,0,0,1,1
2021-05-29,4,4,1,3,0,1,1,0,1,1,0,0,1,5,2,0,0,0,1,0,0,0,0,0,0,0,0,0,0,0,0,0,0,0,0,0,0,0,1,1,0,0
2021-05-30,4,4,2,2,0,2,0,2,2,0,2,0,2,5,3,0,2,2,0,0,0,0,0,0,0,0,0,0,0,0,0,0,0,0,0,0,0,0,1,1,1,1
2021-05-31,5,5,5,0,0,5,3,2,5,3,2,0,5,10,7,0,2,2,3,0,0,0,0,0,0,0,0,0,0,0,0,0,0,0,0,0,0,0,4,4,1,1
2021-06-01,4,4,2,2,0,2,2,0,2,2,0,0,2,6,2,0,2,2,0,0,0,0,0,0,0,0,0,0,0,0,0,0,0,0,0,0,0,0,0,0,2,2
2021-06-02,7,7,4,3,0,4,2,2,4,2,2,0,4,9,5,0,2,2,1,0,1,1,0,0,0,0,0,0,0,0,0,0,0,0,0,0,0,0,2,2,2,2
2021-06-03,5,4,3,1,1,3,2,1,3,2,1,0,3,7,5,1,1,1,1,0,0,0,0,0,1,1,0,0,0,0,0,0,0,0,0,0,0,0,1,1,2,2
2021-06-04,5,4,1,3,0,1,0,1,1,0,1,0,1,5,2,1,0,0,1,0,0,0,0,0,0,0,0,0,0,0,0,0,0,0,0,0,0,0,1,1,0,0
2021-06-05,8,8,6,2,0,6,2,4,6,2,4,0,6,12,9,0,2,2,3,0,0,0,0,0,1,1,0,0,0,0,0,0,0,0,0,0,0,0,1,1,5,5
2021-06-06,5,4,4,0,0,5,2,3,5,2,3,0,5,10,7,0,5,5,0,0,0,0,0,0,0,0,0,0,0,0,0,0,0,0,0,0,0,0,3,3,2,2
2021-06-07,5,5,3,2,0,3,1,2,3,1,2,0,3,8,3,0,3,3,0,0,0,0,0,0,0,0,0,0,0,0,0,0,0,0,0,0,0,0,0,0,3,3
2021-06-08,8,8,6,2,0,6,0,6,6,0,6,0,6,14,7,0,4,4,2,0,0,0,0,0,0,0,0,0,0,0,0,0,0,0,0,0,0,0,1,1,5,5
2021-06-09,4,4,2,2,0,2,2,0,2,2,0,0,2,6,2,0,1,1,1,0,0,0,0,0,0,0,0,0,0,0,0,0,0,0,0,0,0,0,2,2,0,0
2021-06-10,5,5,2,3,0,2,1,1,2,1,1,0,2,6,3,0,1,1,0,0,1,1,0,0,0,0,0,0,0,0,0,0,0,0,0,0,0,0,1,1,1,1
2021-06-11,4,4,3,1,0,3,0,3,3,0,3,0,3,7,3,0,3,3,0,0,0,0,0,0,0,0,0,0,0,0,0,0,0,0,0,0,0,0,1,1,2,2
2021-06-12,3,3,1,2,0,1,0,1,1,0,1,0,1,3,1,0,0,0,1,0,0,0,0,0,0,0,0,0,0,0,0,0,0,0,0,0,0,0,0,0,1,1
2021-06-13,7,7,4,3,0,4,4,0,4,4,0,0,4,11,7,1,3,3,1,0,0,0,0,0,0,0,0,0,0,0,0,0,0,0,0,0,2,2,1,1,1,1
2021-06-14,6,6,4,2,0,4,3,1,4,3,1,0,4,7,4,0,3,3,1,0,0,0,0,0,0,0,0,0,0,0,0,0,0,0,0,0,0,0,2,2,2,2
2021-06-15,11,11,10,1,0,10,3,7,10,3,7,0,10,16,13,1,9,9,1,0,0,0,0,0,0,0,0,0,0,0,0,0,0,0,0,0,0,0,7,7,3,3
2021-06-16,5,4,4,0,0,5,1,4,5,1,4,0,5,8,5,0,4,4,1,0,0,0,0,0,0,0,0,0,0,0,0,0,0,0,0,0,0,0,3,3,2,2
2021-06-17,3,3,1,2,0,1,0,1,1,0,1,0,1,3,1,0,0,0,1,0,0,0,0,0,0,0,0,0,0,0,0,0,0,0,0,0,0,0,1,1,0,0
2021-06-18,3,3,1,2,0,1,1,0,1,1,0,0,1,1,1,0,1,1,0,0,0,0,0,0,0,0,0,0,0,0,0,0,0,0,0,0,0,0,0,0,1,1
2021-06-19,3,3,3,0,0,3,2,1,3,2,1,0,3,5,3,0,2,2,0,0,0,0,0,0,1,1,0,0,0,0,0,0,0,0,0,0,0,0,3,3,0,0
2021-06-20,9,8,3,5,0,4,1,3,4,1,3,0,4,9,5,0,3,3,1,0,0,0,0,0,0,0,0,0,0,0,0,0,0,0,0,0,1,1,2,2,1,1
2021-06-21,3,3,1,2,0,1,1,0,1,1,0,0,1,3,1,0,0,0,1,0,0,0,0,0,0,0,0,0,0,0,0,0,0,0,0,0,0,0,0,0,1,1
2021-06-22,6,6,4,2,0,4,4,0,4,4,0,0,4,8,5,0,3,3,0,0,1,1,0,0,0,0,0,0,0,0,0,0,0,0,0,0,0,0,0,0,4,4
2021-06-23,11,11,5,6,0,5,3,2,5,3,2,0,5,11,6,0,3,3,1,0,1,1,0,0,0,0,0,0,0,0,0,0,0,0,0,0,0,0,4,4,1,1
2021-06-24,4,4,2,2,0,2,2,0,2,2,0,0,2,6,2,0,2,2,0,0,0,0,0,0,0,0,0,0,0,0,0,0,0,0,0,0,0,0,1,1,1,1
2021-06-25,9,9,8,1,0,8,3,5,8,3,5,0,8,14,9,0,5,5,3,0,0,0,0,0,0,0,0,0,0,0,0,0,0,0,0,0,0,0,2,2,6,6
2021-06-26,7,7,5,2,0,5,1,4,5,1,4,0,5,10,5,0,4,4,0,0,0,0,0,0,0,0,1,1,0,0,0,0,0,0,0,0,0,0,3,3,2,2
2021-06-27,4,4,2,2,0,2,0,2,2,0,2,0,2,4,2,0,2,2,0,0,0,0,0,0,0,0,0,0,0,0,0,0,0,0,0,0,0,0,2,2,0,0
2021-06-28,5,5,3,2,0,3,1,2,3,1,2,0,3,7,3,0,2,2,1,0,0,0,0,0,0,0,0,0,0,0,0,0,0,0,0,0,1,1,2,2,0,0
2021-06-29,11,10,7,3,1,7,3,4,7,3,4,0,7,15,7,0,2,2,5,0,0,0,0,0,0,0,0,0,0,0,0,0,0,0,0,0,1,1,3,3,3,3
2021-06-30,6,6,4,2,0,4,2,2,4,2,2,0,4,8,5,2,3,3,0,0,0,0,0,0,1,1,0,0,0,0,0,0,0,0,0,0,0,0,2,2,2,2
2021-07-01,14,13,10,3,0,11,6,5,11,6,5,0,11,19,12,1,8,8,3,0,0,0,0,0,0,0,0,0,0,0,0,0,0,0,0,0,0,0,5,5,6,6
2021-07-02,16,15,11,4,0,12,5,7,12,5,7,0,12,23,16,3,7,7,5,0,0,0,0,0,0,0,0,0,0,0,0,0,0,0,0,0,0,0,5,5,7,7
2021-07-03,8,8,5,3,0,5,4,1,5,4,1,0,5,12,5,0,3,3,2,0,0,0,0,0,0,0,0,0,0,0,0,0,0,0,0,0,0,0,3,3,2,2
2021-07-04,10,10,7,3,0,7,3,4,7,3,4,0,7,15,10,1,2,2,5,0,0,0,0,0,0,0,0,0,0,0,0,0,0,0,0,0,1,1,3,3,3,3
2021-07-05,11,11,5,6,0,5,2,3,5,2,3,0,5,14,6,0,3,3,2,0,0,0,0,0,0,0,0,0,0,0,0,0,0,0,0,0,1,1,2,2,2,2
2021-07-06,7,7,5,2,0,5,1,4,5,1,4,0,5,11,7,1,2,2,3,0,0,0,0,0,0,0,0,0,0,0,0,0,0,0,0,0,0,0,3,3,2,2
2021-07-07,2,2,2,0,0,2,1,1,2,1,1,0,2,4,2,0,1,1,1,0,0,0,0,0,0,0,0,0,0,0,0,0,0,0,0,0,0,0,2,2,0,0
2021-07-08,4,4,3,1,0,3,2,1,3,2,1,0,3,7,6,0,2,2,0,0,1,1,0,0,0,0,0,0,0,0,0,0,0,0,0,0,0,0,3,3,0,0
2021-07-09,11,11,8,3,0,8,4,4,8,4,4,0,8,16,9,0,3,3,4,0,1,1,0,0,0,0,0,0,0,0,0,0,0,0,0,0,0,0,2,2,6,6
2021-07-10,8,8,5,3,0,5,3,2,5,3,2,0,5,10,6,0,4,4,1,0,0,0,0,0,0,0,0,0,0,0,0,0,0,0,0,0,1,1,0,0,4,4
2021-07-11,8,8,7,1,0,7,2,5,7,2,5,0,7,12,7,0,5,5,2,0,0,0,0,0,0,0,0,0,0,0,0,0,0,0,0,0,0,0,2,2,5,5
2021-07-12,10,10,10,0,0,10,6,4,10,6,4,0,10,17,12,1,7,7,3,0,0,0,0,0,0,0,0,0,0,0,0,0,0,0,0,0,1,1,5,5,4,4
2021-07-13,12,12,9,3,0,9,4,5,9,4,5,0,9,18,10,0,6,6,1,0,1,1,0,0,0,0,1,1,0,0,0,0,0,0,0,0,1,1,5,5,3,3
2021-07-14,8,8,7,1,0,7,4,3,7,4,3,0,7,12,8,1,6,6,0,0,0,0,0,0,1,1,0,0,0,0,0,0,0,0,0,0,0,0,3,3,4,4
2021-07-15,8,8,4,4,0,4,2,2,4,2,2,0,4,11,4,0,1,1,3,0,0,0,0,0,0,0,0,0,0,0,0,0,0,0,0,0,0,0,2,2,2,2
2021-07-16,5,4,3,1,1,3,1,2,3,1,2,0,3,6,4,0,2,2,1,0,0,0,0,0,0,0,0,0,0,0,0,0,0,0,0,0,0,0,1,1,2,2
2021-07-17,9,9,6,3,0,6,4,2,6,4,2,0,6,10,6,0,2,2,4,0,0,0,0,0,0,0,0,0,0,0,0,0,0,0,0,0,1,1,2,2,3,3
2021-07-18,8,8,6,2,0,6,1,5,6,1,5,0,6,13,7,0,1,1,4,0,1,1,0,0,0,0,0,0,0,0,0,0,0,0,0,0,0,0,3,3,3,3
2021-07-19,10,9,8,1,0,9,4,5,9,4,5,0,9,17,11,1,6,6,2,0,1,1,0,0,0,0,0,0,0,0,0,0,0,0,0,0,0,0,3,3,6,6
2021-07-20,14,14,12,2,0,12,5,7,12,5,7,0,12,21,14,2,8,8,3,0,1,1,0,0,0,0,0,0,0,0,0,0,0,0,0,0,1,1,5,5,6,6
2021-07-21,14,11,9,2,2,10,4,6,10,4,6,0,10,21,13,2,6,6,4,0,0,0,0,0,0,0,0,0,0,0,0,0,0,0,0,0,0,0,7,7,3,3
2021-07-22,17,17,11,6,0,11,3,8,11,3,8,0,11,20,13,1,7,7,4,0,0,0,0,0,0,0,0,0,0,0,0,0,0,0,0,0,0,0,6,6,5,5
2021-07-23,15,15,13,2,0,13,5,8,13,5,8,0,13,23,13,0,12,12,1,0,0,0,0,0,0,0,0,0,0,0,0,0,0,0,0,0,1,1,8,8,4,4
2021-07-24,8,8,7,1,0,7,2,5,7,2,5,0,7,11,7,0,6,6,1,0,0,0,0,0,0,0,0,0,0,0,0,0,0,0,0,0,1,1,4,4,2,2
2021-07-25,17,17,16,1,0,16,8,8,16,8,8,0,16,27,17,0,12,12,2,0,2,2,0,0,0,0,0,0,0,0,0,0,0,0,0,0,0,0,7,7,9,9
2021-07-26,11,11,11,0,0,11,7,4,11,7,4,0,11,21,15,0,7,7,4,0,0,0,0,0,0,0,0,0,0,0,0,0,0,0,0,0,0,0,6,6,5,5
2021-07-27,17,17,13,4,0,13,6,7,13,6,7,0,13,25,15,0,10,10,3,0,0,0,0,0,0,0,0,0,0,0,0,0,0,0,0,0,0,0,8,8,5,5
2021-07-28,15,15,11,4,0,11,3,8,11,3,8,0,11,21,14,0,8,8,2,0,0,0,0,0,1,1,0,0,0,0,0,0,0,0,0,0,0,0,5,5,6,6
2021-07-29,19,19,15,4,0,15,6,9,15,6,9,0,15,29,20,1,9,9,4,0,0,0,0,0,2,2,0,0,0,0,0,0,0,0,1,1,1,1,7,7,6,6
2021-07-30,23,23,19,4,0,19,9,10,19,9,10,0,19,35,24,0,11,11,5,0,0,0,0,0,3,3,0,0,0,0,0,0,0,0,0,0,1,1,11,11,7,7
2021-07-31,21,21,20,1,0,20,11,9,20,11,9,0,20,35,22,2,12,12,8,0,0,0,0,0,0,0,0,0,0,0,0,0,0,0,0,0,1,1,11,11,8,8
2021-08-01,20,18,17,1,1,18,3,15,18,3,15,0,18,33,23,1,11,11,5,0,0,0,0,0,2,2,0,0,0,0,0,0,0,0,0,0,0,0,9,9,9,9
2021-08-02,22,22,21,1,0,21,15,6,21,15,6,0,21,39,25,1,12,12,4,0,2,2,0,0,3,3,0,0,0,0,0,0,0,0,1,1,0,0,11,11,9,9
2021-08-03,12,12,11,1,0,11,7,4,11,7,4,0,11,19,12,1,9,9,2,0,0,0,0,0,0,0,0,0,0,0,0,0,0,0,0,0,0,0,6,6,5,5
2021-08-04,25,24,23,1,1,23,6,17,23,6,17,0,23,42,29,0,18,18,4,0,1,1,0,0,0,0,0,0,0,0,0,0,0,0,0,0,1,1,9,9,13,13
2021-08-05,16,15,14,1,0,15,7,8,15,7,8,0,15,27,17,0,11,11,2,0,1,1,0,0,1,1,0,0,0,0,0,0,0,0,0,0,0,0,5,5,10,10
2021-08-06,21,21,16,5,0,16,3,13,16,3,13,0,16,31,21,0,10,10,6,0,0,0,0,0,0,0,0,0,0,0,0,0,0,0,0,0,1,1,6,6,9,9
2021-08-07,22,21,18,3,0,19,7,12,19,7,12,0,19,38,25,2,13,13,5,0,0,0,0,0,1,1,0,0,0,0,0,0,0,0,0,0,0,0,11,11,8,8
2021-08-08,22,19,16,3,1,18,9,9,18,9,9,0,18,36,24,0,11,11,7,0,0,0,0,0,0,0,0,0,0,0,0,0,0,0,0,0,0,0,12,12,6,6
2021-08-09,30,28,23,5,0,25,13,12,25,13,12,0,25,49,29,0,21,21,4,0,0,0,0,0,0,0,0,0,0,0,0,0,0,0,0,0,1,1,11,11,13,13
2021-08-10,20,20,16,4,0,16,6,10,16,6,10,0,16,32,23,2,10,10,3,0,2,2,0,0,1,1,0,0,0,0,0,0,0,0,0,0,1,1,6,6,9,9
2021-08-11,26,26,21,5,0,21,11,10,21,11,10,0,21,41,28,3,15,15,5,0,1,1,0,0,0,0,0,0,0,0,0,0,0,0,0,0,0,0,11,11,10,10
2021-08-12,17,17,16,1,0,16,7,9,16,7,9,0,16,29,18,1,11,11,5,0,0,0,0,0,0,0,0,0,0,0,0,0,0,0,0,0,0,0,8,8,8,8
2021-08-13,20,20,15,5,0,15,11,4,15,11,4,0,15,28,22,3,8,8,7,0,0,0,0,0,0,0,0,0,0,0,0,0,0,0,0,0,1,1,7,7,7,7
2021-08-14,26,25,23,2,0,24,9,15,24,9,15,0,24,42,26,1,15,15,6,0,3,3,0,0,0,0,0,0,0,0,0,0,0,0,0,0,2,2,8,8,14,14
2021-08-15,10,10,9,1,0,9,3,6,9,3,6,0,9,17,11,0,6,6,2,0,1,1,0,0,0,0,0,0,0,0,0,0,0,0,0,0,0,0,6,6,3,3
2021-08-16,25,24,21,3,0,22,11,11,22,11,11,0,22,43,27,2,15,15,6,0,0,0,0,0,1,1,0,0,0,0,0,0,0,0,0,0,1,1,10,10,11,11
2021-08-17,24,24,19,5,0,19,8,11,19,8,11,0,19,38,20,1,13,13,5,0,0,0,0,0,1,1,0,0,0,0,0,0,0,0,1,1,1,1,9,9,8,8
2021-08-18,27,27,22,5,0,22,13,9,22,13,9,0,22,37,26,0,15,15,4,0,1,1,0,0,2,2,0,0,0,0,0,0,0,0,0,0,1,1,6,6,15,15
2021-08-19,25,24,20,4,0,21,8,13,21,8,13,0,21,38,25,0,12,12,4,0,2,2,0,0,3,3,0,0,0,0,0,0,0,0,0,0,2,2,9,9,10,10
2021-08-20,23,23,21,2,0,21,11,10,21,11,10,0,21,41,27,3,13,13,6,0,2,2,0,0,0,0,0,0,0,0,0,0,0,0,1,1,2,2,4,4,14,14
2021-08-21,21,20,19,1,0,20,9,11,20,9,11,0,20,37,24,1,13,13,5,0,0,0,0,0,1,1,0,0,0,0,1,1,0,0,0,0,3,3,10,10,7,7
2021-08-22,19,19,16,3,0,16,8,8,16,8,8,0,16,31,18,1,12,12,4,0,0,0,0,0,0,0,0,0,0,0,0,0,0,0,0,0,0,0,7,7,9,9
2021-08-23,29,29,26,3,0,26,11,15,26,11,15,0,26,47,32,3,15,15,10,0,0,0,0,0,1,1,0,0,0,0,0,0,0,0,0,0,2,2,6,6,18,18
2021-08-24,25,25,22,3,0,22,11,11,22,11,11,0,22,41,29,2,10,10,10,0,2,2,0,0,0,0,0,0,0,0,0,0,0,0,0,0,1,1,10,10,11,11
2021-08-25,23,22,22,0,0,23,12,11,23,12,11,0,23,38,26,0,18,18,3,0,1,1,0,0,1,1,0,0,0,0,0,0,0,0,0,0,0,0,7,7,16,16
2021-08-26,27,26,23,3,0,24,10,14,24,10,14,0,24,43,28,2,15,15,8,0,0,0,0,0,1,1,0,0,0,0,0,0,0,0,0,0,3,3,7,7,14,14
2021-08-27,27,25,23,2,0,25,8,17,25,8,17,0,25,43,27,0,12,12,10,0,2,2,0,0,1,1,0,0,0,0,0,0,0,0,0,0,0,0,13,13,12,12
2021-08-28,29,28,22,6,0,23,12,11,23,12,11,0,23,47,27,0,14,14,6,0,2,2,0,0,1,1,0,0,0,0,0,0,0,0,0,0,0,0,10,10,13,13
2021-08-29,31,31,26,5,0,26,11,15,26,11,15,0,26,51,32,1,17,17,6,0,3,3,0,0,0,0,0,0,0,0,0,0,0,0,0,0,0,0,11,11,15,15
2021-08-30,29,29,23,6,0,23,8,15,23,8,15,0,23,44,27,0,17,17,5,0,0,0,0,0,1,1,0,0,0,0,0,0,0,0,0,0,0,0,12,12,11,11
2021-08-31,21,21,18,3,0,18,11,7,18,11,7,0,18,35,20,0,12,12,4,0,0,0,0,0,2,2,0,0,0,0,0,0,0,0,0,0,0,0,5,5,13,13
2021-09-01,25,25,22,3,0,22,11,11,22,11,11,0,22,41,29,0,10,10,9,0,2,2,0,0,1,1,0,0,0,0,0,0,0,0,0,0,1,1,6,6,15,15
2021-09-02,23,23,17,6,0,17,4,13,17,4,13,0,17,29,20,1,8,8,7,0,1,1,0,0,1,1,0,0,0,0,0,0,0,0,0,0,1,1,8,8,8,8
2021-09-03,26,26,24,2,0,24,8,16,24,8,16,0,24,46,30,3,15,15,9,0,0,0,0,0,0,0,0,0,0,0,0,0,0,0,0,0,2,2,10,10,12,12
2021-09-04,20,19,13,6,0,14,6,8,14,6,8,0,14,26,16,1,9,9,5,0,0,0,0,0,0,0,0,0,0,0,0,0,0,0,0,0,0,0,6,6,8,8
2021-09-05,19,19,14,5,0,14,7,7,14,7,7,0,14,26,17,0,6,6,7,0,1,1,0,0,0,0,0,0,0,0,0,0,0,0,0,0,0,0,4,4,10,10
2021-09-06,20,19,17,2,0,18,8,10,18,8,10,0,18,33,21,0,12,12,5,0,1,1,0,0,0,0,0,0,0,0,0,0,0,0,0,0,0,0,7,7,11,11
2021-09-07,22,22,19,3,0,19,8,11,19,8,11,0,19,39,24,4,8,8,11,0,0,0,0,0,0,0,0,0,0,0,0,0,0,0,0,0,0,0,14,14,5,5
2021-09-08,24,24,19,5,0,19,7,12,19,7,12,0,19,40,24,0,17,17,2,0,0,0,0,0,0,0,0,0,0,0,0,0,0,0,0,0,0,0,7,7,12,12
2021-09-09,14,14,11,3,0,11,8,3,11,8,3,0,11,20,13,0,9,9,2,0,0,0,0,0,0,0,0,0,0,0,0,0,0,0,0,0,0,0,6,6,5,5
2021-09-10,20,20,17,3,0,17,8,9,17,8,9,0,17,29,22,2,11,11,5,0,1,1,0,0,0,0,0,0,0,0,0,0,0,0,0,0,0,0,7,7,10,10
2021-09-11,15,13,12,1,1,13,0,13,13,0,13,0,13,24,15,0,8,8,4,0,1,1,0,0,0,0,0,0,0,0,0,0,0,0,0,0,0,0,4,4,9,9
2021-09-12,19,17,17,0,0,19,7,12,19,7,12,0,19,35,22,2,10,10,8,0,0,0,0,0,1,1,0,0,0,0,0,0,0,0,0,0,0,0,9,9,10,10
2021-09-13,19,19,12,7,0,12,4,8,12,4,8,0,12,27,16,0,9,9,3,0,0,0,0,0,0,0,0,0,0,0,0,0,0,0,0,0,0,0,1,1,11,11
2021-09-14,15,15,14,1,0,14,10,4,14,10,4,0,14,26,18,1,11,11,3,0,0,0,0,0,0,0,0,0,0,0,0,0,0,0,0,0,1,1,3,3,10,10
2021-09-15,17,17,13,4,0,13,5,8,13,5,8,0,13,27,16,1,10,10,2,0,0,0,0,0,1,1,0,0,0,0,0,0,0,0,0,0,0,0,5,5,8,8
2021-09-16,12,12,8,4,0,8,2,6,8,2,6,0,8,18,9,0,6,6,2,0,0,0,0,0,0,0,0,0,0,0,0,0,0,0,0,0,0,0,1,1,7,7
2021-09-17,23,23,22,1,0,22,11,11,22,11,11,0,22,39,27,1,17,17,3,0,1,1,0,0,1,1,0,0,0,0,0,0,0,0,0,0,0,0,7,7,15,15
2021-09-18,18,17,15,2,0,16,7,9,16,7,9,0,16,31,16,1,9,9,6,0,0,0,0,0,1,1,0,0,0,0,0,0,0,0,0,0,1,1,4,4,11,11
2021-09-19,11,11,11,0,0,11,5,6,11,5,6,0,11,20,13,1,7,7,4,0,0,0,0,0,0,0,0,0,0,0,0,0,0,0,0,0,0,0,6,6,5,5
2021-09-20,18,18,18,0,0,18,8,10,18,8,10,0,18,34,20,1,14,14,3,0,1,1,0,0,0,0,0,0,0,0,0,0,0,0,0,0,0,0,2,2,16,16
2021-09-21,17,16,13,3,0,14,5,9,14,5,9,0,14,29,17,1,7,7,5,0,1,1,0,0,1,1,0,0,0,0,0,0,0,0,0,0,1,1,3,3,10,10
2021-09-22,26,26,25,1,0,25,11,14,25,11,14,0,25,48,29,2,18,18,7,0,0,0,0,0,0,0,0,0,0,0,0,0,0,0,0,0,0,0,7,7,18,18
2021-09-23,18,18,17,1,0,17,8,9,17,8,9,0,17,32,20,2,11,11,5,0,1,1,0,0,0,0,0,0,0,0,0,0,0,0,0,0,0,0,7,7,10,10
2021-09-24,17,17,16,1,0,16,9,7,16,9,7,0,16,30,18,1,13,13,1,0,1,1,0,0,1,1,0,0,0,0,0,0,0,0,0,0,0,0,6,6,10,10
2021-09-25,10,8,6,2,0,8,5,3,8,5,3,0,8,16,11,2,3,3,5,0,0,0,0,0,0,0,0,0,0,0,0,0,0,0,0,0,0,0,4,4,4,4
2021-09-26,11,11,10,1,0,10,2,8,10,2,8,0,10,21,10,0,6,6,4,0,0,0,0,0,0,0,0,0,0,0,0,0,0,0,0,0,0,0,5,5,5,5
2021-09-27,20,20,18,2,0,18,7,11,18,7,11,0,18,36,20,1,9,9,5,0,1,1,0,0,2,2,0,0,1,1,0,0,0,0,0,0,1,1,2,2,15,15
2021-09-28,16,16,12,4,0,12,7,5,12,7,5,0,12,25,13,0,9,9,2,0,1,1,0,0,0,0,0,0,0,0,0,0,0,0,0,0,0,0,1,1,11,11
2021-09-29,19,19,17,2,0,17,9,8,17,9,8,0,17,30,18,0,12,12,5,0,0,0,0,0,0,0,0,0,0,0,0,0,0,0,0,0,0,0,3,3,14,14
2021-09-30,17,17,15,2,0,15,9,6,15,9,6,0,15,30,17,0,11,11,4,0,0,0,0,0,0,0,0,0,0,0,0,0,0,0,0,0,0,0,1,1,14,14
2021-10-01,11,10,9,1,1,9,2,7,9,2,7,0,9,19,11,0,7,7,2,0,0,0,0,0,0,0,0,0,0,0,0,0,0,0,0,0,0,0,2,2,7,7
2021-10-02,11,11,8,3,0,8,2,6,8,2,6,0,8,17,9,0,5,5,3,0,0,0,0,0,0,0,0,0,0,0,0,0,0,0,0,0,0,0,2,2,6,6
2021-10-03,8,8,6,2,0,6,3,3,6,3,3,0,6,14,7,0,5,5,1,0,0,0,0,0,0,0,0,0,0,0,0,0,0,0,0,0,0,0,2,2,4,4
2021-10-04,14,13,11,2,0,12,5,7,12,5,7,0,12,23,13,1,7,7,4,0,1,1,0,0,0,0,0,0,0,0,0,0,0,0,0,0,0,0,6,6,6,6
2021-10-05,11,9,6,3,0,8,3,5,8,3,5,0,8,17,11,0,7,7,1,0,0,0,0,0,0,0,0,0,0,0,0,0,0,0,1,1,0,0,1,1,6,6
2021-10-06,9,9,6,3,0,6,3,3,6,3,3,0,6,12,7,0,6,6,0,0,0,0,0,0,0,0,0,0,0,0,0,0,0,0,0,0,0,0,3,3,3,3
2021-10-07,11,11,8,3,0,8,5,3,8,5,3,0,8,16,9,0,6,6,2,0,0,0,0,0,0,0,0,0,0,0,0,0,0,0,0,0,0,0,4,4,4,4
2021-10-08,11,11,6,5,0,6,4,2,6,4,2,0,6,12,8,0,5,5,1,0,0,0,0,0,0,0,0,0,0,0,0,0,0,0,0,0,0,0,3,3,3,3
2021-10-09,8,8,7,1,0,7,1,6,7,1,6,0,7,14,9,0,3,3,3,0,1,1,0,0,0,0,0,0,0,0,0,0,0,0,0,0,0,0,1,1,6,6
2021-10-10,15,15,14,1,0,14,7,7,14,7,7,0,14,25,14,0,8,8,4,0,2,2,0,0,0,0,0,0,0,0,0,0,0,0,0,0,0,0,2,2,12,12
2021-10-11,13,13,12,1,0,12,5,7,12,5,7,0,12,24,13,0,9,9,3,0,0,0,0,0,0,0,0,0,0,0,0,0,0,0,0,0,0,0,2,2,10,10
2021-10-12,7,7,4,3,0,4,2,2,4,2,2,0,4,10,5,1,3,3,1,0,0,0,0,0,0,0,0,0,0,0,0,0,0,0,0,0,0,0,1,1,3,3
2021-10-13,8,8,6,2,0,6,2,4,6,2,4,0,6,13,7,0,5,5,1,0,0,0,0,0,0,0,0,0,0,0,0,0,0,0,0,0,0,0,3,3,3,3
2021-10-14,6,5,4,1,1,4,2,2,4,2,2,0,4,10,7,0,2,2,1,0,1,1,0,0,0,0,0,0,0,0,0,0,0,0,0,0,0,0,1,1,3,3
2021-10-15,11,11,6,5,0,6,3,3,6,3,3,0,6,13,6,0,5,5,1,0,0,0,0,0,0,0,0,0,0,0,0,0,0,0,0,0,0,0,2,2,4,4
2021-10-16,8,7,5,2,0,6,2,4,6,2,4,0,6,12,7,0,4,4,2,0,0,0,0,0,0,0,0,0,0,0,0,0,0,0,0,0,0,0,2,2,4,4
2021-10-17,11,10,10,0,0,11,5,6,11,5,6,0,11,20,12,1,7,7,3,0,0,0,0,0,1,1,0,0,0,0,0,0,0,0,0,0,0,0,4,4,7,7
2021-10-18,5,5,5,0,0,5,1,4,5,1,4,0,5,9,5,0,5,5,0,0,0,0,0,0,0,0,0,0,0,0,0,0,0,0,0,0,0,0,0,0,5,5
2021-10-19,10,10,10,0,0,10,5,5,10,5,5,0,10,19,11,0,4,4,6,0,0,0,0,0,0,0,0,0,0,0,0,0,0,0,0,0,0,0,4,4,6,6
2021-10-20,13,13,9,4,0,9,5,4,9,5,4,0,9,21,12,1,2,2,3,0,3,3,0,0,1,1,0,0,0,0,0,0,0,0,0,0,0,0,2,2,7,7
2021-10-21,9,9,8,1,0,8,2,6,8,2,6,0,8,15,8,0,8,8,0,0,0,0,0,0,0,0,0,0,0,0,0,0,0,0,0,0,0,0,1,1,7,7
2021-10-22,10,10,10,0,0,10,5,5,10,5,5,0,10,18,12,1,5,5,3,0,2,2,0,0,0,0,0,0,0,0,0,0,0,0,0,0,0,0,1,1,9,9
2021-10-23,8,8,6,2,0,6,4,2,6,4,2,0,6,12,7,1,4,4,2,0,0,0,0,0,0,0,0,0,0,0,0,0,0,0,0,0,0,0,3,3,3,3
2021-10-24,11,10,5,5,0,6,3,3,6,3,3,0,6,14,6,0,4,4,2,0,0,0,0,0,0,0,0,0,0,0,0,0,0,0,0,0,1,1,0,0,5,5
2021-10-25,5,5,4,1,0,4,0,4,4,0,4,0,4,8,4,0,4,4,0,0,0,0,0,0,0,0,0,0,0,0,0,0,0,0,0,0,0,0,0,0,4,4
2021-10-26,12,12,9,3,0,9,7,2,9,7,2,0,9,20,10,0,7,7,2,0,0,0,0,0,0,0,0,0,0,0,0,0,0,0,0,0,0,0,3,3,6,6
2021-10-27,10,10,7,3,0,7,3,4,7,3,4,0,7,16,7,0,5,5,2,0,0,0,0,0,0,0,0,0,0,0,0,0,0,0,0,0,0,0,1,1,6,6
2021-10-28,5,5,3,2,0,3,3,0,3,3,0,0,3,6,3,0,1,1,2,0,0,0,0,0,0,0,0,0,0,0,0,0,0,0,0,0,0,0,1,1,2,2
2021-10-29,8,8,7,1,0,7,4,3,7,4,3,0,7,14,9,0,4,4,3,0,0,0,0,0,0,0,0,0,0,0,0,0,0,0,0,0,0,0,2,2,5,5
2021-10-30,12,12,10,2,0,10,4,6,10,4,6,0,10,17,11,1,6,6,3,0,0,0,0,0,1,1,0,0,0,0,0,0,0,0,0,0,1,1,1,1,8,8
2021-10-31,5,5,3,2,0,3,3,0,3,3,0,0,3,8,3,1,2,2,1,0,0,0,0,0,0,0,0,0,0,0,0,0,0,0,0,0,0,0,0,0,3,3
2021-11-01,11,11,11,0,0,11,5,6,11,5,6,0,11,22,12,0,7,7,3,0,0,0,0,0,1,1,0,0,0,0,0,0,0,0,0,0,0,0,4,4,7,7
2021-11-02,7,7,7,0,0,7,3,4,7,3,4,0,7,13,7,0,6,6,1,0,0,0,0,0,0,0,0,0,0,0,0,0,0,0,0,0,0,0,2,2,5,5
2021-11-03,19,19,14,5,0,14,10,4,14,10,4,0,14,29,14,0,8,8,5,0,0,0,0,0,1,1,0,0,0,0,0,0,0,0,0,0,0,0,10,10,4,4
2021-11-04,11,11,6,5,0,6,3,3,6,3,3,0,6,14,8,0,4,4,2,0,0,0,0,0,0,0,0,0,0,0,0,0,0,0,0,0,0,0,3,3,3,3
2021-11-05,7,7,2,5,0,2,1,1,2,1,1,0,2,7,3,1,1,1,1,0,0,0,0,0,0,0,0,0,0,0,0,0,0,0,0,0,0,0,0,0,2,2
2021-11-06,11,11,9,2,0,9,4,5,9,4,5,0,9,16,9,0,8,8,1,0,0,0,0,0,0,0,0,0,0,0,0,0,0,0,0,0,0,0,5,5,4,4
2021-11-07,9,8,8,0,0,9,3,6,9,3,6,0,9,18,10,0,6,6,3,0,0,0,0,0,0,0,0,0,0,0,0,0,0,0,0,0,0,0,1,1,8,8
2021-11-08,16,15,12,3,0,12,5,7,12,5,7,0,12,24,14,2,8,8,4,0,0,0,0,0,0,0,0,0,0,0,0,0,0,0,0,0,0,0,1,1,11,11
2021-11-09,3,3,3,0,0,3,1,2,3,1,2,0,3,6,3,0,3,3,0,0,0,0,0,0,0,0,0,0,0,0,0,0,0,0,0,0,0,0,2,2,1,1
2021-11-10,17,16,15,1,0,16,7,9,16,7,9,0,16,31,18,1,10,10,6,0,0,0,0,0,0,0,0,0,0,0,0,0,0,0,0,0,0,0,5,5,11,11
2021-11-11,8,8,6,2,0,6,3,3,6,3,3,0,6,13,9,1,4,4,2,0,0,0,0,0,0,0,0,0,0,0,0,0,0,0,0,0,0,0,1,1,5,5
2021-11-12,6,4,3,1,1,4,1,3,4,1,3,0,4,10,5,1,2,2,0,0,0,0,0,0,2,2,0,0,0,0,0,0,0,0,0,0,0,0,1,1,3,3
2021-11-13,11,10,9,1,0,10,4,6,10,4,6,0,10,19,12,0,8,8,1,0,0,0,0,0,1,1,0,0,0,0,0,0,0,0,0,0,0,0,2,2,8,8
2021-11-14,10,10,9,1,0,9,6,3,9,6,3,0,9,18,9,1,7,7,2,0,0,0,0,0,0,0,0,0,0,0,0,0,0,0,0,0,0,0,1,1,8,8
2021-11-15,15,14,12,2,1,12,5,7,12,5,7,0,12,23,13,0,11,11,1,0,0,0,0,0,0,0,0,0,0,0,0,0,0,0,0,0,0,0,2,2,10,10
2021-11-16,9,9,8,1,0,8,4,4,8,4,4,0,8,15,9,0,5,5,2,0,0,0,0,0,1,1,0,0,0,0,0,0,0,0,0,0,0,0,3,3,5,5
2021-11-17,10,9,9,0,0,10,4,6,10,4,6,0,10,17,10,0,10,10,0,0,0,0,0,0,0,0,0,0,0,0,0,0,0,0,0,0,0,0,3,3,7,7
2021-11-18,13,13,10,3,0,10,4,6,10,4,6,0,10,18,10,0,8,8,2,0,0,0,0,0,0,0,0,0,0,0,0,0,0,0,0,0,0,0,2,2,8,8
2021-11-19,6,6,5,1,0,5,2,3,5,2,3,0,5,9,6,0,2,2,2,0,0,0,0,0,1,1,0,0,0,0,0,0,0,0,0,0,0,0,2,2,3,3
2021-11-20,8,7,4,3,0,5,3,2,5,3,2,0,5,11,6,0,3,3,2,0,0,0,0,0,0,0,0,0,0,0,0,0,0,0,0,0,0,0,1,1,4,4
2021-11-21,15,14,12,2,0,13,6,7,13,6,7,0,13,27,18,3,6,6,6,0,0,0,0,0,1,1,0,0,0,0,0,0,0,0,0,0,0,0,3,3,10,10
2021-11-22,15,15,14,1,0,14,6,8,14,6,8,0,14,27,15,1,10,10,3,0,0,0,0,0,1,1,0,0,0,0,0,0,0,0,0,0,0,0,4,4,10,10
2021-11-23,16,15,11,4,0,12,2,10,12,2,10,0,12,24,15,0,9,9,1,0,1,1,0,0,1,1,0,0,0,0,0,0,0,0,0,0,0,0,3,3,9,9
2021-11-24,8,8,7,1,0,7,2,5,7,2,5,0,7,12,9,1,4,4,3,0,0,0,0,0,0,0,0,0,0,0,0,0,0,0,0,0,0,0,3,3,4,4
2021-11-25,13,13,13,0,0,13,4,9,13,4,9,0,13,24,14,0,12,12,1,0,0,0,0,0,0,0,0,0,0,0,0,0,0,0,0,0,0,0,5,5,8,8
2021-11-26,8,8,8,0,0,8,4,4,8,4,4,0,8,15,9,0,6,6,2,0,0,0,0,0,0,0,0,0,0,0,0,0,0,0,0,0,0,0,2,2,6,6
2021-11-27,11,11,8,3,0,8,5,3,8,5,3,0,8,17,8,0,5,5,3,0,0,0,0,0,0,0,0,0,0,0,0,0,0,0,0,0,0,0,3,3,5,5
2021-11-28,20,18,15,3,0,17,4,13,17,4,13,0,17,36,26,3,6,6,8,0,1,1,0,0,2,2,0,0,0,0,0,0,0,0,0,0,0,0,5,5,12,12
2021-11-29,10,10,10,0,0,10,5,5,10,5,5,0,10,20,12,0,7,7,3,0,0,0,0,0,0,0,0,0,0,0,0,0,0,0,0,0,0,0,3,3,7,7
2021-11-30,9,6,2,4,3,2,2,0,2,2,0,0,2,8,3,0,2,2,0,0,0,0,0,0,0,0,0,0,0,0,0,0,0,0,0,0,0,0,0,0,2,2
2021-12-01,16,16,16,0,0,16,6,10,16,6,10,0,16,30,18,2,10,10,6,0,0,0,0,0,0,0,0,0,0,0,0,0,0,0,0,0,0,0,1,1,15,15
2021-12-02,10,10,9,1,0,9,4,5,9,4,5,0,9,17,11,1,5,5,2,0,2,2,0,0,0,0,0,0,0,0,0,0,0,0,0,0,0,0,2,2,7,7
2021-12-03,12,12,11,1,0,11,5,6,11,5,6,0,11,21,13,0,7,7,3,0,1,1,0,0,0,0,0,0,0,0,0,0,0,0,0,0,0,0,6,6,5,5
2021-12-04,14,13,12,1,0,13,3,10,13,3,10,0,13,27,16,1,10,10,2,0,1,1,0,0,0,0,0,0,0,0,0,0,0,0,0,0,0,0,5,5,8,8
2021-12-05,14,14,12,2,0,12,6,6,12,6,6,0,12,25,15,0,7,7,3,0,2,2,0,0,0,0,0,0,0,0,0,0,0,0,0,0,0,0,4,4,8,8
2021-12-06,12,11,11,0,0,12,5,7,12,5,7,0,12,21,13,0,10,10,2,0,0,0,0,0,0,0,0,0,0,0,0,0,0,0,0,0,0,0,1,1,11,11
2021-12-07,20,18,17,1,2,17,6,11,17,6,11,0,17,37,21,3,9,9,7,0,0,0,0,0,1,1,0,0,0,0,0,0,0,0,0,0,2,2,3,3,12,12
2021-12-08,17,16,15,1,0,16,6,10,16,6,10,0,16,32,18,1,11,11,3,0,2,2,0,0,0,0,0,0,0,0,0,0,0,0,0,0,0,0,3,3,13,13
2021-12-09,21,19,18,1,1,19,5,14,19,5,14,0,19,36,21,0,14,14,5,0,0,0,0,0,0,0,0,0,0,0,0,0,0,0,0,0,0,0,3,3,16,16
2021-12-10,20,20,16,4,0,16,7,9,16,7,9,0,16,35,18,1,8,8,8,0,0,0,0,0,0,0,0,0,0,0,0,0,0,0,0,0,0,0,4,4,12,12
2021-12-11,18,18,18,0,0,18,6,12,18,6,12,0,18,31,18,1,14,14,3,0,0,0,0,0,1,1,0,0,0,0,0,0,0,0,0,0,0,0,3,3,15,15
2021-12-12,17,15,13,2,0,15,7,8,15,7,8,0,15,30,15,0,12,12,2,0,0,0,0,0,1,1,0,0,0,0,0,0,0,0,0,0,0,0,3,3,12,12
2021-12-13,16,16,15,1,0,15,8,7,15,8,7,0,15,29,16,1,9,9,5,0,0,0,0,0,1,1,0,0,0,0,0,0,0,0,0,0,0,0,7,7,8,8
2021-12-14,18,17,14,3,1,14,7,7,14,7,7,0,14,32,16,0,8,8,4,0,0,0,0,0,2,2,0,0,0,0,0,0,0,0,0,0,0,0,6,6,8,8
2021-12-15,16,16,14,2,0,14,5,9,14,5,9,0,14,27,16,0,9,9,3,0,2,2,0,0,0,0,0,0,0,0,0,0,0,0,0,0,0,0,4,4,10,10
2021-12-16,13,13,10,3,0,10,5,5,10,5,5,0,10,19,11,0,9,9,0,0,0,0,0,0,1,1,0,0,0,0,0,0,0,0,0,0,0,0,1,1,9,9
2021-12-17,15,15,9,6,0,9,3,6,9,3,6,0,9,21,10,0,9,9,0,0,0,0,0,0,0,0,0,0,0,0,0,0,0,0,0,0,0,0,1,1,8,8
2021-12-18,15,14,12,2,0,13,7,6,13,7,6,0,13,26,16,0,9,9,3,0,1,1,0,0,0,0,0,0,0,0,0,0,0,0,0,0,1,1,3,3,9,9
2021-12-19,16,12,9,3,1,12,7,5,12,7,5,0,12,27,14,0,10,10,1,0,1,1,0,0,0,0,0,0,0,0,0,0,0,0,0,0,0,0,4,4,8,8
2021-12-20,15,15,10,5,0,10,3,7,10,3,7,0,10,20,12,1,7,7,2,0,0,0,0,0,1,1,0,0,0,0,0,0,0,0,0,0,0,0,1,1,9,9
2021-12-21,14,14,11,3,0,11,4,7,11,4,7,0,11,21,12,0,9,9,1,0,0,0,0,0,1,1,0,0,0,0,0,0,0,0,0,0,0,0,2,2,9,9
2021-12-22,11,11,11,0,0,11,4,7,11,4,7,0,11,19,15,2,6,6,3,0,2,2,0,0,0,0,0,0,0,0,0,0,0,0,0,0,1,1,3,3,7,7
2021-12-23,15,14,10,4,0,11,5,6,11,5,6,0,11,24,13,0,4,4,2,0,3,3,0,0,2,2,0,0,0,0,0,0,0,0,0,0,0,0,3,3,8,8
2021-12-24,21,20,15,5,0,16,6,10,16,6,10,0,16,30,17,0,13,13,3,0,0,0,0,0,0,0,0,0,0,0,0,0,0,0,0,0,0,0,2,2,14,14
2021-12-25,19,18,16,2,0,17,6,11,17,6,11,0,17,33,19,0,14,14,1,0,1,1,0,0,1,1,0,0,0,0,0,0,0,0,0,0,0,0,3,3,14,14
2021-12-26,18,18,15,3,0,15,7,8,15,7,8,0,15,28,21,2,8,8,5,0,0,0,0,0,2,2,0,0,0,0,0,0,0,0,0,0,0,0,6,6,9,9
2021-12-27,13,10,8,2,1,10,4,6,10,4,6,0,10,20,11,0,9,9,1,0,0,0,0,0,0,0,0,0,0,0,0,0,0,0,0,0,0,0,3,3,7,7
2021-12-28,17,16,12,4,0,13,6,7,13,6,7,0,13,28,15,0,10,10,3,0,0,0,0,0,0,0,0,0,0,0,0,0,0,0,0,0,0,0,5,5,8,8
2021-12-29,15,14,14,0,0,15,6,9,15,6,9,0,15,29,15,0,13,13,1,0,0,0,0,0,1,1,0,0,0,0,0,0,0,0,1,1,0,0,2,2,12,12
2021-12-30,9,9,7,2,0,7,2,5,7,2,5,0,7,15,9,0,4,4,0,0,1,1,0,0,2,2,0,0,0,0,0,0,0,0,0,0,0,0,3,3,4,4
2021-12-31,11,9,6,3,1,7,2,5,7,2,5,0,7,17,9,1,3,3,3,0,1,1,0,0,0,0,0,0,0,0,0,0,0,0,0,0,0,0,3,3,4,4
2022-01-01,8,8,6,2,0,6,2,4,6,2,4,0,6,14,11,1,2,2,1,0,2,2,0,0,1,1,0,0,0,0,0,0,0,0,0,0,0,0,0,0,6,6
2022-01-02,9,9,8,1,0,8,0,8,8,0,8,0,8,14,12,2,5,5,3,0,0,0,0,0,0,0,0,0,0,0,0,0,0,0,0,0,0,0,5,5,3,3
2022-01-03,13,13,11,2,0,11,4,7,11,4,7,0,11,22,12,1,10,10,1,0,0,0,0,0,0,0,0,0,0,0,0,0,0,0,0,0,0,0,0,0,11,11
2022-01-04,11,11,9,2,0,9,3,6,9,3,6,0,9,17,11,0,7,7,1,0,0,0,0,0,1,1,0,0,0,0,0,0,0,0,0,0,0,0,2,2,7,7
2022-01-05,13,12,10,2,0,11,7,4,11,7,4,0,11,23,14,2,6,6,4,0,1,1,0,0,0,0,0,0,0,0,0,0,0,0,1,1,0,0,6,6,4,4
2022-01-06,7,7,6,1,0,6,2,4,6,2,4,0,6,11,6,0,6,6,0,0,0,0,0,0,0,0,0,0,0,0,0,0,0,0,0,0,0,0,0,0,6,6
2022-01-07,10,10,8,2,0,8,3,5,8,3,5,0,8,18,9,0,5,5,2,0,0,0,0,0,1,1,0,0,0,0,0,0,0,0,0,0,0,0,2,2,6,6
2022-01-08,11,10,9,1,1,9,6,3,9,6,3,0,9,20,13,0,7,7,1,0,1,1,0,0,0,0,0,0,0,0,0,0,0,0,0,0,0,0,3,3,6,6
2022-01-09,17,17,10,7,0,10,5,5,10,5,5,0,10,24,14,3,4,4,6,0,0,0,0,0,0,0,0,0,0,0,0,0,0,0,0,0,0,0,6,6,4,4
2022-01-10,17,17,13,4,0,13,5,8,13,5,8,0,13,27,14,0,7,7,4,0,1,1,0,0,1,1,0,0,0,0,0,0,0,0,0,0,0,0,4,4,9,9
2022-01-11,11,10,7,3,0,8,5,3,8,5,3,0,8,18,10,0,6,6,1,0,0,0,0,0,1,1,0,0,0,0,0,0,0,0,0,0,0,0,1,1,7,7
2022-01-12,8,8,6,2,0,6,3,3,6,3,3,0,6,13,7,0,3,3,3,0,0,0,0,0,0,0,0,0,0,0,0,0,0,0,0,0,0,0,2,2,4,4
2022-01-13,18,17,16,1,0,17,9,8,17,9,8,0,17,34,21,2,5,5,6,0,2,2,0,0,4,4,0,0,0,0,0,0,0,0,0,0,0,0,8,8,9,9
2022-01-14,9,9,7,2,0,7,2,5,7,2,5,0,7,12,9,0,6,6,1,0,0,0,0,0,0,0,0,0,0,0,0,0,0,0,0,0,0,0,1,1,6,6
2022-01-15,15,15,14,1,0,14,6,8,14,6,8,0,14,29,14,0,7,7,5,0,2,2,0,0,0,0,0,0,0,0,0,0,0,0,0,0,1,1,3,3,10,10
2022-01-16,20,18,16,2,0,18,6,12,18,6,12,0,18,33,21,2,13,13,2,0,1,1,0,0,2,2,0,0,0,0,0,0,0,0,1,1,0,0,8,8,9,9
2022-01-17,23,23,20,3,0,20,10,10,20,10,10,0,20,39,23,1,13,13,7,0,0,0,0,0,0,0,0,0,0,0,0,0,0,0,0,0,0,0,7,7,13,13
2022-01-18,14,13,10,3,1,10,3,7,10,3,7,0,10,23,11,0,4,4,5,0,0,0,0,0,1,1,0,0,0,0,0,0,0,0,0,0,0,0,3,3,7,7
2022-01-19,20,20,18,2,0,18,12,6,18,12,6,0,18,34,19,0,15,15,3,0,0,0,0,0,0,0,0,0,0,0,0,0,0,0,0,0,0,0,5,5,13,13
2022-01-20,20,20,15,5,0,15,8,7,15,8,7,0,15,29,15,0,10,10,5,0,0,0,0,0,0,0,0,0,0,0,0,0,0,0,0,0,0,0,6,6,9,9
2022-01-21,22,22,18,4,0,18,10,8,18,10,8,0,18,34,19,1,12,12,6,0,0,0,0,0,0,0,0,0,0,0,0,0,0,0,0,0,0,0,4,4,14,14
2022-01-22,20,20,17,3,0,17,6,11,17,6,11,0,17,33,19,1,11,11,4,0,1,1,0,0,1,1,0,0,0,0,0,0,0,0,0,0,0,0,5,5,12,12
2022-01-23,15,15,11,4,0,11,7,4,11,7,4,0,11,24,13,0,10,10,1,0,0,0,0,0,0,0,0,0,0,0,0,0,0,0,1,1,0,0,0,0,10,10
2022-01-24,19,19,12,7,0,12,1,11,12,1,11,0,12,25,14,0,9,9,2,0,0,0,0,0,1,1,0,0,0,0,0,0,0,0,0,0,0,0,5,5,7,7
2022-01-25,29,28,24,4,0,25,7,18,25,7,18,0,25,50,27,0,21,21,3,0,0,0,0,0,1,1,0,0,0,0,0,0,0,0,0,0,0,0,7,7,18,18
2022-01-26,16,15,12,3,0,13,7,6,13,7,6,0,13,26,15,1,10,10,1,0,2,2,0,0,0,0,0,0,0,0,0,0,0,0,1,1,0,0,2,2,10,10
2022-01-27,31,31,29,2,0,29,15,14,29,15,14,0,29,52,34,1,22,22,4,0,1,1,0,0,2,2,0,0,0,0,0,0,0,0,0,0,0,0,6,6,23,23
2022-01-28,25,25,19,6,0,19,6,13,19,6,13,0,19,40,20,0,8,8,9,0,1,1,0,0,1,1,0,0,0,0,0,0,0,0,0,0,0,0,4,4,15,15
2022-01-29,21,21,16,5,0,16,5,11,16,5,11,0,16,35,18,2,11,11,4,0,1,1,0,0,0,0,0,0,0,0,0,0,0,0,0,0,0,0,2,2,14,14
2022-01-30,30,30,23,7,0,23,9,14,23,9,14,0,23,48,26,1,16,16,6,0,0,0,0,0,1,1,0,0,0,0,0,0,0,0,0,0,0,0,4,4,19,19
2022-01-31,19,16,15,1,1,17,7,10,17,7,10,0,17,33,22,0,12,12,4,0,0,0,0,0,1,1,0,0,0,0,0,0,0,0,0,0,1,1,2,2,14,14
2022-02-01,25,25,19,6,0,19,9,10,19,9,10,0,19,40,23,0,15,15,3,0,1,1,0,0,0,0,0,0,0,0,0,0,0,0,0,0,0,0,0,0,19,19
2022-02-02,29,29,27,2,0,27,10,17,27,10,17,0,27,51,29,0,19,19,6,0,2,2,0,0,0,0,0,0,0,0,0,0,0,0,0,0,0,0,9,9,18,18
2022-02-03,26,25,22,3,1,22,10,12,22,10,12,0,22,39,24,1,16,16,5,0,1,1,0,0,0,0,0,0,0,0,0,0,0,0,0,0,0,0,2,2,20,20
2022-02-04,23,23,16,7,0,16,7,9,16,7,9,0,16,35,16,0,12,12,3,0,0,0,0,0,1,1,0,0,0,0,0,0,0,0,0,0,0,0,5,5,11,11
2022-02-05,30,28,24,4,0,26,13,13,26,13,13,0,26,49,29,1,17,17,6,0,1,1,0,0,1,1,1,1,0,0,0,0,0,0,0,0,0,0,2,2,24,24
2022-02-06,23,23,21,2,0,21,5,16,21,5,16,0,21,41,24,0,15,15,4,0,1,1,0,0,1,1,0,0,0,0,0,0,0,0,0,0,0,0,2,2,19,19
2022-02-07,22,21,20,1,0,21,8,13,21,8,13,0,21,43,25,0,16,16,4,0,0,0,0,0,1,1,0,0,0,0,0,0,0,0,0,0,0,0,3,3,18,18
2022-02-08,23,22,19,3,0,20,4,16,20,4,16,0,20,41,22,0,13,13,7,0,0,0,0,0,0,0,0,0,0,0,0,0,0,0,0,0,0,0,2,2,18,18
2022-02-09,18,18,16,2,0,16,6,10,16,6,10,0,16,28,19,0,12,12,3,0,0,0,0,0,1,1,0,0,0,0,0,0,0,0,1,1,0,0,2,2,13,13
2022-02-10,19,19,15,4,0,15,7,8,15,7,8,0,15,33,18,0,12,12,2,0,0,0,0,0,1,1,0,0,0,0,0,0,0,0,0,0,0,0,3,3,12,12
2022-02-11,24,24,18,6,0,18,9,9,18,9,9,0,18,39,26,0,10,10,7,0,1,1,0,0,0,0,0,0,0,0,0,0,0,0,0,0,0,0,3,3,15,15
2022-02-12,18,18,15,3,0,15,4,11,15,4,11,0,15,31,21,1,10,10,2,0,2,2,0,0,1,1,0,0,0,0,0,0,0,0,0,0,0,0,2,2,13,13
2022-02-13,15,15,12,3,0,12,5,7,12,5,7,0,12,25,15,1,6,6,5,0,0,0,0,0,1,1,0,0,0,0,0,0,0,0,0,0,0,0,4,4,8,8
2022-02-14,18,18,14,4,0,14,5,9,14,5,9,0,14,26,16,0,11,11,1,0,1,1,0,0,1,1,0,0,0,0,0,0,0,0,0,0,0,0,3,3,11,11
2022-02-15,15,15,15,0,0,15,6,9,15,6,9,0,15,25,18,1,10,10,3,0,2,2,0,0,0,0,0,0,0,0,0,0,0,0,0,0,1,1,0,0,14,14
2022-02-16,11,11,8,3,0,8,4,4,8,4,4,0,8,17,12,1,5,5,2,0,0,0,0,0,1,1,0,0,0,0,0,0,0,0,0,0,1,1,3,3,4,4
2022-02-17,9,9,6,3,0,6,0,6,6,0,6,0,6,13,7,0,3,3,2,0,1,1,0,0,0,0,0,0,0,0,0,0,0,0,0,0,0,0,0,0,6,6
2022-02-18,11,11,7,4,0,7,5,2,7,5,2,0,7,18,8,0,4,4,3,0,0,0,0,0,0,0,0,0,0,0,0,0,0,0,0,0,0,0,0,0,7,7
2022-02-19,12,12,9,3,0,9,1,8,9,1,8,0,9,20,10,1,5,5,3,0,0,0,0,0,1,1,0,0,0,0,0,0,0,0,0,0,0,0,1,1,8,8
2022-02-20,8,8,7,1,0,7,5,2,7,5,2,0,7,14,8,0,6,6,1,0,0,0,0,0,0,0,0,0,0,0,0,0,0,0,0,0,0,0,0,0,7,7
2022-02-21,10,10,8,2,0,8,2,6,8,2,6,0,8,17,10,0,5,5,2,0,0,0,0,0,1,1,0,0,0,0,0,0,0,0,0,0,0,0,1,1,7,7
2022-02-22,13,13,11,2,0,11,4,7,11,4,7,0,11,23,13,0,8,8,2,0,1,1,0,0,0,0,0,0,0,0,0,0,0,0,0,0,0,0,3,3,8,8
2022-02-23,10,10,6,4,0,6,4,2,6,4,2,0,6,14,7,0,2,2,4,0,0,0,0,0,0,0,0,0,0,0,0,0,0,0,0,0,0,0,0,0,6,6
2022-02-24,8,8,5,3,0,5,2,3,5,2,3,0,5,12,9,0,1,1,2,0,2,2,0,0,0,0,0,0,0,0,0,0,0,0,0,0,0,0,0,0,5,5
2022-02-25,11,11,5,6,0,5,1,4,5,1,4,0,5,14,5,0,5,5,0,0,0,0,0,0,0,0,0,0,0,0,0,0,0,0,0,0,0,0,1,1,4,4
2022-02-26,7,7,7,0,0,7,3,4,7,3,4,0,7,14,7,0,3,3,3,0,0,0,0,0,1,1,0,0,0,0,0,0,0,0,0,0,0,0,1,1,6,6
2022-02-27,6,6,4,2,0,4,2,2,4,2,2,0,4,7,6,2,1,1,3,0,0,0,0,0,0,0,0,0,0,0,0,0,0,0,0,0,0,0,2,2,2,2
2022-02-28,11,11,8,3,0,8,4,4,8,4,4,0,8,15,11,0,6,6,0,0,2,2,0,0,0,0,0,0,0,0,0,0,0,0,0,0,0,0,2,2,6,6
2022-03-01,5,5,4,1,0,4,1,3,4,1,3,0,4,8,4,0,2,2,2,0,0,0,0,0,0,0,0,0,0,0,0,0,0,0,0,0,0,0,0,0,4,4
2022-03-02,5,5,4,1,0,4,2,2,4,2,2,0,4,9,6,0,2,2,2,0,0,0,0,0,0,0,0,0,0,0,0,0,0,0,0,0,0,0,0,0,4,4
2022-03-03,1,1,1,0,0,1,1,0,1,1,0,0,1,2,1,0,1,1,0,0,0,0,0,0,0,0,0,0,0,0,0,0,0,0,0,0,0,0,1,1,0,0
2022-03-04,9,9,5,4,0,5,2,3,5,2,3,0,5,13,7,0,5,5,0,0,0,0,0,0,0,0,0,0,0,0,0,0,0,0,0,0,0,0,0,0,5,5
2022-03-05,3,3,1,2,0,1,0,1,1,0,1,0,1,3,1,0,1,1,0,0,0,0,0,0,0,0,0,0,0,0,0,0,0,0,0,0,0,0,0,0,1,1
2022-03-06,3,3,3,0,0,3,2,1,3,2,1,0,3,6,3,0,2,2,1,0,0,0,0,0,0,0,0,0,0,0,0,0,0,0,0,0,0,0,1,1,2,2
2022-03-07,2,2,2,0,0,2,1,1,2,1,1,0,2,4,2,0,2,2,0,0,0,0,0,0,0,0,0,0,0,0,0,0,0,0,0,0,0,0,0,0,2,2
2022-03-08,5,5,3,2,0,3,1,2,3,1,2,0,3,8,5,0,2,2,0,0,1,1,0,0,0,0,0,0,0,0,0,0,0,0,0,0,0,0,1,1,2,2
2022-03-09,6,6,4,2,0,4,1,3,4,1,3,0,4,9,5,1,2,2,1,0,1,1,0,0,0,0,0,0,0,0,0,0,0,0,0,0,0,0,2,2,2,2
2022-03-10,2,2,2,0,0,2,2,0,2,2,0,0,2,4,3,0,2,2,0,0,0,0,0,0,0,0,0,0,0,0,0,0,0,0,0,0,0,0,0,0,2,2
2022-03-11,3,3,2,1,0,2,1,1,2,1,1,0,2,4,2,0,2,2,0,0,0,0,0,0,0,0,0,0,0,0,0,0,0,0,0,0,0,0,1,1,1,1
2022-03-12,1,1,0,1,0,0,0,0,0,0,0,0,0,1,0,0,0,0,0,0,0,0,0,0,0,0,0,0,0,0,0,0,0,0,0,0,0,0,0,0,0,0
2022-03-13,2,2,2,0,0,2,0,2,2,0,2,0,2,4,2,0,2,2,0,0,0,0,0,0,0,0,0,0,0,0,0,0,0,0,0,0,0,0,0,0,2,2
2022-03-14,6,6,4,2,0,4,3,1,4,3,1,0,4,10,6,0,2,2,2,0,0,0,0,0,0,0,0,0,0,0,0,0,0,0,0,0,0,0,2,2,2,2
2022-03-15,4,4,2,2,0,2,1,1,2,1,1,0,2,6,3,0,2,2,0,0,0,0,0,0,0,0,0,0,0,0,0,0,0,0,0,0,0,0,1,1,1,1
2022-03-16,6,6,5,1,0,5,1,4,5,1,4,0,5,11,7,0,3,3,1,0,1,1,0,0,0,0,0,0,0,0,0,0,0,0,0,0,0,0,1,1,4,4
2022-03-17,2,2,1,1,0,1,1,0,1,1,0,0,1,3,1,0,0,0,1,0,0,0,0,0,0,0,0,0,0,0,0,0,0,0,0,0,1,1,0,0,0,0
2022-03-18,3,3,3,0,0,3,3,0,3,3,0,0,3,5,4,0,1,1,2,0,0,0,0,0,0,0,0,0,0,0,0,0,0,0,0,0,0,0,0,0,3,3
2022-03-19,1,1,0,1,0,0,0,0,0,0,0,0,0,1,0,0,0,0,0,0,0,0,0,0,0,0,0,0,0,0,0,0,0,0,0,0,0,0,0,0,0,0
2022-03-20,2,2,1,1,0,1,0,1,1,0,1,0,1,2,1,0,0,0,1,0,0,0,0,0,0,0,0,0,0,0,0,0,0,0,0,0,0,0,0,0,1,1
2022-03-21,3,3,1,2,0,1,0,1,1,0,1,0,1,3,1,0,1,1,0,0,0,0,0,0,0,0,0,0,0,0,0,0,0,0,0,0,0,0,0,0,1,1
2022-03-22,2,2,1,1,0,1,0,1,1,0,1,0,1,3,2,0,0,0,0,0,1,1,0,0,0,0,0,0,0,0,0,0,0,0,0,0,0,0,0,0,1,1
2022-03-23,3,3,1,2,0,1,0,1,1,0,1,0,1,4,1,0,1,1,0,0,0,0,0,0,0,0,0,0,0,0,0,0,0,0,0,0,0,0,1,1,0,0
2022-03-24,2,2,1,1,0,1,0,1,1,0,1,0,1,3,2,0,0,0,0,0,1,1,0,0,0,0,0,0,0,0,0,0,0,0,0,0,0,0,0,0,1,1
2022-03-25,2,2,1,1,0,1,0,1,1,0,1,0,1,3,2,0,0,0,1,0,0,0,0,0,0,0,0,0,0,0,0,0,0,0,0,0,0,0,1,1,0,0
2022-03-26,3,3,2,1,0,2,2,0,2,2,0,0,2,4,2,0,2,2,0,0,0,0,0,0,0,0,0,0,0,0,0,0,0,0,0,0,0,0,0,0,2,2
2022-03-27,2,2,2,0,0,2,1,1,2,1,1,0,2,4,2,0,1,1,1,0,0,0,0,0,0,0,0,0,0,0,0,0,0,0,0,0,0,0,0,0,2,2
2022-03-29,2,2,1,1,0,1,0,1,1,0,1,0,1,2,1,0,0,0,1,0,0,0,0,0,0,0,0,0,0,0,0,0,0,0,0,0,0,0,0,0,1,1
2022-03-31,1,1,0,1,0,0,0,0,0,0,0,0,0,0,0,0,0,0,0,0,0,0,0,0,0,0,0,0,0,0,0,0,0,0,0,0,0,0,0,0,0,0
2022-04-01,2,2,0,2,0,0,0,0,0,0,0,0,0,1,0,0,0,0,0,0,0,0,0,0,0,0,0,0,0,0,0,0,0,0,0,0,0,0,0,0,0,0
2022-04-02,1,1,0,1,0,0,0,0,0,0,0,0,0,1,0,0,0,0,0,0,0,0,0,0,0,0,0,0,0,0,0,0,0,0,0,0,0,0,0,0,0,0
2022-04-03,3,3,0,3,0,0,0,0,0,0,0,0,0,2,0,0,0,0,0,0,0,0,0,0,0,0,0,0,0,0,0,0,0,0,0,0,0,0,0,0,0,0
2022-04-04,3,3,1,2,0,1,0,1,1,0,1,0,1,3,2,0,1,1,0,0,0,0,0,0,0,0,0,0,0,0,0,0,0,0,0,0,0,0,0,0,1,1
2022-04-05,1,1,0,1,0,0,0,0,0,0,0,0,0,1,0,0,0,0,0,0,0,0,0,0,0,0,0,0,0,0,0,0,0,0,0,0,0,0,0,0,0,0
2022-04-08,1,1,0,1,0,0,0,0,0,0,0,0,0,1,0,0,0,0,0,0,0,0,0,0,0,0,0,0,0,0,0,0,0,0,0,0,0,0,0,0,0,0
2022-04-10,1,1,1,0,0,1,1,0,1,1,0,0,1,2,2,0,1,1,0,0,0,0,0,0,0,0,0,0,0,0,0,0,0,0,0,0,0,0,0,0,1,1
2022-04-11,1,1,0,1,0,0,0,0,0,0,0,0,0,1,0,0,0,0,0,0,0,0,0,0,0,0,0,0,0,0,0,0,0,0,0,0,0,0,0,0,0,0
2022-04-12,4,4,0,4,0,0,0,0,0,0,0,0,0,4,1,0,0,0,0,0,0,0,0,0,0,0,0,0,0,0,0,0,0,0,0,0,0,0,0,0,0,0
2022-04-13,1,1,1,0,0,1,0,1,1,0,1,0,1,1,1,0,1,1,0,0,0,0,0,0,0,0,0,0,0,0,0,0,0,0,0,0,0,0,1,1,0,0
2022-04-14,2,2,1,1,0,1,0,1,1,0,1,0,1,2,1,0,1,1,0,0,0,0,0,0,0,0,0,0,0,0,0,0,0,0,0,0,0,0,1,1,0,0
2022-04-16,1,1,0,1,0,0,0,0,0,0,0,0,0,1,0,0,0,0,0,0,0,0,0,0,0,0,0,0,0,0,0,0,0,0,0,0,0,0,0,0,0,0
2022-04-17,1,1,0,1,0,0,0,0,0,0,0,0,0,1,0,0,0,0,0,0,0,0,0,0,0,0,0,0,0,0,0,0,0,0,0,0,0,0,0,0,0,0
2022-04-19,1,1,0,1,0,0,0,0,0,0,0,0,0,0,0,0,0,0,0,0,0,0,0,0,0,0,0,0,0,0,0,0,0,0,0,0,0,0,0,0,0,0
2022-04-21,1,1,0,1,0,0,0,0,0,0,0,0,0,1,0,0,0,0,0,0,0,0,0,0,0,0,0,0,0,0,0,0,0,0,0,0,0,0,0,0,0,0
2022-04-22,1,1,0,1,0,0,0,0,0,0,0,0,0,1,0,0,0,0,0,0,0,0,0,0,0,0,0,0,0,0,0,0,0,0,0,0,0,0,0,0,0,0
2022-04-23,1,1,0,1,0,0,0,0,0,0,0,0,0,1,0,0,0,0,0,0,0,0,0,0,0,0,0,0,0,0,0,0,0,0,0,0,0,0,0,0,0,0
2022-04-24,1,1,0,1,0,0,0,0,0,0,0,0,0,1,1,0,0,0,0,0,0,0,0,0,0,0,0,0,0,0,0,0,0,0,0,0,0,0,0,0,0,0
2022-04-25,1,1,0,1,0,0,0,0,0,0,0,0,0,1,0,0,0,0,0,0,0,0,0,0,0,0,0,0,0,0,0,0,0,0,0,0,0,0,0,0,0,0
2022-04-26,2,2,2,0,0,2,1,1,2,1,1,0,2,3,2,0,0,0,2,0,0,0,0,0,0,0,0,0,0,0,0,0,0,0,0,0,0,0,0,0,2,2
2022-04-29,1,1,0,1,0,0,0,0,0,0,0,0,0,1,0,0,0,0,0,0,0,0,0,0,0,0,0,0,0,0,0,0,0,0,0,0,0,0,0,0,0,0
2022-05-02,1,1,0,1,0,0,0,0,0,0,0,0,0,0,1,0,0,0,0,0,0,0,0,0,0,0,0,0,0,0,0,0,0,0,0,0,0,0,0,0,0,0
2022-05-04,1,1,0,1,0,0,0,0,0,0,0,0,0,1,0,0,0,0,0,0,0,0,0,0,0,0,0,0,0,0,0,0,0,0,0,0,0,0,0,0,0,0
2022-05-06,1,1,0,1,0,0,0,0,0,0,0,0,0,1,0,0,0,0,0,0,0,0,0,0,0,0,0,0,0,0,0,0,0,0,0,0,0,0,0,0,0,0
2022-05-07,3,3,1,2,0,1,0,1,1,0,1,0,1,4,4,0,1,1,0,0,0,0,0,0,0,0,0,0,0,0,0,0,0,0,0,0,0,0,0,0,1,1
2022-05-10,1,1,0,1,0,0,0,0,0,0,0,0,0,1,0,0,0,0,0,0,0,0,0,0,0,0,0,0,0,0,0,0,0,0,0,0,0,0,0,0,0,0
2022-05-12,1,1,0,1,0,0,0,0,0,0,0,0,0,1,1,0,0,0,0,0,0,0,0,0,0,0,0,0,0,0,0,0,0,0,0,0,0,0,0,0,0,0
2022-05-13,2,2,0,2,0,0,0,0,0,0,0,0,0,2,1,0,0,0,0,0,0,0,0,0,0,0,0,0,0,0,0,0,0,0,0,0,0,0,0,0,0,0
2022-05-14,2,2,0,2,0,0,0,0,0,0,0,0,0,1,0,0,0,0,0,0,0,0,0,0,0,0,0,0,0,0,0,0,0,0,0,0,0,0,0,0,0,0
2022-05-19,3,3,0,3,0,0,0,0,0,0,0,0,0,2,0,0,0,0,0,0,0,0,0,0,0,0,0,0,0,0,0,0,0,0,0,0,0,0,0,0,0,0
2022-05-20,3,3,1,2,0,1,1,0,1,1,0,0,1,4,2,0,1,1,0,0,0,0,0,0,0,0,0,0,0,0,0,0,0,0,0,0,0,0,0,0,1,1
2022-05-21,2,1,1,0,1,1,0,1,1,0,1,0,1,2,2,0,1,1,0,0,0,0,0,0,0,0,0,0,0,0,0,0,0,0,0,0,0,0,0,0,1,1
2022-05-23,1,1,0,1,0,0,0,0,0,0,0,0,0,1,0,0,0,0,0,0,0,0,0,0,0,0,0,0,0,0,0,0,0,0,0,0,0,0,0,0,0,0
2022-05-26,1,1,0,1,0,0,0,0,0,0,0,0,0,1,0,0,0,0,0,0,0,0,0,0,0,0,0,0,0,0,0,0,0,0,0,0,0,0,0,0,0,0
2022-05-28,1,1,0,1,0,0,0,0,0,0,0,0,0,1,0,0,0,0,0,0,0,0,0,0,0,0,0,0,0,0,0,0,0,0,0,0,0,0,0,0,0,0
2022-05-29,1,1,0,1,0,0,0,0,0,0,0,0,0,1,0,0,0,0,0,0,0,0,0,0,0,0,0,0,0,0,0,0,0,0,0,0,0,0,0,0,0,0
2022-06-03,1,1,0,1,0,0,0,0,0,0,0,0,0,1,0,0,0,0,0,0,0,0,0,0,0,0,0,0,0,0,0,0,0,0,0,0,0,0,0,0,0,0
2022-06-06,2,1,1,0,1,1,0,1,1,0,1,0,1,1,1,0,1,1,0,0,0,0,0,0,0,0,0,0,0,0,0,0,0,0,0,0,0,0,0,0,1,1
2022-06-11,2,2,0,2,0,0,0,0,0,0,0,0,0,1,0,0,0,0,0,0,0,0,0,0,0,0,0,0,0,0,0,0,0,0,0,0,0,0,0,0,0,0
2022-06-12,1,1,0,1,0,0,0,0,0,0,0,0,0,1,1,0,0,0,0,0,0,0,0,0,0,0,0,0,0,0,0,0,0,0,0,0,0,0,0,0,0,0
2022-06-13,1,1,0,1,0,0,0,0,0,0,0,0,0,1,0,0,0,0,0,0,0,0,0,0,0,0,0,0,0,0,0,0,0,0,0,0,0,0,0,0,0,0
2022-06-17,2,2,0,2,0,0,0,0,0,0,0,0,0,2,1,0,0,0,0,0,0,0,0,0,0,0,0,0,0,0,0,0,0,0,0,0,0,0,0,0,0,0
2022-06-18,1,1,0,1,0,0,0,0,0,0,0,0,0,0,0,0,0,0,0,0,0,0,0,0,0,0,0,0,0,0,0,0,0,0,0,0,0,0,0,0,0,0
2022-06-19,3,3,0,3,0,0,0,0,0,0,0,0,0,2,0,0,0,0,0,0,0,0,0,0,0,0,0,0,0,0,0,0,0,0,0,0,0,0,0,0,0,0
2022-06-23,2,2,0,2,0,0,0,0,0,0,0,0,0,2,1,0,0,0,0,0,0,0,0,0,0,0,0,0,0,0,0,0,0,0,0,0,0,0,0,0,0,0
2022-06-24,1,1,0,1,0,0,0,0,0,0,0,0,0,1,0,0,0,0,0,0,0,0,0,0,0,0,0,0,0,0,0,0,0,0,0,0,0,0,0,0,0,0
2022-06-26,1,1,1,0,0,1,0,1,1,0,1,0,1,2,2,0,1,1,0,0,0,0,0,0,0,0,0,0,0,0,0,0,0,0,0,0,0,0,0,0,1,1
2022-06-29,1,1,0,1,0,0,0,0,0,0,0,0,0,1,0,0,0,0,0,0,0,0,0,0,0,0,0,0,0,0,0,0,0,0,0,0,0,0,0,0,0,0
2022-07-01,4,4,4,0,0,4,2,2,4,2,2,0,4,7,5,0,3,3,1,0,0,0,0,0,0,0,0,0,0,0,0,0,0,0,0,0,2,2,0,0,2,2
2022-07-02,2,2,1,1,0,1,0,1,1,0,1,0,1,3,1,0,0,0,1,0,0,0,0,0,0,0,0,0,0,0,0,0,0,0,0,0,0,0,1,1,0,0
2022-07-03,3,3,2,1,0,2,0,2,2,0,2,0,2,4,2,0,2,2,0,0,0,0,0,0,0,0,0,0,0,0,0,0,0,0,0,0,1,1,0,0,1,1
2022-07-04,3,3,1,2,0,1,1,0,1,1,0,0,1,4,1,0,0,0,1,0,0,0,0,0,0,0,0,0,0,0,0,0,0,0,0,0,0,0,0,0,1,1
2022-07-05,3,3,1,2,0,1,1,0,1,1,0,0,1,3,1,0,1,1,0,0,0,0,0,0,0,0,0,0,0,0,0,0,0,0,0,0,0,0,0,0,1,1
2022-07-07,1,1,1,0,0,1,1,0,1,1,0,0,1,1,1,0,1,1,0,0,0,0,0,0,0,0,0,0,0,0,0,0,0,0,0,0,0,0,0,0,1,1
2022-07-09,1,1,1,0,0,1,0,1,1,0,1,0,1,2,1,0,1,1,0,0,0,0,0,0,0,0,0,0,0,0,0,0,0,0,0,0,0,0,0,0,1,1
2022-07-10,2,2,2,0,0,2,0,2,2,0,2,0,2,4,3,1,1,1,1,0,0,0,0,0,0,0,0,0,0,0,0,0,0,0,0,0,0,0,0,0,2,2
2022-07-11,1,1,1,0,0,1,1,0,1,1,0,0,1,2,1,0,1,1,0,0,0,0,0,0,0,0,0,0,0,0,0,0,0,0,0,0,0,0,0,0,1,1
2022-07-12,3,3,3,0,0,3,1,2,3,1,2,0,3,5,4,0,2,2,1,0,0,0,0,0,0,0,0,0,0,0,0,0,0,0,1,1,0,0,0,0,2,2
2022-07-13,1,1,1,0,0,1,1,0,1,1,0,0,1,1,1,0,0,0,1,0,0,0,0,0,0,0,0,0,0,0,0,0,0,0,0,0,0,0,0,0,1,1
2022-07-14,4,4,4,0,0,4,1,3,4,1,3,0,4,7,6,0,3,3,0,0,1,1,0,0,0,0,0,0,0,0,0,0,0,0,0,0,0,0,1,1,3,3
2022-07-15,3,3,3,0,0,3,1,2,3,1,2,0,3,5,4,1,1,1,2,0,0,0,0,0,0,0,0,0,0,0,0,0,0,0,0,0,0,0,0,0,3,3
2022-07-16,4,4,3,1,0,3,1,2,3,1,2,0,3,6,3,0,2,2,1,0,0,0,0,0,0,0,0,0,0,0,0,0,0,0,0,0,0,0,0,0,3,3
2022-07-17,2,2,1,1,0,1,1,0,1,1,0,0,1,3,1,0,0,0,1,0,0,0,0,0,0,0,0,0,0,0,0,0,0,0,0,0,1,1,0,0,0,0
2022-07-18,3,3,2,1,0,2,0,2,2,0,2,0,2,5,2,0,1,1,1,0,0,0,0,0,0,0,0,0,0,0,0,0,0,0,0,0,0,0,0,0,2,2
2022-07-19,2,2,1,1,0,1,1,0,1,1,0,0,1,2,1,0,1,1,0,0,0,0,0,0,0,0,0,0,0,0,0,0,0,0,0,0,0,0,0,0,1,1
2022-07-20,7,7,6,1,0,6,2,4,6,2,4,0,6,12,6,0,4,4,2,0,0,0,0,0,0,0,0,0,0,0,0,0,0,0,0,0,0,0,2,2,4,4
2022-07-21,4,4,2,2,0,2,2,0,2,2,0,0,2,5,3,0,2,2,0,0,0,0,0,0,0,0,0,0,0,0,0,0,0,0,0,0,0,0,1,1,1,1
2022-07-22,4,4,3,1,0,3,1,2,3,1,2,0,3,6,3,0,2,2,1,0,0,0,0,0,0,0,0,0,0,0,0,0,0,0,0,0,0,0,0,0,3,3
2022-07-23,2,2,2,0,0,2,0,2,2,0,2,0,2,4,2,0,2,2,0,0,0,0,0,0,0,0,0,0,0,0,0,0,0,0,0,0,0,0,1,1,1,1
2022-07-25,6,6,5,1,0,5,3,2,5,3,2,0,5,9,6,0,4,4,1,0,0,0,0,0,0,0,0,0,0,0,0,0,0,0,0,0,0,0,1,1,4,4
2022-07-26,3,3,3,0,0,3,0,3,3,0,3,0,3,5,3,0,3,3,0,0,0,0,0,0,0,0,0,0,0,0,0,0,0,0,0,0,0,0,0,0,3,3
2022-07-27,6,6,5,1,0,5,2,3,5,2,3,0,5,11,6,0,5,5,0,0,0,0,0,0,0,0,0,0,0,0,0,0,0,0,0,0,0,0,0,0,5,5
2022-07-28,2,2,2,0,0,2,0,2,2,0,2,0,2,3,2,0,2,2,0,0,0,0,0,0,0,0,0,0,0,0,0,0,0,0,0,0,0,0,0,0,2,2
2022-07-29,1,1,1,0,0,1,0,1,1,0,1,0,1,2,1,0,1,1,0,0,0,0,0,0,0,0,0,0,0,0,0,0,0,0,0,0,0,0,1,1,0,0
2022-07-30,2,2,2,0,0,2,1,1,2,1,1,0,2,4,2,0,2,2,0,0,0,0,0,0,0,0,0,0,0,0,0,0,0,0,0,0,0,0,0,0,2,2
2022-07-31,6,6,4,2,0,4,2,2,4,2,2,0,4,9,7,1,3,3,1,0,0,0,0,0,0,0,0,0,0,0,0,0,0,0,0,0,0,0,1,1,3,3
2022-08-02,2,2,1,1,0,1,1,0,1,1,0,0,1,2,2,0,0,0,1,0,0,0,0,0,0,0,0,0,0,0,0,0,0,0,0,0,0,0,1,1,0,0
2022-08-03,3,3,3,0,0,3,0,3,3,0,3,0,3,6,4,0,3,3,0,0,0,0,0,0,0,0,0,0,0,0,0,0,0,0,0,0,0,0,1,1,2,2
2022-08-04,1,1,1,0,0,1,0,1,1,0,1,0,1,2,1,0,0,0,1,0,0,0,0,0,0,0,0,0,0,0,0,0,0,0,0,0,0,0,0,0,1,1
NA,NA,NA,NA,NA,NA,NA,NA,NA,NA,NA,NA,NA,NA,NA,NA,NA,NA,NA,NA,NA,NA,NA,NA,NA,NA,NA,NA,NA,NA,NA,NA,NA,NA,NA,NA,NA,NA,NA,NA,NA,NA,NA
