"","Fecha","Casos","Casos.media.7d","Casos.relativo","Decesos","Decesos.media.7d","Decesos.relativo","Hospitalizados","Hospitalizados.media.7d","Hospitalizados.relativo"
"1",2020-03-04,0,0,0,NA,NA,NA,0,0,0
"2",2020-03-05,0,0,0,NA,NA,NA,0,0,0
"3",2020-03-06,0,0,0,NA,NA,NA,0,0,0
"4",2020-03-07,0,0,0,NA,NA,NA,0,0,0
"5",2020-03-08,0,0,0,NA,NA,NA,0,0,0
"6",2020-03-09,0,0,0,NA,NA,NA,0,0,0
"7",2020-03-10,0,0,0,NA,NA,NA,0,0,0
"8",2020-03-11,1,0.1,0,0,0,0,0,0,0
"9",2020-03-12,1,0.3,0.001,0,0,0,0,0,0
"10",2020-03-13,0,0.3,0.001,NA,NA,NA,0,0,0
"11",2020-03-14,0,0.3,0.001,NA,NA,NA,0,0,0
"12",2020-03-15,1,0.4,0.002,NA,NA,NA,0,0,0
"13",2020-03-16,1,0.6,0.003,NA,NA,NA,0,0,0
"14",2020-03-17,4,1.1,0.005,NA,NA,NA,0,0,0
"15",2020-03-18,0,1,0.005,0,0,0,0,0,0
"16",2020-03-19,2,1.1,0.005,NA,NA,NA,0,0,0
"17",2020-03-20,0,1.1,0.005,NA,NA,NA,0,0,0
"18",2020-03-21,0,1.1,0.005,0,0,0,0,0,0
"19",2020-03-22,3,1.4,0.007,NA,NA,NA,0,0,0
"20",2020-03-23,1,1.4,0.007,NA,NA,NA,0,0,0
"21",2020-03-24,2,1.1,0.005,NA,NA,NA,0,0,0
"22",2020-03-25,0,1.1,0.005,0,0,0,0,0,0
"23",2020-03-26,0,0.9,0.004,NA,NA,NA,0,0,0
"24",2020-03-27,1,1,0.005,NA,NA,NA,0,0,0
"25",2020-03-28,3,1.4,0.007,NA,NA,NA,0,0,0
"26",2020-03-29,0,1,0.005,NA,NA,NA,0,0,0
"27",2020-03-30,0,0.9,0.004,0,0,0,0,0,0
"28",2020-03-31,0,0.6,0.003,NA,NA,NA,0,0,0
"29",2020-04-01,6,1.4,0.007,0,0,0,0,0,0
"30",2020-04-02,0,1.4,0.007,NA,NA,NA,0,0,0
"31",2020-04-03,0,1.3,0.006,NA,NA,NA,0,0,0
"32",2020-04-04,4,1.4,0.007,NA,NA,NA,0,0,0
"33",2020-04-05,0,1.4,0.007,NA,NA,NA,1,0.1,0.002
"34",2020-04-06,1,1.6,0.008,NA,NA,NA,1,0.3,0.007
"35",2020-04-07,1,1.7,0.008,NA,NA,NA,2,0.6,0.014
"36",2020-04-08,1,1,0.005,0,0,0,1,0.7,0.016
"37",2020-04-09,2,1.3,0.006,1,0.1,0.005,2,1,0.023
"38",2020-04-10,0,1.3,0.006,0,0.1,0.005,0,1,0.023
"39",2020-04-11,2,1,0.005,0,0.1,0.005,2,1.3,0.029
"40",2020-04-12,1,1.1,0.005,NA,NA,NA,0,1.1,0.025
"41",2020-04-13,0,1,0.005,NA,NA,NA,0,1,0.023
"42",2020-04-14,2,1.1,0.005,0,0.1,0.005,0,0.7,0.016
"43",2020-04-15,0,1,0.005,NA,NA,NA,1,0.7,0.016
"44",2020-04-16,3,1.1,0.005,NA,NA,NA,0,0.4,0.009
"45",2020-04-17,4,1.7,0.008,1,0.3,0.014,1,0.6,0.014
"46",2020-04-18,5,2.1,0.01,NA,NA,NA,0,0.3,0.007
"47",2020-04-19,8,3.1,0.015,0,0.3,0.014,1,0.4,0.009
"48",2020-04-20,7,4.1,0.019,NA,NA,NA,0,0.4,0.009
"49",2020-04-21,7,4.9,0.023,NA,NA,NA,3,0.9,0.02
"50",2020-04-22,7,5.9,0.028,0,0.3,0.014,3,1.1,0.025
"51",2020-04-23,8,6.6,0.031,0,0.1,0.005,0,1.1,0.025
"52",2020-04-24,8,7.1,0.034,0,0.1,0.005,1,1.1,0.025
"53",2020-04-25,6,7.3,0.035,1,0.3,0.014,2,1.4,0.032
"54",2020-04-26,6,7,0.033,NA,NA,NA,2,1.6,0.036
"55",2020-04-27,22,9.1,0.043,1,0.4,0.019,1,1.7,0.038
"56",2020-04-28,15,10.3,0.049,1,0.4,0.019,1,1.4,0.032
"57",2020-04-29,11,10.9,0.052,NA,NA,NA,0,1,0.023
"58",2020-04-30,29,13.9,0.066,NA,NA,NA,0,1,0.023
"59",2020-05-01,12,14.4,0.068,NA,NA,NA,1,1,0.023
"60",2020-05-02,19,16.3,0.077,0,0.4,0.019,2,1,0.023
"61",2020-05-03,18,18,0.085,NA,NA,NA,0,0.7,0.016
"62",2020-05-04,28,18.9,0.09,1,0.6,0.029,4,1.1,0.025
"63",2020-05-05,18,19.3,0.092,NA,NA,NA,1,1.1,0.025
"64",2020-05-06,27,21.6,0.102,NA,NA,NA,2,1.4,0.032
"65",2020-05-07,28,21.4,0.101,1,0.7,0.033,0,1.4,0.032
"66",2020-05-08,27,23.6,0.112,0,0.7,0.033,1,1.4,0.032
"67",2020-05-09,26,24.6,0.117,NA,NA,NA,1,1.3,0.029
"68",2020-05-10,40,27.7,0.131,0,0.6,0.029,0,1.3,0.029
"69",2020-05-11,24,27.1,0.128,1,0.6,0.029,5,1.4,0.032
"70",2020-05-12,25,28.1,0.133,0,0.4,0.019,3,1.7,0.038
"71",2020-05-13,28,28.3,0.134,1,0.6,0.029,6,2.3,0.052
"72",2020-05-14,29,28.4,0.135,1,0.6,0.029,4,2.9,0.066
"73",2020-05-15,70,34.6,0.164,NA,NA,NA,5,3.4,0.077
"74",2020-05-16,86,43.1,0.204,1,0.6,0.029,1,3.4,0.077
"75",2020-05-17,87,49.9,0.237,0,0.6,0.029,6,4.3,0.097
"76",2020-05-18,60,55,0.261,0,0.6,0.029,9,4.9,0.111
"77",2020-05-19,55,59.3,0.281,1,0.6,0.029,3,4.9,0.111
"78",2020-05-20,72,65.6,0.311,1,0.7,0.033,7,5,0.113
"79",2020-05-21,55,69.3,0.329,NA,NA,NA,11,6,0.136
"80",2020-05-22,95,72.9,0.346,1,0.7,0.033,13,7.1,0.161
"81",2020-05-23,79,71.9,0.341,4,1.1,0.053,16,9.3,0.21
"82",2020-05-24,63,68.4,0.324,5,1.7,0.081,12,10.1,0.229
"83",2020-05-25,139,79.7,0.378,5,2.4,0.115,19,11.6,0.262
"84",2020-05-26,64,81,0.384,6,3.3,0.158,8,12.3,0.278
"85",2020-05-27,73,81.1,0.385,2,3.4,0.163,13,13.1,0.296
"86",2020-05-28,65,82.6,0.392,3,3.7,0.177,14,13.6,0.308
"87",2020-05-29,74,79.6,0.377,4,4.1,0.196,12,13.4,0.303
"88",2020-05-30,89,81,0.384,3,4,0.191,15,13.3,0.301
"89",2020-05-31,58,80.3,0.381,3,3.7,0.177,18,14.1,0.319
"90",2020-06-01,119,77.4,0.367,8,4.1,0.196,24,14.9,0.337
"91",2020-06-02,67,77.9,0.369,5,4,0.191,23,17,0.385
"92",2020-06-03,77,78.4,0.372,6,4.6,0.22,18,17.7,0.4
"93",2020-06-04,79,80.4,0.381,7,5.1,0.244,23,19,0.43
"94",2020-06-05,88,82.4,0.391,11,6.1,0.292,19,20,0.452
"95",2020-06-06,105,84.7,0.402,3,6.1,0.292,31,22.3,0.505
"96",2020-06-07,102,91,0.431,6,6.6,0.316,15,21.9,0.495
"97",2020-06-08,107,89.3,0.423,3,5.9,0.282,26,22.1,0.5
"98",2020-06-09,104,94.6,0.449,10,6.6,0.316,27,22.7,0.514
"99",2020-06-10,110,99.3,0.471,8,6.9,0.33,29,24.3,0.55
"100",2020-06-11,88,100.6,0.477,12,7.6,0.364,22,24.1,0.545
"101",2020-06-12,96,101.7,0.482,12,7.7,0.368,34,26.3,0.595
"102",2020-06-13,116,103.3,0.49,11,8.9,0.426,31,26.3,0.595
"103",2020-06-14,106,103.9,0.493,11,9.6,0.459,38,29.6,0.67
"104",2020-06-15,141,108.7,0.515,17,11.6,0.555,36,31,0.701
"105",2020-06-16,116,110.4,0.523,14,12.1,0.579,44,33.4,0.756
"106",2020-06-17,97,108.6,0.515,11,12.6,0.603,37,34.6,0.783
"107",2020-06-18,117,112.7,0.534,17,13.3,0.636,35,36.4,0.824
"108",2020-06-19,131,117.7,0.558,11,13.1,0.627,42,37.6,0.851
"109",2020-06-20,185,127.6,0.605,23,14.9,0.713,31,37.6,0.851
"110",2020-06-21,132,131.3,0.623,10,14.7,0.703,27,36,0.814
"111",2020-06-22,170,135.4,0.642,15,14.4,0.689,40,36.6,0.828
"112",2020-06-23,138,138.6,0.657,25,16,0.766,54,38,0.86
"113",2020-06-24,152,146.4,0.694,22,17.6,0.842,32,37.3,0.844
"114",2020-06-25,222,161.4,0.765,20,18,0.861,38,37.7,0.853
"115",2020-06-26,215,173.4,0.822,17,18.9,0.904,40,37.4,0.846
"116",2020-06-27,167,170.9,0.81,18,18.1,0.866,35,38,0.86
"117",2020-06-28,210,182,0.863,24,20.1,0.962,40,39.9,0.903
"118",2020-06-29,211,187.9,0.891,12,19.7,0.943,45,40.6,0.919
"119",2020-06-30,269,206.6,0.98,13,18,0.861,62,41.7,0.943
"120",2020-07-01,349,234.7,1.113,22,18,0.861,53,44.7,1.011
"121",2020-07-02,215,233.7,1.108,16,17.4,0.833,44,45.6,1.032
"122",2020-07-03,241,237.4,1.126,18,17.6,0.842,31,44.3,1.002
"123",2020-07-04,155,235.7,1.118,15,17.1,0.818,22,42.4,0.959
"124",2020-07-05,196,233.7,1.108,16,16,0.766,27,40.6,0.919
"125",2020-07-06,168,227.6,1.079,20,17.1,0.818,49,41.1,0.93
"126",2020-07-07,171,213.6,1.013,23,18.6,0.89,59,40.7,0.921
"127",2020-07-08,163,187,0.887,27,19.3,0.923,48,40,0.905
"128",2020-07-09,162,179.4,0.851,22,20.1,0.962,47,40.4,0.914
"129",2020-07-10,223,176.9,0.839,25,21.1,1.01,45,42.4,0.959
"130",2020-07-11,165,178.3,0.845,21,22,1.053,47,46,1.041
"131",2020-07-12,144,170.9,0.81,22,22.9,1.096,32,46.7,1.057
"132",2020-07-13,157,169.3,0.803,23,23.3,1.115,39,45.3,1.025
"133",2020-07-14,108,160.3,0.76,18,22.6,1.081,28,40.9,0.925
"134",2020-07-15,147,158,0.749,20,21.6,1.033,43,40.1,0.907
"135",2020-07-16,181,160.7,0.762,23,21.7,1.038,27,37.3,0.844
"136",2020-07-17,148,150,0.711,9,19.4,0.928,36,36,0.814
"137",2020-07-18,175,151.4,0.718,14,18.4,0.88,20,32.1,0.726
"138",2020-07-19,205,160.1,0.759,14,17.3,0.828,21,30.6,0.692
"139",2020-07-20,207,167.3,0.793,21,17,0.813,30,29.3,0.663
"140",2020-07-21,154,173.9,0.825,23,17.7,0.847,23,28.6,0.647
"141",2020-07-22,120,170,0.806,13,16.7,0.799,21,25.4,0.575
"142",2020-07-23,121,161.4,0.765,24,16.9,0.809,25,25.1,0.568
"143",2020-07-24,175,165.3,0.784,13,17.4,0.833,20,22.9,0.518
"144",2020-07-25,163,163.6,0.776,9,16.7,0.799,16,22.3,0.505
"145",2020-07-26,165,157.9,0.749,13,16.6,0.794,15,21.4,0.484
"146",2020-07-27,201,157,0.744,15,15.7,0.751,22,20.3,0.459
"147",2020-07-28,118,151.9,0.72,15,14.6,0.699,20,19.9,0.45
"148",2020-07-29,96,148.4,0.704,10,14.1,0.675,15,19,0.43
"149",2020-07-30,94,144.6,0.686,11,12.3,0.589,8,16.6,0.376
"150",2020-07-31,149,140.9,0.668,8,11.6,0.555,9,15,0.339
"151",2020-08-01,204,146.7,0.696,8,11.4,0.545,17,15.1,0.342
"152",2020-08-02,125,141,0.669,6,10.4,0.498,9,14.3,0.324
"153",2020-08-03,145,133,0.631,7,9.3,0.445,17,13.6,0.308
"154",2020-08-04,68,125.9,0.597,9,8.4,0.402,13,12.6,0.285
"155",2020-08-05,101,126.6,0.6,8,8.1,0.388,21,13.4,0.303
"156",2020-08-06,137,132.7,0.629,7,7.6,0.364,9,13.6,0.308
"157",2020-08-07,123,129,0.612,4,7,0.335,16,14.6,0.33
"158",2020-08-08,146,120.7,0.572,9,7.1,0.34,4,12.7,0.287
"159",2020-08-09,158,125.4,0.595,4,6.9,0.33,8,12.6,0.285
"160",2020-08-10,213,135.1,0.641,2,6.1,0.292,17,12.6,0.285
"161",2020-08-11,125,143.3,0.679,13,6.7,0.321,13,12.6,0.285
"162",2020-08-12,122,146.3,0.694,7,6.6,0.316,17,12,0.271
"163",2020-08-13,74,137.3,0.651,7,6.6,0.316,9,12,0.271
"164",2020-08-14,82,131.4,0.623,8,7.1,0.34,9,11,0.249
"165",2020-08-15,86,122.9,0.583,5,6.6,0.316,10,11.9,0.269
"166",2020-08-16,74,110.9,0.526,7,7,0.335,3,11.1,0.251
"167",2020-08-17,64,89.6,0.425,7,7.7,0.368,7,9.7,0.219
"168",2020-08-18,75,82.4,0.391,3,6.3,0.301,15,10,0.226
"169",2020-08-19,87,77.4,0.367,8,6.4,0.306,12,9.3,0.21
"170",2020-08-20,94,80.3,0.381,4,6,0.287,4,8.6,0.195
"171",2020-08-21,96,82.3,0.39,4,5.4,0.258,7,8.3,0.188
"172",2020-08-22,80,81.4,0.386,3,5.1,0.244,6,7.7,0.174
"173",2020-08-23,95,84.4,0.4,2,4.4,0.211,6,8.1,0.183
"174",2020-08-24,83,87.1,0.413,4,4,0.191,8,8.3,0.188
"175",2020-08-25,68,86.1,0.408,4,4.1,0.196,6,7,0.158
"176",2020-08-26,82,85.4,0.405,3,3.4,0.163,7,6.3,0.143
"177",2020-08-27,97,85.9,0.407,2,3.1,0.148,8,6.9,0.156
"178",2020-08-28,83,84,0.398,6,3.4,0.163,1,6,0.136
"179",2020-08-29,91,85.6,0.406,1,3.1,0.148,11,6.7,0.152
"180",2020-08-30,45,78.4,0.372,3,3.3,0.158,5,6.6,0.149
"181",2020-08-31,39,72.1,0.342,4,3.3,0.158,7,6.4,0.145
"182",2020-09-01,104,77.3,0.367,2,3,0.144,3,6,0.136
"183",2020-09-02,69,75.4,0.358,3,3,0.144,4,5.6,0.127
"184",2020-09-03,60,70.1,0.332,4,3.3,0.158,3,4.9,0.111
"185",2020-09-04,52,65.7,0.312,5,3.1,0.148,6,5.6,0.127
"186",2020-09-05,89,65.4,0.31,1,3.1,0.148,2,4.3,0.097
"187",2020-09-06,72,69.3,0.329,2,3,0.144,2,3.9,0.088
"188",2020-09-07,89,76.4,0.362,3,2.9,0.139,7,3.9,0.088
"189",2020-09-08,73,72,0.341,1,2.7,0.129,5,4.1,0.093
"190",2020-09-09,63,71.1,0.337,2,2.6,0.124,6,4.4,0.1
"191",2020-09-10,58,70.9,0.336,1,2.1,0.1,3,4.4,0.1
"192",2020-09-11,121,80.7,0.383,2,1.7,0.081,0,3.6,0.081
"193",2020-09-12,42,74,0.351,1,1.7,0.081,2,3.6,0.081
"194",2020-09-13,46,70.3,0.333,4,2,0.096,5,4,0.09
"195",2020-09-14,88,70.1,0.332,1,1.7,0.081,6,3.9,0.088
"196",2020-09-15,85,71.9,0.341,0,1.6,0.077,7,4.1,0.093
"197",2020-09-16,52,70.3,0.333,2,1.6,0.077,7,4.3,0.097
"198",2020-09-17,51,69.3,0.329,1,1.6,0.077,6,4.7,0.106
"199",2020-09-18,75,62.7,0.297,3,1.7,0.081,7,5.7,0.129
"200",2020-09-19,110,72.4,0.343,4,2.1,0.1,5,6.1,0.138
"201",2020-09-20,78,77,0.365,4,2.1,0.1,3,5.9,0.133
"202",2020-09-21,77,75.4,0.358,0,2,0.096,3,5.4,0.122
"203",2020-09-22,27,67.1,0.318,2,2.3,0.11,6,5.3,0.12
"204",2020-09-23,89,72.4,0.343,3,2.4,0.115,3,4.7,0.106
"205",2020-09-24,86,77.4,0.367,2,2.6,0.124,1,4,0.09
"206",2020-09-25,65,76,0.36,1,2.3,0.11,7,4,0.09
"207",2020-09-26,51,67.6,0.321,2,2,0.096,2,3.6,0.081
"208",2020-09-27,103,71.1,0.337,3,1.9,0.091,1,3.3,0.075
"209",2020-09-28,104,75,0.356,1,2,0.096,5,3.6,0.081
"210",2020-09-29,54,78.9,0.374,3,2.1,0.1,9,4,0.09
"211",2020-09-30,21,69.1,0.328,1,1.9,0.091,3,4,0.09
"212",2020-10-01,88,69.4,0.329,0,1.6,0.077,2,4.1,0.093
"213",2020-10-02,128,78.4,0.372,NA,NA,NA,3,3.6,0.081
"214",2020-10-03,63,80.1,0.38,1,1.6,0.077,2,3.6,0.081
"215",2020-10-04,69,75.3,0.357,3,1.7,0.081,1,3.6,0.081
"216",2020-10-05,58,68.7,0.326,1,1.4,0.067,7,3.9,0.088
"217",2020-10-06,58,69.3,0.329,1,1.4,0.067,6,3.4,0.077
"218",2020-10-07,42,72.3,0.343,2,1.3,0.062,7,4,0.09
"219",2020-10-08,60,68.3,0.324,0,1.1,0.053,2,4,0.09
"220",2020-10-09,74,60.6,0.287,1,1.3,0.062,3,4,0.09
"221",2020-10-10,41,57.4,0.272,3,1.6,0.077,8,4.9,0.111
"222",2020-10-11,34,52.4,0.248,2,1.4,0.067,6,5.6,0.127
"223",2020-10-12,117,60.9,0.289,3,1.7,0.081,5,5.3,0.12
"224",2020-10-13,59,61,0.289,2,1.9,0.091,5,5.1,0.115
"225",2020-10-14,64,64.1,0.304,4,2.1,0.1,4,4.7,0.106
"226",2020-10-15,65,64.9,0.308,2,2.4,0.115,6,5.3,0.12
"227",2020-10-16,74,64.9,0.308,1,2.4,0.115,4,5.4,0.122
"228",2020-10-17,106,74.1,0.351,NA,NA,NA,4,4.9,0.111
"229",2020-10-18,92,82.4,0.391,1,2.1,0.1,7,5,0.113
"230",2020-10-19,114,82,0.389,3,2.3,0.11,5,5,0.113
"231",2020-10-20,73,84,0.398,1,2,0.096,7,5.3,0.12
"232",2020-10-21,54,82.6,0.392,2,2,0.096,5,5.4,0.122
"233",2020-10-22,51,80.6,0.382,3,1.9,0.091,4,5.1,0.115
"234",2020-10-23,81,81.6,0.387,1,1.7,0.081,9,5.9,0.133
"235",2020-10-24,68,76.1,0.361,3,2,0.096,7,6.3,0.143
"236",2020-10-25,57,71.1,0.337,2,2.1,0.1,7,6.3,0.143
"237",2020-10-26,31,59.3,0.281,5,2.4,0.115,14,7.6,0.172
"238",2020-10-27,28,52.9,0.251,3,2.7,0.129,9,7.9,0.179
"239",2020-10-28,36,50.3,0.239,1,2.6,0.124,4,7.7,0.174
"240",2020-10-29,41,48.9,0.232,3,2.6,0.124,7,8.1,0.183
"241",2020-10-30,87,49.7,0.236,3,2.9,0.139,4,7.4,0.167
"242",2020-10-31,55,47.9,0.227,5,3.1,0.148,3,6.9,0.156
"243",2020-11-01,81,51.3,0.243,2,3.1,0.148,5,6.6,0.149
"244",2020-11-02,66,56.3,0.267,1,2.6,0.124,6,5.4,0.122
"245",2020-11-03,50,59.4,0.282,2,2.4,0.115,6,5,0.113
"246",2020-11-04,92,67.4,0.32,4,2.9,0.139,9,5.7,0.129
"247",2020-11-05,59,70,0.332,1,2.6,0.124,2,5,0.113
"248",2020-11-06,72,67.9,0.322,3,2.6,0.124,5,5.1,0.115
"249",2020-11-07,66,69.4,0.329,0,1.9,0.091,4,5.3,0.12
"250",2020-11-08,61,66.6,0.316,1,1.7,0.081,7,5.6,0.127
"251",2020-11-09,107,72.4,0.343,2,1.9,0.091,7,5.7,0.129
"252",2020-11-10,63,74.3,0.352,2,1.9,0.091,10,6.3,0.143
"253",2020-11-11,43,67.3,0.319,3,1.7,0.081,6,5.9,0.133
"254",2020-11-12,51,66.1,0.313,5,2.3,0.11,15,7.7,0.174
"255",2020-11-13,55,63.7,0.302,4,2.4,0.115,14,9,0.204
"256",2020-11-14,84,66.3,0.314,7,3.4,0.163,11,10,0.226
"257",2020-11-15,139,77.4,0.367,2,3.6,0.172,6,9.9,0.224
"258",2020-11-16,131,80.9,0.384,3,3.7,0.177,7,9.9,0.224
"259",2020-11-17,125,89.7,0.425,4,4,0.191,8,9.6,0.217
"260",2020-11-18,109,99.1,0.47,3,4,0.191,12,10.4,0.235
"261",2020-11-19,93,105.1,0.498,2,3.6,0.172,10,9.7,0.219
"262",2020-11-20,177,122.6,0.581,2,3.3,0.158,12,9.4,0.213
"263",2020-11-21,139,130.4,0.618,3,2.7,0.129,6,8.7,0.197
"264",2020-11-22,178,136,0.645,4,3,0.144,11,9.4,0.213
"265",2020-11-23,158,139.9,0.663,10,4,0.191,12,10.1,0.229
"266",2020-11-24,140,142,0.673,4,4,0.191,14,11,0.249
"267",2020-11-25,122,143.9,0.682,4,4.1,0.196,10,10.7,0.242
"268",2020-11-26,128,148.9,0.706,5,4.6,0.22,13,11.1,0.251
"269",2020-11-27,164,147,0.697,8,5.4,0.258,20,12.3,0.278
"270",2020-11-28,165,150.7,0.715,2,5.3,0.254,15,13.6,0.308
"271",2020-11-29,172,149.9,0.711,3,5.1,0.244,10,13.4,0.303
"272",2020-11-30,191,154.6,0.733,7,4.7,0.225,24,15.1,0.342
"273",2020-12-01,265,172.4,0.817,7,5.1,0.244,16,15.4,0.348
"274",2020-12-02,144,175.6,0.833,7,5.6,0.268,21,17,0.385
"275",2020-12-03,192,184.7,0.876,5,5.6,0.268,12,16.9,0.382
"276",2020-12-04,178,186.7,0.885,3,4.9,0.234,15,16.1,0.364
"277",2020-12-05,251,199,0.944,3,5,0.239,22,17.1,0.387
"278",2020-12-06,248,209.9,0.995,5,5.3,0.254,16,18,0.407
"279",2020-12-07,163,205.9,0.976,7,5.3,0.254,16,16.9,0.382
"280",2020-12-08,170,192.3,0.912,7,5.3,0.254,25,18.1,0.41
"281",2020-12-09,203,200.7,0.952,11,5.9,0.282,15,17.3,0.391
"282",2020-12-10,202,202.1,0.958,7,6.1,0.292,23,18.9,0.428
"283",2020-12-11,204,205.9,0.976,10,7.1,0.34,19,19.4,0.439
"284",2020-12-12,249,205.6,0.975,8,7.9,0.378,22,19.4,0.439
"285",2020-12-13,263,207.7,0.985,16,9.4,0.45,23,20.4,0.462
"286",2020-12-14,156,206.7,0.98,9,9.7,0.464,21,21.1,0.477
"287",2020-12-15,139,202.3,0.959,6,9.6,0.459,28,21.6,0.489
"288",2020-12-16,153,195.1,0.925,10,9.4,0.45,26,23.1,0.523
"289",2020-12-17,229,199,0.944,14,10.4,0.498,32,24.4,0.552
"290",2020-12-18,245,204.9,0.972,5,9.7,0.464,22,24.9,0.563
"291",2020-12-19,242,203.9,0.967,11,10.1,0.483,33,26.4,0.597
"292",2020-12-20,255,202.7,0.961,12,9.6,0.459,28,27.1,0.613
"293",2020-12-21,171,204.9,0.972,14,10.3,0.493,35,29.1,0.658
"294",2020-12-22,174,209.9,0.995,18,12,0.574,27,29,0.656
"295",2020-12-23,216,218.9,1.038,18,13.1,0.627,31,29.7,0.672
"296",2020-12-24,180,211.9,1.005,13,13,0.622,21,28.1,0.636
"297",2020-12-25,187,203.6,0.965,19,15,0.718,21,28,0.633
"298",2020-12-26,234,202.4,0.96,17,15.9,0.761,31,27.7,0.627
"299",2020-12-27,169,190.1,0.901,17,16.6,0.794,28,27.7,0.627
"300",2020-12-28,174,190.6,0.904,14,16.6,0.794,30,27,0.611
"301",2020-12-29,120,182.9,0.867,13,15.9,0.761,31,27.6,0.624
"302",2020-12-30,185,178.4,0.846,15,15.4,0.737,28,27.1,0.613
"303",2020-12-31,151,174.3,0.826,18,16.1,0.77,34,29,0.656
"304",2021-01-01,265,185.4,0.879,11,15,0.718,26,29.7,0.672
"305",2021-01-02,176,177.1,0.84,20,15.4,0.737,16,27.6,0.624
"306",2021-01-03,194,180.7,0.857,15,15.1,0.722,22,26.7,0.604
"307",2021-01-04,155,178,0.844,19,15.9,0.761,41,28.3,0.64
"308",2021-01-05,147,181.9,0.862,17,16.4,0.785,26,27.6,0.624
"309",2021-01-06,151,177,0.839,15,16.4,0.785,16,25.9,0.586
"310",2021-01-07,122,172.9,0.82,9,15.1,0.722,32,25.6,0.579
"311",2021-01-08,120,152.1,0.721,12,15.3,0.732,21,24.9,0.563
"312",2021-01-09,157,149.4,0.708,8,13.6,0.651,25,26.1,0.59
"313",2021-01-10,177,147,0.697,16,13.7,0.656,21,26,0.588
"314",2021-01-11,133,143.9,0.682,12,12.7,0.608,21,23.1,0.523
"315",2021-01-12,91,135.9,0.644,18,12.9,0.617,21,22.4,0.507
"316",2021-01-13,113,130.4,0.618,9,12,0.574,16,22.4,0.507
"317",2021-01-14,156,135.3,0.642,10,12.1,0.579,21,20.9,0.473
"318",2021-01-15,133,137.1,0.65,13,12.3,0.589,31,22.3,0.505
"319",2021-01-16,98,128.7,0.61,14,13.1,0.627,17,21.1,0.477
"320",2021-01-17,100,117.7,0.558,28,14.9,0.713,15,20.3,0.459
"321",2021-01-18,113,114.9,0.545,16,15.4,0.737,29,21.4,0.484
"322",2021-01-19,85,114,0.541,13,14.7,0.703,28,22.4,0.507
"323",2021-01-20,145,118.6,0.562,11,15,0.718,18,22.7,0.514
"324",2021-01-21,76,107.1,0.508,7,14.6,0.699,17,22.1,0.5
"325",2021-01-22,77,99.1,0.47,11,14.3,0.684,12,19.4,0.439
"326",2021-01-23,52,92.6,0.439,6,13.1,0.627,18,19.6,0.443
"327",2021-01-24,59,86.7,0.411,10,10.6,0.507,5,18.1,0.41
"328",2021-01-25,74,81.1,0.385,8,9.4,0.45,16,16.3,0.369
"329",2021-01-26,73,79.4,0.376,6,8.4,0.402,12,14,0.317
"330",2021-01-27,53,66.3,0.314,11,8.4,0.402,20,14.3,0.324
"331",2021-01-28,44,61.7,0.293,8,8.6,0.411,14,13.9,0.314
"332",2021-01-29,65,60,0.284,7,8,0.383,12,13.9,0.314
"333",2021-01-30,61,61.3,0.291,10,8.6,0.411,4,11.9,0.269
"334",2021-01-31,69,62.7,0.297,5,7.9,0.378,7,12.1,0.274
"335",2021-02-01,85,64.3,0.305,12,8.4,0.402,11,11.4,0.258
"336",2021-02-02,53,61.4,0.291,11,9.1,0.435,14,11.7,0.265
"337",2021-02-03,41,59.7,0.283,13,9.4,0.45,10,10.3,0.233
"338",2021-02-04,44,59.7,0.283,12,10,0.478,13,10.1,0.229
"339",2021-02-05,51,57.7,0.274,2,9.3,0.445,6,9.3,0.21
"340",2021-02-06,53,56.6,0.268,7,8.9,0.426,7,9.7,0.219
"341",2021-02-07,58,55,0.261,6,9,0.431,7,9.7,0.219
"342",2021-02-08,55,50.7,0.24,8,8.4,0.402,6,9,0.204
"343",2021-02-09,37,48.4,0.229,5,7.6,0.364,8,8.1,0.183
"344",2021-02-10,43,48.7,0.231,5,6.4,0.306,7,7.7,0.174
"345",2021-02-11,26,46.1,0.219,3,5.1,0.244,2,6.1,0.138
"346",2021-02-12,26,42.6,0.202,7,5.9,0.282,6,6.1,0.138
"347",2021-02-13,30,39.3,0.186,2,5.1,0.244,4,5.7,0.129
"348",2021-02-14,32,35.6,0.169,5,5,0.239,4,5.3,0.12
"349",2021-02-15,19,30.4,0.144,1,4,0.191,9,5.7,0.129
"350",2021-02-16,21,28.1,0.133,4,3.9,0.187,2,4.9,0.111
"351",2021-02-17,29,26.1,0.124,5,3.9,0.187,0,3.9,0.088
"352",2021-02-18,29,26.6,0.126,3,3.9,0.187,4,4.1,0.093
"353",2021-02-19,33,27.6,0.131,1,3,0.144,2,3.6,0.081
"354",2021-02-20,31,27.7,0.131,3,3.1,0.148,1,3.1,0.07
"355",2021-02-21,21,26.1,0.124,6,3.3,0.158,3,3,0.068
"356",2021-02-22,21,26.4,0.125,3,3.6,0.172,4,2.3,0.052
"357",2021-02-23,14,25.4,0.12,1,3.1,0.148,1,2.1,0.048
"358",2021-02-24,16,23.6,0.112,0,2.4,0.115,4,2.7,0.061
"359",2021-02-25,19,22.1,0.105,2,2.3,0.11,0,2.1,0.048
"360",2021-02-26,30,21.7,0.103,4,2.7,0.129,1,2,0.045
"361",2021-02-27,14,19.3,0.092,4,2.9,0.139,1,2,0.045
"362",2021-02-28,39,21.9,0.104,4,2.6,0.124,1,1.7,0.038
"363",2021-03-01,43,25,0.119,5,2.9,0.139,3,1.6,0.036
"364",2021-03-02,29,27.1,0.128,1,2.9,0.139,2,1.7,0.038
"365",2021-03-03,25,28.4,0.135,0,2.9,0.139,0,1.1,0.025
"366",2021-03-04,20,28.6,0.136,1,2.7,0.129,1,1.3,0.029
"367",2021-03-05,44,30.6,0.145,1,2.3,0.11,0,1.1,0.025
"368",2021-03-06,28,32.6,0.155,NA,NA,NA,1,1.1,0.025
"369",2021-03-07,29,31.1,0.147,0,1.7,0.081,4,1.6,0.036
"370",2021-03-08,44,31.3,0.148,2,1.4,0.067,2,1.4,0.032
"371",2021-03-09,43,33.3,0.158,2,1,0.048,4,1.7,0.038
"372",2021-03-10,39,35.3,0.167,0,0.9,0.043,1,1.9,0.043
"373",2021-03-11,41,38.3,0.182,2,1.1,0.053,3,2.1,0.048
"374",2021-03-12,29,36.1,0.171,1,1.1,0.053,1,2.3,0.052
"375",2021-03-13,32,36.7,0.174,1,1.1,0.053,3,2.6,0.059
"376",2021-03-14,35,37.6,0.178,2,1.4,0.067,4,2.6,0.059
"377",2021-03-15,37,36.6,0.174,0,1.1,0.053,3,2.7,0.061
"378",2021-03-16,37,35.7,0.169,0,0.9,0.043,4,2.7,0.061
"379",2021-03-17,36,35.3,0.167,0,0.9,0.043,5,3.3,0.075
"380",2021-03-18,38,34.9,0.165,0,0.6,0.029,1,3,0.068
"381",2021-03-19,36,35.9,0.17,1,0.6,0.029,5,3.6,0.081
"382",2021-03-20,50,38.4,0.182,0,0.4,0.019,1,3.3,0.075
"383",2021-03-21,28,37.4,0.177,NA,NA,NA,1,2.9,0.066
"384",2021-03-22,39,37.7,0.179,2,0.4,0.019,3,2.9,0.066
"385",2021-03-23,25,36,0.171,2,0.7,0.033,1,2.4,0.054
"386",2021-03-24,30,35.1,0.166,2,1,0.048,4,2.3,0.052
"387",2021-03-25,42,35.7,0.169,NA,NA,NA,1,2.3,0.052
"388",2021-03-26,37,35.9,0.17,0,1,0.048,4,2.1,0.048
"389",2021-03-27,29,32.9,0.156,1,1.1,0.053,2,2.3,0.052
"390",2021-03-28,49,35.9,0.17,2,1.3,0.062,1,2.3,0.052
"391",2021-03-29,27,34.1,0.162,1,1.4,0.067,4,2.4,0.054
"392",2021-03-30,29,34.7,0.165,2,1.4,0.067,2,2.6,0.059
"393",2021-03-31,24,33.9,0.161,1,1.3,0.062,4,2.6,0.059
"394",2021-04-01,39,33.4,0.158,4,1.6,0.077,4,3,0.068
"395",2021-04-02,34,33,0.156,2,1.9,0.091,1,2.6,0.059
"396",2021-04-03,40,34.6,0.164,1,1.9,0.091,2,2.6,0.059
"397",2021-04-04,36,32.7,0.155,1,1.7,0.081,4,3,0.068
"398",2021-04-05,48,35.7,0.169,3,2,0.096,8,3.6,0.081
"399",2021-04-06,46,38.1,0.181,0,1.7,0.081,2,3.6,0.081
"400",2021-04-07,21,37.7,0.179,0,1.6,0.077,2,3.3,0.075
"401",2021-04-08,41,38,0.18,1,1.1,0.053,3,3.1,0.07
"402",2021-04-09,39,38.7,0.183,0,0.9,0.043,9,4.3,0.097
"403",2021-04-10,33,37.7,0.179,1,0.9,0.043,2,4.3,0.097
"404",2021-04-11,45,39,0.185,1,0.9,0.043,2,4,0.09
"405",2021-04-12,37,37.4,0.177,0,0.4,0.019,0,2.9,0.066
"406",2021-04-13,17,33.3,0.158,1,0.6,0.029,5,3.3,0.075
"407",2021-04-14,27,34.1,0.162,4,1.1,0.053,2,3.3,0.075
"408",2021-04-15,26,32,0.152,NA,NA,NA,4,3.4,0.077
"409",2021-04-16,33,31.1,0.147,1,1.1,0.053,4,2.7,0.061
"410",2021-04-17,30,30.7,0.146,0,1.1,0.053,4,3,0.068
"411",2021-04-18,51,31.6,0.15,1,1.1,0.053,2,3,0.068
"412",2021-04-19,51,33.6,0.159,1,1.1,0.053,9,4.3,0.097
"413",2021-04-20,38,36.6,0.174,6,2,0.096,4,4.1,0.093
"414",2021-04-21,22,35.9,0.17,4,2.4,0.115,1,4,0.09
"415",2021-04-22,31,36.6,0.174,1,2,0.096,5,4.1,0.093
"416",2021-04-23,33,36.6,0.174,1,2,0.096,3,4,0.09
"417",2021-04-24,29,36.4,0.173,0,2,0.096,1,3.6,0.081
"418",2021-04-25,43,35.3,0.167,2,2.1,0.1,3,3.7,0.084
"419",2021-04-26,26,31.7,0.15,0,2,0.096,3,2.9,0.066
"420",2021-04-27,25,29.9,0.142,3,1.6,0.077,1,2.4,0.054
"421",2021-04-28,17,29.1,0.138,2,1.3,0.062,0,2.3,0.052
"422",2021-04-29,27,28.6,0.136,0,1.1,0.053,1,1.7,0.038
"423",2021-04-30,30,28.1,0.133,1,1.1,0.053,1,1.4,0.032
"424",2021-05-01,33,28.7,0.136,1,1.3,0.062,2,1.6,0.036
"425",2021-05-02,27,26.4,0.125,1,1.1,0.053,3,1.6,0.036
"426",2021-05-03,32,27.3,0.129,1,1.3,0.062,2,1.4,0.032
"427",2021-05-04,16,26,0.123,3,1.3,0.062,2,1.6,0.036
"428",2021-05-05,23,26.9,0.128,2,1.3,0.062,0,1.6,0.036
"429",2021-05-06,30,27.3,0.129,2,1.6,0.077,1,1.6,0.036
"430",2021-05-07,38,28.4,0.135,NA,NA,NA,3,1.9,0.043
"431",2021-05-08,26,27.4,0.13,NA,NA,NA,2,1.9,0.043
"432",2021-05-09,20,26.4,0.125,0,1.4,0.067,2,1.7,0.038
"433",2021-05-10,32,26.4,0.125,0,1.3,0.062,3,1.9,0.043
"434",2021-05-11,33,28.9,0.137,0,1.1,0.053,2,1.9,0.043
"435",2021-05-12,26,29.3,0.139,NA,NA,NA,3,2.3,0.052
"436",2021-05-13,33,29.7,0.141,1,1.1,0.053,3,2.6,0.059
"437",2021-05-14,25,27.9,0.132,NA,NA,NA,0,2.1,0.048
"438",2021-05-15,23,27.4,0.13,2,1,0.048,3,2.3,0.052
"439",2021-05-16,24,28,0.133,NA,NA,NA,1,2.1,0.048
"440",2021-05-17,20,26.3,0.125,1,0.9,0.043,4,2.3,0.052
"441",2021-05-18,21,24.6,0.117,NA,NA,NA,5,2.7,0.061
"442",2021-05-19,34,25.7,0.122,1,0.7,0.033,2,2.6,0.059
"443",2021-05-20,33,25.7,0.122,2,1,0.048,1,2.3,0.052
"444",2021-05-21,27,26,0.123,NA,NA,NA,2,2.6,0.059
"445",2021-05-22,20,25.6,0.121,NA,NA,NA,0,2.1,0.048
"446",2021-05-23,40,27.9,0.132,NA,NA,NA,3,2.4,0.054
"447",2021-05-24,32,29.6,0.14,1,1.1,0.053,6,2.7,0.061
"448",2021-05-25,25,30.1,0.143,2,1.4,0.067,0,2,0.045
"449",2021-05-26,25,28.9,0.137,0,1.3,0.062,5,2.4,0.054
"450",2021-05-27,18,26.7,0.127,0,1,0.048,2,2.6,0.059
"451",2021-05-28,20,25.7,0.122,1,1,0.048,4,2.9,0.066
"452",2021-05-29,26,26.6,0.126,1,1,0.048,1,3,0.068
"453",2021-05-30,26,24.6,0.117,2,1,0.048,2,2.9,0.066
"454",2021-05-31,31,24.4,0.116,1,1,0.048,4,2.6,0.059
"455",2021-06-01,54,28.6,0.136,1,0.9,0.043,3,3,0.068
"456",2021-06-02,27,28.9,0.137,3,1.3,0.062,1,2.4,0.054
"457",2021-06-03,53,33.9,0.161,1,1.4,0.067,3,2.6,0.059
"458",2021-06-04,53,38.6,0.183,0,1.3,0.062,3,2.4,0.054
"459",2021-06-05,51,42.1,0.2,2,1.4,0.067,3,2.7,0.061
"460",2021-06-06,63,47.4,0.225,1,1.3,0.062,3,2.9,0.066
"461",2021-06-07,46,49.6,0.235,1,1.3,0.062,1,2.4,0.054
"462",2021-06-08,35,46.9,0.222,2,1.4,0.067,8,3.1,0.07
"463",2021-06-09,68,52.7,0.25,NA,NA,NA,9,4.3,0.097
"464",2021-06-10,75,55.9,0.265,2,1.3,0.062,7,4.9,0.111
"465",2021-06-11,63,57.3,0.272,2,1.4,0.067,3,4.9,0.111
"466",2021-06-12,72,60.3,0.286,1,1.6,0.077,8,5.6,0.127
"467",2021-06-13,75,62,0.294,1,1.4,0.067,2,5.4,0.122
"468",2021-06-14,80,66.9,0.317,1,1.4,0.067,13,7.1,0.161
"469",2021-06-15,58,70.1,0.332,4,1.9,0.091,4,6.6,0.149
"470",2021-06-16,50,67.6,0.321,2,1.9,0.091,8,6.4,0.145
"471",2021-06-17,69,66.7,0.316,NA,NA,NA,2,5.7,0.129
"472",2021-06-18,85,69.9,0.331,1,1.7,0.081,9,6.6,0.149
"473",2021-06-19,86,71.9,0.341,3,1.9,0.091,1,5.6,0.127
"474",2021-06-20,113,77.3,0.367,2,2,0.096,11,6.9,0.156
"475",2021-06-21,103,80.6,0.382,NA,NA,NA,6,5.9,0.133
"476",2021-06-22,66,81.7,0.387,2,2.1,0.1,8,6.4,0.145
"477",2021-06-23,54,82.3,0.39,3,2.4,0.115,7,6.3,0.143
"478",2021-06-24,110,88.1,0.418,2,2.1,0.1,9,7.3,0.165
"479",2021-06-25,103,90.7,0.43,4,2.4,0.115,8,7.1,0.161
"480",2021-06-26,108,93.9,0.445,2,2.6,0.124,4,7.6,0.172
"481",2021-06-27,88,90.3,0.428,NA,NA,NA,4,6.6,0.149
"482",2021-06-28,83,87.4,0.414,1,2.3,0.11,5,6.4,0.145
"483",2021-06-29,59,86.4,0.41,2,2.3,0.11,15,7.4,0.167
"484",2021-06-30,75,89.4,0.424,4,2.6,0.124,4,7,0.158
"485",2021-07-01,91,86.7,0.411,3,2.6,0.124,9,7,0.158
"486",2021-07-02,62,80.9,0.384,4,2.9,0.139,5,6.6,0.149
"487",2021-07-03,93,78.7,0.373,0,2.3,0.11,7,7,0.158
"488",2021-07-04,75,76.9,0.365,1,2.1,0.1,5,7.1,0.161
"489",2021-07-05,117,81.7,0.387,2,2.3,0.11,8,7.6,0.172
"490",2021-07-06,71,83.4,0.395,3,2.4,0.115,11,7,0.158
"491",2021-07-07,92,85.9,0.407,NA,NA,NA,12,8.1,0.183
"492",2021-07-08,75,83.6,0.396,1,2,0.096,11,8.4,0.19
"493",2021-07-09,139,94.6,0.449,2,1.9,0.091,5,8.4,0.19
"494",2021-07-10,120,98.4,0.467,3,1.7,0.081,2,7.7,0.174
"495",2021-07-11,123,105.3,0.499,NA,NA,NA,6,7.9,0.179
"496",2021-07-12,112,104.6,0.496,5,2.4,0.115,5,7.4,0.167
"497",2021-07-13,84,106.4,0.505,1,2.4,0.115,9,7.1,0.161
"498",2021-07-14,81,104.9,0.497,1,2.3,0.11,11,7,0.158
"499",2021-07-15,115,110.6,0.524,0,1.9,0.091,11,7,0.158
"500",2021-07-16,144,111.3,0.528,1,1.9,0.091,8,7.4,0.167
"501",2021-07-17,156,116.4,0.552,NA,NA,NA,3,7.6,0.172
"502",2021-07-18,112,114.9,0.545,4,2.1,0.1,4,7.3,0.165
"503",2021-07-19,117,115.6,0.548,3,2.1,0.1,12,8.3,0.188
"504",2021-07-20,104,118.4,0.561,4,2,0.096,8,8.1,0.183
"505",2021-07-21,92,120,0.569,3,2.3,0.11,9,7.9,0.179
"506",2021-07-22,150,125,0.593,0,2.1,0.1,4,6.9,0.156
"507",2021-07-23,147,125.4,0.595,3,2.6,0.124,11,7.3,0.165
"508",2021-07-24,170,127.4,0.604,2,2.7,0.129,10,8.3,0.188
"509",2021-07-25,135,130.7,0.62,3,2.6,0.124,8,8.9,0.201
"510",2021-07-26,119,131,0.621,3,2.6,0.124,13,9,0.204
"511",2021-07-27,103,130.9,0.621,5,2.7,0.129,14,9.9,0.224
"512",2021-07-28,133,136.7,0.648,4,2.9,0.139,15,10.7,0.242
"513",2021-07-29,175,140.3,0.665,5,3.6,0.172,15,12.3,0.278
"514",2021-07-30,120,136.4,0.647,5,3.9,0.187,7,11.7,0.265
"515",2021-07-31,154,134.1,0.636,4,4.1,0.196,16,12.6,0.285
"516",2021-08-01,145,135.6,0.643,4,4.3,0.206,14,13.4,0.303
"517",2021-08-02,135,137.9,0.654,10,5.3,0.254,12,13.3,0.301
"518",2021-08-03,87,135.6,0.643,0,4.6,0.22,14,13.3,0.301
"519",2021-08-04,129,135,0.64,8,5.1,0.244,10,12.6,0.285
"520",2021-08-05,158,132.6,0.629,4,5,0.239,13,12.3,0.278
"521",2021-08-06,158,138,0.654,1,4.4,0.211,15,13.4,0.303
"522",2021-08-07,144,136.6,0.648,1,4,0.191,6,12,0.271
"523",2021-08-08,155,138,0.654,3,3.9,0.187,13,11.9,0.269
"524",2021-08-09,149,140,0.664,9,3.7,0.177,9,11.4,0.258
"525",2021-08-10,118,144.4,0.685,7,4.7,0.225,14,11.4,0.258
"526",2021-08-11,121,143.3,0.679,4,4.1,0.196,16,12.3,0.278
"527",2021-08-12,126,138.7,0.658,1,3.7,0.177,17,12.9,0.292
"528",2021-08-13,146,137,0.65,3,4,0.191,13,12.6,0.285
"529",2021-08-14,158,139,0.659,5,4.6,0.22,13,13.6,0.308
"530",2021-08-15,125,134.7,0.639,1,4.3,0.206,8,12.9,0.292
"531",2021-08-16,88,126,0.597,7,4,0.191,12,13.3,0.301
"532",2021-08-17,110,124.9,0.592,4,3.6,0.172,11,12.9,0.292
"533",2021-08-18,144,128.1,0.607,3,3.4,0.163,11,12.1,0.274
"534",2021-08-19,136,129.6,0.615,5,4,0.191,11,11.3,0.256
"535",2021-08-20,143,129.1,0.612,4,4.1,0.196,11,11,0.249
"536",2021-08-21,151,128.1,0.607,4,4,0.191,8,10.3,0.233
"537",2021-08-22,101,124.7,0.591,3,4.3,0.206,9,10.4,0.235
"538",2021-08-23,96,125.9,0.597,7,4.3,0.206,10,10.1,0.229
"539",2021-08-24,79,121.4,0.576,4,4.3,0.206,8,9.7,0.219
"540",2021-08-25,94,114.3,0.542,5,4.6,0.22,11,9.7,0.219
"541",2021-08-26,95,108.4,0.514,4,4.4,0.211,13,10,0.226
"542",2021-08-27,115,104.4,0.495,3,4.3,0.206,5,9.1,0.206
"543",2021-08-28,117,99.6,0.472,5,4.4,0.211,7,9,0.204
"544",2021-08-29,102,99.7,0.473,5,4.7,0.225,5,8.4,0.19
"545",2021-08-30,80,97.4,0.462,7,4.7,0.225,13,8.9,0.201
"546",2021-08-31,63,95.1,0.451,4,4.7,0.225,9,9,0.204
"547",2021-09-01,78,92.9,0.44,8,5.1,0.244,6,8.3,0.188
"548",2021-09-02,81,90.9,0.431,5,5.3,0.254,9,7.7,0.174
"549",2021-09-03,61,83.1,0.394,7,5.9,0.282,10,8.4,0.19
"550",2021-09-04,79,77.7,0.368,1,5.3,0.254,9,8.7,0.197
"551",2021-09-05,105,78.1,0.37,1,4.7,0.225,7,9,0.204
"552",2021-09-06,75,77.4,0.367,2,4,0.191,5,7.9,0.179
"553",2021-09-07,46,75,0.356,7,4.4,0.211,10,8,0.181
"554",2021-09-08,81,75.4,0.358,4,3.9,0.187,10,8.6,0.195
"555",2021-09-09,74,74.4,0.353,4,3.7,0.177,10,8.7,0.197
"556",2021-09-10,99,79.9,0.379,6,3.6,0.172,5,8,0.181
"557",2021-09-11,71,78.7,0.373,3,3.9,0.187,7,7.7,0.174
"558",2021-09-12,55,71.6,0.339,3,4.1,0.196,7,7.7,0.174
"559",2021-09-13,62,69.7,0.33,1,4,0.191,7,8,0.181
"560",2021-09-14,56,71.1,0.337,3,3.4,0.163,7,7.6,0.172
"561",2021-09-15,67,69.1,0.328,3,3.3,0.158,8,7.3,0.165
"562",2021-09-16,72,68.9,0.327,2,3,0.144,4,6.4,0.145
"563",2021-09-17,65,64,0.303,7,3.1,0.148,5,6.4,0.145
"564",2021-09-18,64,63,0.299,2,3,0.144,7,6.4,0.145
"565",2021-09-19,67,64.7,0.307,3,3,0.144,3,5.9,0.133
"566",2021-09-20,61,64.6,0.306,4,3.4,0.163,6,5.7,0.129
"567",2021-09-21,45,63,0.299,7,4,0.191,5,5.4,0.122
"568",2021-09-22,40,59.1,0.28,7,4.6,0.22,7,5.3,0.12
"569",2021-09-23,61,57.6,0.273,2,4.6,0.22,4,5.3,0.12
"570",2021-09-24,68,58,0.275,3,4,0.191,4,5.1,0.115
"571",2021-09-25,47,55.6,0.264,3,4.1,0.196,4,4.7,0.106
"572",2021-09-26,41,51.9,0.246,0,3.7,0.177,2,4.6,0.104
"573",2021-09-27,28,47.1,0.223,8,4.3,0.206,7,4.7,0.106
"574",2021-09-28,22,43.9,0.208,0,3.3,0.158,3,4.4,0.1
"575",2021-09-29,38,43.6,0.207,2,2.6,0.124,5,4.1,0.093
"576",2021-09-30,41,40.7,0.193,3,2.7,0.129,4,4.1,0.093
"577",2021-10-01,35,36,0.171,1,2.4,0.115,8,4.7,0.106
"578",2021-10-02,37,34.6,0.164,2,2.3,0.11,4,4.7,0.106
"579",2021-10-03,42,34.7,0.165,2,2.6,0.124,3,4.9,0.111
"580",2021-10-04,48,37.6,0.178,4,2,0.096,9,5.1,0.115
"581",2021-10-05,38,39.9,0.189,4,2.6,0.124,3,5.1,0.115
"582",2021-10-06,56,42.4,0.201,1,2.4,0.115,3,4.9,0.111
"583",2021-10-07,40,42.3,0.201,3,2.4,0.115,2,4.6,0.104
"584",2021-10-08,32,41.9,0.199,1,2.4,0.115,2,3.7,0.084
"585",2021-10-09,43,42.7,0.202,NA,NA,NA,3,3.6,0.081
"586",2021-10-10,44,43,0.204,2,2.4,0.115,2,3.4,0.077
"587",2021-10-11,42,42.1,0.2,NA,NA,NA,4,2.7,0.061
"588",2021-10-12,24,40.1,0.19,2,2.4,0.115,5,3,0.068
"589",2021-10-13,42,38.1,0.181,1,2,0.096,4,3.1,0.07
"590",2021-10-14,36,37.6,0.178,1,1.6,0.077,2,3.1,0.07
"591",2021-10-15,31,37.4,0.177,1,1.6,0.077,5,3.6,0.081
"592",2021-10-16,42,37.3,0.177,NA,NA,NA,1,3.3,0.075
"593",2021-10-17,44,37.3,0.177,1,1.3,0.062,2,3.3,0.075
"594",2021-10-18,40,37,0.175,NA,NA,NA,3,3.1,0.07
"595",2021-10-19,31,38,0.18,3,1.6,0.077,4,3,0.068
"596",2021-10-20,52,39.4,0.187,2,1.6,0.077,1,2.6,0.059
"597",2021-10-21,31,38.7,0.183,2,1.6,0.077,6,3.1,0.07
"598",2021-10-22,20,37.1,0.176,4,2,0.096,3,2.9,0.066
"599",2021-10-23,42,37.1,0.176,1,2,0.096,4,3.3,0.075
"600",2021-10-24,41,36.7,0.174,0,1.9,0.091,4,3.6,0.081
"601",2021-10-25,34,35.9,0.17,1,1.9,0.091,5,3.9,0.088
"602",2021-10-26,33,36.1,0.171,1,1.6,0.077,7,4.3,0.097
"603",2021-10-27,35,33.7,0.16,NA,NA,NA,2,4.4,0.1
"604",2021-10-28,24,32.7,0.155,0,1.3,0.062,9,4.9,0.111
"605",2021-10-29,27,33.7,0.16,1,1.1,0.053,3,4.9,0.111
"606",2021-10-30,30,32,0.152,1,0.7,0.033,2,4.6,0.104
"607",2021-10-31,47,32.9,0.156,NA,NA,NA,5,4.7,0.106
"608",2021-11-01,46,34.6,0.164,2,0.9,0.043,1,4.1,0.093
"609",2021-11-02,32,34.4,0.163,2,1.1,0.053,3,3.6,0.081
"610",2021-11-03,49,36.4,0.173,1,1.1,0.053,0,3.3,0.075
"611",2021-11-04,51,40.3,0.191,2,1.3,0.062,5,2.7,0.061
"612",2021-11-05,67,46,0.218,0,1.3,0.062,8,3.4,0.077
"613",2021-11-06,84,53.7,0.255,3,1.6,0.077,3,3.6,0.081
"614",2021-11-07,101,61.4,0.291,2,1.7,0.081,3,3.3,0.075
"615",2021-11-08,46,61.4,0.291,0,1.4,0.067,6,4,0.09
"616",2021-11-09,62,65.7,0.312,2,1.4,0.067,7,4.6,0.104
"617",2021-11-10,75,69.4,0.329,4,1.9,0.091,7,5.6,0.127
"618",2021-11-11,45,68.6,0.325,1,1.7,0.081,6,5.7,0.129
"619",2021-11-12,102,73.6,0.349,2,2,0.096,4,5.1,0.115
"620",2021-11-13,113,77.7,0.368,1,1.7,0.081,6,5.6,0.127
"621",2021-11-14,117,80,0.379,0,1.4,0.067,8,6.3,0.143
"622",2021-11-15,92,86.6,0.411,3,1.9,0.091,11,7,0.158
"623",2021-11-16,60,86.3,0.409,1,1.7,0.081,6,6.9,0.156
"624",2021-11-17,101,90,0.427,4,1.7,0.081,18,8.4,0.19
"625",2021-11-18,116,100.1,0.475,2,1.9,0.091,9,8.9,0.201
"626",2021-11-19,69,95.4,0.452,2,1.9,0.091,11,9.9,0.224
"627",2021-11-20,139,99.1,0.47,0,1.7,0.081,6,9.9,0.224
"628",2021-11-21,77,93.4,0.443,7,2.7,0.129,6,9.6,0.217
"629",2021-11-22,91,93.3,0.442,5,3,0.144,15,10.1,0.229
"630",2021-11-23,64,93.9,0.445,5,3.6,0.172,8,10.4,0.235
"631",2021-11-24,96,93.1,0.441,0,3,0.144,16,10.1,0.229
"632",2021-11-25,98,90.6,0.43,7,3.7,0.177,7,9.9,0.224
"633",2021-11-26,98,94.7,0.449,1,3.6,0.172,12,10,0.226
"634",2021-11-27,103,89.6,0.425,1,3.7,0.177,8,10.3,0.233
"635",2021-11-28,98,92.6,0.439,9,4,0.191,13,11.3,0.256
"636",2021-11-29,46,86.1,0.408,4,3.9,0.187,17,11.6,0.262
"637",2021-11-30,88,89.6,0.425,0,3.1,0.148,15,12.6,0.285
"638",2021-12-01,57,84,0.398,3,3.6,0.172,9,11.6,0.262
"639",2021-12-02,65,79.3,0.376,4,3.1,0.148,12,12.3,0.278
"640",2021-12-03,95,78.9,0.374,6,3.9,0.187,12,12.3,0.278
"641",2021-12-04,62,73,0.346,9,5,0.239,13,13,0.294
"642",2021-12-05,78,70.1,0.332,3,4.1,0.196,11,12.7,0.287
"643",2021-12-06,67,73.1,0.347,4,4.1,0.196,16,12.6,0.285
"644",2021-12-07,65,69.9,0.331,9,5.4,0.258,9,11.7,0.265
"645",2021-12-08,57,69.9,0.331,10,6.4,0.306,17,12.9,0.292
"646",2021-12-09,62,69.4,0.329,4,6.4,0.306,13,13,0.294
"647",2021-12-10,83,67.7,0.321,6,6.4,0.306,15,13.4,0.303
"648",2021-12-11,65,68.1,0.323,8,6.3,0.301,6,12.4,0.281
"649",2021-12-12,47,63.7,0.302,9,7.1,0.34,3,11.3,0.256
"650",2021-12-13,61,62.9,0.298,4,7.1,0.34,12,10.7,0.242
"651",2021-12-14,49,60.6,0.287,10,7.3,0.349,15,11.6,0.262
"652",2021-12-15,56,60.4,0.286,5,6.6,0.316,7,10.1,0.229
"653",2021-12-16,29,55.7,0.264,5,6.7,0.321,12,10,0.226
"654",2021-12-17,51,51.1,0.242,3,6.3,0.301,14,9.9,0.224
"655",2021-12-18,39,47.4,0.225,1,5.3,0.254,6,9.9,0.224
"656",2021-12-19,56,48.7,0.231,3,4.4,0.211,5,10.1,0.229
"657",2021-12-20,74,50.6,0.24,4,4.4,0.211,14,10.4,0.235
"658",2021-12-21,24,47,0.223,2,3.3,0.158,10,9.7,0.219
"659",2021-12-22,41,44.9,0.213,8,3.7,0.177,7,9.7,0.219
"660",2021-12-23,50,47.9,0.227,7,4,0.191,10,9.4,0.213
"661",2021-12-24,63,49.6,0.235,3,4,0.191,12,9.1,0.206
"662",2021-12-25,76,54.9,0.26,7,4.9,0.234,8,9.4,0.213
"663",2021-12-26,101,61.3,0.291,7,5.4,0.258,10,10.1,0.229
"664",2021-12-27,140,70.7,0.335,2,5.1,0.244,5,8.9,0.201
"665",2021-12-28,91,80.3,0.381,7,5.9,0.282,15,9.6,0.217
"666",2021-12-29,75,85.1,0.404,5,5.4,0.258,6,9.4,0.213
"667",2021-12-30,147,99,0.469,4,5,0.239,6,8.9,0.201
"668",2021-12-31,227,122.4,0.58,1,4.7,0.225,6,8,0.181
"669",2022-01-01,313,156.3,0.741,3,4.1,0.196,7,7.9,0.179
"670",2022-01-02,308,185.9,0.881,4,3.7,0.177,8,7.6,0.172
"671",2022-01-03,435,228,1.081,5,4.1,0.196,14,8.9,0.201
"672",2022-01-04,369,267.7,1.269,4,3.7,0.177,10,8.1,0.183
"673",2022-01-05,381,311.4,1.477,5,3.7,0.177,9,8.6,0.195
"674",2022-01-06,369,343.1,1.627,2,3.4,0.163,7,8.7,0.197
"675",2022-01-07,433,372.6,1.767,3,3.7,0.177,11,9.4,0.213
"676",2022-01-08,465,394.3,1.87,5,4,0.191,7,9.4,0.213
"677",2022-01-09,517,424.1,2.011,3,3.9,0.187,10,9.7,0.219
"678",2022-01-10,602,448,2.124,1,3.3,0.158,7,8.7,0.197
"679",2022-01-11,407,453.4,2.15,2,3,0.144,16,9.6,0.217
"680",2022-01-12,365,451.1,2.139,1,2.4,0.115,17,10.7,0.242
"681",2022-01-13,327,445.1,2.11,4,2.7,0.129,9,11,0.249
"682",2022-01-14,322,429.3,2.036,NA,NA,NA,9,10.7,0.242
"683",2022-01-15,439,425.6,2.018,3,2.7,0.129,10,11.1,0.251
"684",2022-01-16,417,411.3,1.95,6,2.9,0.139,8,10.9,0.247
"685",2022-01-17,556,404.7,1.919,4,3,0.144,13,11.7,0.265
"686",2022-01-18,377,400.4,1.899,2,3.1,0.148,19,12.1,0.274
"687",2022-01-19,263,385.9,1.83,2,3.1,0.148,18,12.3,0.278
"688",2022-01-20,400,396.3,1.879,4,3.6,0.172,14,13,0.294
"689",2022-01-21,351,400.4,1.899,4,3.6,0.172,21,14.7,0.333
"690",2022-01-22,462,403.7,1.914,4,3.7,0.177,7,14.3,0.324
"691",2022-01-23,372,397.3,1.884,4,3.4,0.163,12,14.9,0.337
"692",2022-01-24,392,373.9,1.773,2,3.1,0.148,19,15.7,0.355
"693",2022-01-25,337,368.1,1.745,8,4,0.191,25,16.6,0.376
"694",2022-01-26,297,373,1.769,8,4.9,0.234,20,16.9,0.382
"695",2022-01-27,301,358.9,1.702,8,5.4,0.258,19,17.6,0.398
"696",2022-01-28,269,347.1,1.646,5,5.6,0.268,20,17.4,0.394
"697",2022-01-29,292,322.9,1.531,2,5.3,0.254,14,18.4,0.416
"698",2022-01-30,255,306.1,1.451,7,5.7,0.273,9,18,0.407
"699",2022-01-31,272,289,1.37,3,5.9,0.282,18,17.9,0.405
"700",2022-02-01,254,277.1,1.314,5,5.4,0.258,21,17.3,0.391
"701",2022-02-02,148,255.9,1.213,14,6.3,0.301,20,17.3,0.391
"702",2022-02-03,116,229.4,1.088,6,6,0.287,13,16.4,0.371
"703",2022-02-04,126,209,0.991,5,6,0.287,12,15.3,0.346
"704",2022-02-05,153,189.1,0.897,7,6.7,0.321,9,14.6,0.33
"705",2022-02-06,121,170,0.806,7,6.7,0.321,7,14.3,0.324
"706",2022-02-07,128,149.4,0.708,10,7.7,0.368,8,12.9,0.292
"707",2022-02-08,126,131.1,0.622,5,7.7,0.368,22,13,0.294
"708",2022-02-09,110,125.7,0.596,4,6.3,0.301,13,12,0.271
"709",2022-02-10,98,123.1,0.584,7,6.4,0.306,6,11,0.249
"710",2022-02-11,69,115,0.545,4,6.3,0.301,13,11.1,0.251
"711",2022-02-12,92,106.3,0.504,6,6.1,0.292,6,10.7,0.242
"712",2022-02-13,106,104.1,0.494,1,5.3,0.254,6,10.6,0.24
"713",2022-02-14,82,97.6,0.463,7,4.9,0.234,19,12.1,0.274
"714",2022-02-15,68,89.3,0.423,5,4.9,0.234,10,10.4,0.235
"715",2022-02-16,64,82.7,0.392,3,4.7,0.225,9,9.9,0.224
"716",2022-02-17,47,75.4,0.358,4,4.3,0.206,3,9.4,0.213
"717",2022-02-18,52,73,0.346,2,4,0.191,5,8.3,0.188
"718",2022-02-19,45,66.3,0.314,4,3.7,0.177,1,7.6,0.172
"719",2022-02-20,45,57.6,0.273,3,4,0.191,2,7,0.158
"720",2022-02-21,39,51.4,0.244,5,3.7,0.177,5,5,0.113
"721",2022-02-22,27,45.6,0.216,3,3.4,0.163,5,4.3,0.097
"722",2022-02-23,28,40.4,0.192,1,3.1,0.148,2,3.3,0.075
"723",2022-02-24,36,38.9,0.184,3,3,0.144,2,3.1,0.07
"724",2022-02-25,32,36,0.171,2,3,0.144,8,3.6,0.081
"725",2022-02-26,38,35,0.166,NA,NA,NA,3,3.9,0.088
"726",2022-02-27,25,32.1,0.152,1,2.6,0.124,3,4,0.09
"727",2022-02-28,18,29.1,0.138,3,2.6,0.124,2,3.6,0.081
"728",2022-03-01,19,28,0.133,NA,NA,NA,3,3.3,0.075
"729",2022-03-02,24,27.4,0.13,2,2.1,0.1,4,3.6,0.081
"730",2022-03-03,11,23.9,0.113,1,1.9,0.091,2,3.6,0.081
"731",2022-03-04,11,20.9,0.099,4,2.3,0.11,3,2.9,0.066
"732",2022-03-05,9,16.7,0.079,1,2,0.096,2,2.7,0.061
"733",2022-03-06,5,13.9,0.066,2,2,0.096,0,2.3,0.052
"734",2022-03-07,1,11.4,0.054,1,2,0.096,1,2.1,0.048
"735",2022-03-08,0,8.7,0.041,1,1.7,0.081,0,1.7,0.038
