"","Fecha","Analizados","Pruebas","Confirmados_lab","Descartados_lab","Sospechosos","Confirmados","C_M","C_H","Decesos","D_M","D_H","Ambulatorios","Hospitalizados","Graves","Criticos","UCI","Recuperados","Activos","Hospitalizados.Activos","Ambulatorios.Activos","Decesos.Activos","C_IMSS","D_IMSS","C_SSA","D_SSA","C_Estatal","D_Estatal","C_Municipal","D_Municipal","C_ISSSTE","D_ISSSTE","C_Privada","D_Privada","C_SEDENA","D_SEDENA","C_SEMAR","D_SEMAR","C_PEMEX","D_PEMEX","C_0_14","D_0_14","C_15_29","D_15_29","C_30_59","D_30_59","C_60_mas","D_60_mas","Positividad.acum","diasemana","Analizados.semana","Casos.semana","Confirmados.semana","hospitalizados.semana","Decesos.semana","Pruebas.semana","Sospechosos.semana","Recuperados.semana","Positividad.semanal","ISSSTESON","pctj_menores","MUNICIPIO.x","casos.hmo","MUNICIPIO.y","decesos.hmo","casos.resto","decesos.resto","POB","mortalidad","incidencia","inciact"
"1",2020-04-18,835,673,113,560,162,113,55,58,11,9,2,70,43,224,52,3,57,45,13,32,0,26,4,80,0,4,1,0,0,2,0,1,0,0,0,0,0,0,0,0,0,0,0,0,0,0,0,16.8,"sábado",0,0,0,-70,0,0,0,0,NA,0,NA,"Hermosillo",33,"Hermosillo",1,-33,-1,2944840,0,0,1.5
"2",2020-04-25,1081,998,150,848,83,150,75,75,20,15,5,97,53,289,64,5,103,29,5,22,2,47,8,93,0,5,2,0,0,4,0,1,0,0,0,0,0,0,0,-1,0,1,0,29,3,8,6,15,"sábado",246,37,37,10,9,325,-79,46,11.4,1,-2.7,"Hermosillo",0,"Hermosillo",1,37,8,2944840,3.1,1.3,1
"3",2020-05-02,1510,1294,250,1044,216,250,128,122,24,15,9,173,77,384,88,8,172,55,6,48,1,71,10,151,0,21,3,0,0,5,0,1,0,0,0,1,0,0,0,2,0,23,0,55,1,20,3,19.3,"sábado",429,100,100,24,4,296,133,69,33.8,16,2,"Hermosillo",38,"Hermosillo",2,62,2,2944840,1.4,3.4,1.9
"4",2020-05-09,2117,1777,477,1300,340,477,202,275,31,19,12,352,125,523,140,13,305,142,22,119,1,137,16,292,0,40,3,0,0,6,0,1,0,0,0,1,0,0,0,4,0,57,0,142,3,24,4,26.8,"sábado",607,227,227,48,7,483,124,133,47,19,1.8,"Hermosillo",79,"Hermosillo",2,148,5,2944840,2.4,7.7,4.8
"5",2020-05-16,3137,2508,801,1707,629,801,329,472,43,25,18,618,183,680,205,17,522,237,21,215,1,222,25,494,0,75,3,0,0,7,0,1,0,0,0,2,0,0,0,6,0,58,0,223,2,37,10,31.9,"sábado",1020,324,324,58,12,731,289,217,44.3,35,1.9,"Hermosillo",136,"Hermosillo",2,188,10,2944840,4.1,11,8
"6",2020-05-23,4535,3326,1264,2062,1209,1264,567,697,74,37,37,941,323,1010,362,24,877,321,62,251,8,417,40,710,0,120,3,0,0,13,0,1,0,0,0,2,0,0,0,6,0,78,0,299,15,80,16,38,"sábado",1398,463,463,140,31,818,580,355,56.6,45,1.3,"Hermosillo",153,"Hermosillo",2,310,29,2944840,10.5,15.7,10.9
"7",2020-05-30,6395,4355,1865,2490,2040,1865,851,1014,121,54,67,1385,480,1391,536,34,1412,347,58,274,15,594,63,1037,0,210,8,0,0,18,0,2,0,0,0,3,0,0,0,7,0,104,1,390,22,100,24,42.8,"sábado",1860,601,601,157,47,1029,831,535,58.4,90,1.2,"Hermosillo",235,"Hermosillo",8,366,39,2944840,16,20.4,11.8
"8",2020-06-06,8557,5863,2865,2998,2694,2865,1343,1522,201,81,120,2186,679,1890,755,47,2239,443,48,377,18,897,117,1603,0,324,10,0,0,33,2,4,0,0,0,3,0,0,0,6,0,203,0,627,38,164,42,48.9,"sábado",2162,1000,1000,199,80,1508,654,827,66.3,114,0.6,"Hermosillo",371,"Hermosillo",24,629,56,2944840,27.2,34,15
"9",2020-06-13,11078,7210,3838,3372,3868,3838,1833,2005,284,121,163,2902,936,2513,1034,55,3317,244,47,190,7,1290,162,2076,0,414,12,0,0,50,4,4,0,0,0,3,0,0,0,10,0,186,1,593,31,184,51,53.2,"sábado",2521,973,973,257,83,1347,1174,1078,72.2,90,1,"Hermosillo",283,"Hermosillo",15,690,68,2944840,28.2,33,8.3
"10",2020-06-20,13811,8872,4959,3913,4939,4959,2420,2539,419,174,245,3720,1239,3294,1361,65,4332,222,24,184,14,1595,246,2706,0,568,18,0,0,80,4,5,0,0,0,3,0,0,0,6,0,183,1,713,55,219,79,55.9,"sábado",2733,1121,1121,303,135,1662,1071,1015,67.4,154,0.5,"Hermosillo",296,"Hermosillo",15,825,120,2944840,45.8,38.1,7.5
"11",2020-06-27,16697,11589,6944,4645,5108,6944,3406,3538,711,297,414,5079,1865,4456,2053,105,5738,532,104,391,37,2302,387,3787,0,685,26,0,0,159,11,6,1,0,0,3,0,0,0,12,0,293,2,1199,109,481,181,59.9,"sábado",2886,1985,1985,626,292,2717,169,1406,73.1,117,0.6,"Hermosillo",549,"Hermosillo",53,1436,239,2944840,99.2,67.4,18.1
"12",2020-07-04,19932,14659,9094,5565,5273,9094,4521,4573,899,375,524,6708,2386,5530,2661,129,7578,646,121,496,29,3029,522,5091,0,760,38,0,0,201,12,8,1,0,0,3,0,0,0,24,0,388,4,1297,65,441,119,62,"sábado",3235,2150,2150,521,188,3070,165,1840,70,75,1.1,"Hermosillo",631,"Hermosillo",45,1519,143,2944840,63.8,73,21.9
"13",2020-07-11,23424,17984,11491,6493,5440,11491,5765,5726,1157,484,673,8453,3038,6671,3388,151,9700,662,135,499,28,3857,715,6421,0,943,43,0,0,257,16,8,2,0,0,3,0,0,0,23,0,372,1,1456,86,546,171,63.9,"sábado",3492,2397,2397,652,258,3325,167,2122,72.1,183,1,"Hermosillo",1078,"Hermosillo",69,1319,189,2944840,87.6,81.4,22.5
"14",2020-07-18,25848,22050,14261,7789,3798,14261,7198,7063,1385,578,807,10518,3743,7829,4137,176,12168,734,135,573,26,4619,883,7879,0,1421,53,0,0,329,16,8,2,0,0,3,0,0,0,19,0,397,3,1726,80,628,145,64.7,"sábado",2424,2770,2770,705,228,4066,-1642,2468,68.1,478,0.7,"Hermosillo",1822,"Hermosillo",72,948,156,2944840,77.4,94.1,24.9
"15",2020-07-25,28162,25196,16365,8831,2966,16365,8262,8103,1710,708,1002,12068,4297,8893,4759,185,14113,559,141,401,17,5167,1103,9143,0,1676,97,0,0,364,16,10,2,0,0,3,0,0,0,23,0,303,2,1253,111,525,212,65,"sábado",2314,2104,2104,554,325,3146,-832,1945,66.9,255,1.1,"Hermosillo",1027,"Hermosillo",135,1077,190,2944840,110.4,71.4,19
"16",2020-08-01,30057,27659,17890,9769,2398,17890,9042,8848,1949,819,1130,13268,4622,9519,5128,201,15376,578,122,443,13,5501,1216,10054,0,1926,129,0,0,394,24,10,2,0,0,3,0,0,0,11,0,259,2,935,69,320,168,64.7,"sábado",1895,1525,1525,325,239,2463,-568,1263,61.9,250,0.7,"Hermosillo",944,"Hermosillo",86,581,153,2944840,81.2,51.8,19.6
"17",2020-08-08,32091,29767,18987,10780,2324,18987,9610,9377,2251,953,1298,14089,4898,10069,5453,214,16110,639,83,543,13,5821,1394,10719,0,2022,154,0,0,409,27,12,2,0,0,3,0,1,0,12,0,194,3,620,98,271,201,63.8,"sábado",2034,1097,1097,276,302,2108,-74,734,52,96,1.1,"Hermosillo",533,"Hermosillo",165,564,137,2944840,102.6,37.3,21.7
"18",2020-08-15,34374,32026,19930,12096,2348,19930,10091,9839,2372,1006,1366,14799,5131,10529,5721,230,16989,580,72,497,11,6146,1489,11274,0,2068,161,0,0,420,30,16,2,1,0,4,0,1,0,9,0,178,3,555,37,201,81,62.2,"sábado",2283,943,943,233,121,2259,24,879,41.7,46,1,"Hermosillo",411,"Hermosillo",46,532,75,2944840,41.1,32,19.7
"19",2020-08-22,36645,34268,20692,13576,2377,20692,10519,10173,2485,1051,1434,15393,5299,10951,6107,260,17602,611,72,533,6,6355,1558,11776,0,2107,166,0,0,431,31,17,3,1,0,4,0,1,0,16,0,159,3,433,38,154,72,60.4,"sábado",2271,762,762,168,113,2242,29,613,34,39,2.1,"Hermosillo",373,"Hermosillo",50,389,63,2944840,38.4,25.9,20.7
"20",2020-08-29,38947,36416,21330,15086,2531,21330,10865,10465,2607,1098,1509,15905,5425,11282,6266,275,18235,498,56,432,10,6508,1602,12209,0,2146,167,0,0,444,31,17,3,1,0,4,0,1,0,12,0,120,3,377,39,129,80,58.6,"sábado",2302,638,638,126,122,2148,154,633,29.7,39,1.9,"Hermosillo",279,"Hermosillo",67,359,55,2944840,41.4,21.7,16.9
"21",2020-09-05,41051,38754,22162,16592,2297,22162,11332,10830,2661,1122,1539,16646,5516,11498,6373,279,18987,522,24,490,8,6630,1643,12875,0,2185,167,0,0,446,31,18,3,3,0,4,0,1,0,21,0,181,0,489,25,141,29,57.2,"sábado",2104,832,832,91,54,2338,-234,752,35.6,39,2.5,"Hermosillo",357,"Hermosillo",19,475,35,2944840,18.3,28.3,17.7
"22",2020-09-12,42772,40838,23056,17782,1934,23056,11815,11241,2769,1177,1592,17457,5599,11690,6751,291,19785,507,33,469,5,6737,1676,13630,0,2210,168,0,0,453,39,18,3,3,0,4,0,1,0,16,0,187,2,548,38,143,68,56.5,"sábado",1721,894,894,83,108,2084,-363,798,42.9,25,1.8,"Hermosillo",259,"Hermosillo",40,635,68,2944840,36.7,30.4,17.2
"23",2020-09-19,44415,42611,23748,18863,1804,23748,12166,11582,2793,1189,1604,18087,5661,11852,6824,293,20539,418,34,382,2,6819,1688,14206,0,2236,168,0,0,461,39,18,3,3,0,4,0,1,0,12,0,161,1,412,7,107,16,55.7,"sábado",1643,692,692,62,24,1773,-130,754,39,26,1.7,"Hermosillo",265,"Hermosillo",1,427,23,2944840,8.1,23.5,14.2
"24",2020-09-26,46409,44488,24381,20107,1921,24381,12513,11868,2849,1205,1644,18642,5739,12037,6913,293,21068,469,35,429,5,6941,1721,14672,0,2270,168,0,0,471,39,18,3,4,0,4,0,1,0,13,0,146,0,363,17,111,39,54.8,"sábado",1994,633,633,78,56,1877,117,529,33.7,34,2.1,"Hermosillo",272,"Hermosillo",15,361,41,2944840,19,21.5,15.9
"25",2020-10-03,48145,46251,24924,21327,1894,24924,12815,12109,2884,1216,1668,19121,5803,12208,6993,295,21569,475,27,444,4,7032,1742,15085,0,2299,168,0,0,480,39,19,3,4,0,4,0,1,0,12,0,122,0,300,12,109,23,53.9,"sábado",1736,543,543,64,35,1763,-27,501,30.8,29,2.2,"Hermosillo",221,"Hermosillo",13,322,22,2944840,11.9,18.4,16.1
"26",2020-10-10,63914,48610,25442,23168,4175,35396,19010,16386,2975,1260,1715,29471,5925,12967,7209,310,31839,588,33,549,6,7144,1777,25261,0,2465,178,0,0,490,43,20,3,11,2,4,0,1,0,388,0,2278,1,6008,24,1798,66,52.3,"sábado",15769,10472,518,122,91,2359,2281,10270,22,166,3.7,"Hermosillo",5538,"Hermosillo",18,4934,73,2944840,30.9,355.6,20
"27",2020-10-17,65920,49945,25913,24032,4343,36358,19560,16798,3024,1278,1746,30351,6007,13192,7303,312,32814,526,35,485,6,7279,1807,26042,0,2507,185,0,0,495,43,20,3,10,2,4,0,1,0,46,0,217,0,531,15,168,34,51.9,"sábado",2006,962,471,82,49,1335,168,975,35.3,42,4.8,"Hermosillo",508,"Hermosillo",13,454,36,2944840,16.6,32.7,17.9
"28",2020-10-24,67807,51525,26543,24982,4288,37337,20085,17252,3082,1303,1779,31230,6107,13413,7420,317,33710,551,34,511,6,7440,1841,26753,0,2605,185,0,0,503,48,20,3,11,2,4,0,1,0,21,0,213,0,586,15,159,43,51.5,"sábado",1887,979,630,100,58,1580,-55,896,39.9,98,2.1,"Hermosillo",590,"Hermosillo",12,389,46,2944840,19.7,33.2,18.7
"29",2020-10-31,69646,52919,27144,25775,4350,38313,20642,17671,3137,1323,1814,32117,6196,13634,7525,320,34555,626,33,588,5,7594,1879,27504,0,2654,185,0,0,523,48,20,3,13,2,4,0,1,0,24,0,245,0,538,16,169,39,51.3,"sábado",1839,976,601,89,55,1394,62,845,43.1,49,2.5,"Hermosillo",483,"Hermosillo",9,493,46,2944840,18.7,33.1,21.3
"30",2020-11-07,72001,54373,27771,26602,4996,39158,21124,18034,3186,1347,1839,32845,6313,13912,7651,324,35481,494,33,458,3,7770,1916,28120,0,2695,185,0,0,534,48,20,3,14,2,4,0,1,0,16,0,186,1,496,20,147,28,51.1,"sábado",2355,845,627,117,49,1454,646,926,43.1,41,1.9,"Hermosillo",425,"Hermosillo",16,420,33,2944840,16.6,28.7,16.8
"31",2020-11-14,74445,56307,28761,27546,5309,40328,21781,18547,3250,1371,1879,33887,6441,14231,7810,330,36375,709,41,662,6,7915,1959,29031,0,2795,191,0,0,548,48,20,3,14,2,4,0,1,0,23,0,217,0,724,19,206,45,51.1,"sábado",2444,1170,990,128,64,1934,313,894,51.2,100,2,"Hermosillo",391,"Hermosillo",18,779,46,2944840,21.7,39.7,24.1
"32",2020-11-21,76626,57876,29595,28281,5803,41261,22288,18973,3312,1397,1915,34696,6565,14477,7952,334,37349,604,39,561,4,8049,2003,29750,0,2861,193,0,0,562,52,20,3,14,2,4,0,1,0,20,0,183,1,557,20,173,41,51.1,"sábado",2181,933,834,124,62,1569,494,974,53.2,66,2.1,"Hermosillo",354,"Hermosillo",21,579,41,2944840,21.1,31.7,20.5
"33",2020-11-28,80382,60148,30927,29221,7073,42779,23096,19683,3411,1439,1972,35986,6793,15048,8206,341,38654,722,41,673,8,8506,2079,30714,0,2934,196,0,0,583,53,22,3,14,2,5,1,1,0,29,0,338,2,855,29,296,68,51.4,"sábado",3756,1518,1332,228,99,2272,1270,1305,58.6,73,1.9,"Hermosillo",497,"Hermosillo",14,1021,85,2944840,33.6,51.5,24.5
"34",2020-12-05,83359,63899,33093,30806,6097,45121,24333,20788,3533,1483,2050,38019,7102,15710,8546,346,40408,1191,72,1108,11,8870,2181,32413,0,3170,202,0,0,625,53,23,3,14,2,5,1,1,0,20,2,509,2,1376,39,437,79,51.8,"sábado",2977,2342,2166,309,122,3751,-976,1754,57.7,236,0.9,"Hermosillo",1229,"Hermosillo",31,1113,91,2944840,41.4,79.5,40.4
"35",2020-12-12,86619,66735,34888,31847,6410,47007,25283,21724,3685,1554,2131,39602,7405,16363,8866,353,42187,1163,83,1052,28,9235,2301,33739,0,3343,219,0,0,646,57,23,3,15,2,5,1,1,0,24,1,382,3,1102,44,378,104,52.3,"sábado",3260,1886,1795,303,152,2836,313,1779,63.3,173,1.3,"Hermosillo",1079,"Hermosillo",41,807,111,2944840,51.6,64,39.5
"36",2020-12-19,89794,68995,36154,32841,7224,48367,26053,22314,3824,1609,2215,40710,7657,16979,9139,359,43822,738,75,646,17,9526,2417,34662,0,3472,221,0,0,661,58,24,3,16,2,5,1,1,0,10,0,278,1,785,39,287,99,52.4,"sábado",3175,1360,1266,252,139,2260,814,1635,56,129,0.7,"Hermosillo",752,"Hermosillo",53,608,86,2944840,47.2,46.2,25.1
"37",2020-12-26,91858,71530,37746,33784,6585,50099,26980,23119,3986,1683,2303,42060,8039,17641,9558,369,45483,661,91,539,31,9929,2558,35748,0,3668,223,0,0,704,60,24,3,17,2,5,1,4,0,19,0,347,2,977,37,389,123,52.8,"sábado",2064,1732,1592,382,162,2535,-639,1661,62.8,196,1.1,"Hermosillo",873,"Hermosillo",31,859,131,2944840,55,58.8,22.4
"38",2021-01-02,94792,74621,39698,34923,6060,52379,28177,24202,4208,1780,2428,43922,8457,18418,10026,388,47253,933,120,798,15,10296,2670,37418,0,3857,245,0,0,758,68,24,3,17,2,5,1,4,0,34,0,476,0,1226,58,544,164,53.2,"sábado",2934,2280,1952,418,222,3091,-525,1770,63.2,189,1.5,"Hermosillo",1331,"Hermosillo",59,949,163,2944840,75.4,77.4,31.7
"39",2021-01-09,98530,77268,41322,35946,6601,54504,29308,25196,4379,1849,2530,45680,8824,19142,10426,406,49057,1096,124,944,28,10680,2805,38980,0,4010,246,0,0,783,73,24,3,17,2,6,1,4,0,35,0,419,1,1214,44,457,126,53.5,"sábado",3738,2125,1624,367,171,2647,541,1804,61.4,153,1.6,"Hermosillo",1199,"Hermosillo",80,926,91,2944840,58.1,72.2,37.2
"40",2021-01-16,102480,80944,43612,37332,6229,57341,30862,26479,4642,1956,2686,48142,9199,19935,10858,417,51609,1122,129,961,32,11151,2928,41168,0,4166,287,0,0,805,78,24,3,17,2,6,1,4,0,36,0,554,2,1693,75,554,186,53.9,"sábado",3950,2837,2290,375,263,3676,-372,2552,62.3,156,1.3,"Hermosillo",1699,"Hermosillo",132,1138,131,2944840,89.3,96.3,38.1
"41",2021-01-23,106576,85304,46071,39233,5369,60367,32488,27879,5092,2152,2940,50700,9667,20913,11367,434,53746,1565,156,1373,36,11793,3182,43379,0,4295,318,0,0,848,83,25,3,17,2,6,1,4,0,42,3,589,4,1762,115,633,328,54,"sábado",4096,3026,2459,468,450,4360,-860,2137,56.4,129,1.4,"Hermosillo",1107,"Hermosillo",189,1919,261,2944840,152.8,102.8,53.1
"42",2021-01-30,110217,88481,47765,40716,5230,62601,33685,28916,5259,2229,3030,52625,9976,21599,11704,442,56130,1227,128,1084,15,12360,3297,44874,0,4452,328,0,0,863,86,25,3,17,2,6,1,4,0,38,-2,473,2,1258,29,465,138,54,"sábado",3641,2234,1694,309,167,3177,-139,2384,53.3,157,1.7,"Hermosillo",1179,"Hermosillo",48,1055,119,2944840,56.7,75.9,41.7
"43",2021-02-06,113441,91621,49445,42176,4943,64674,34732,29942,5499,2328,3171,54396,10278,22222,12040,450,58135,1063,93,947,23,12828,3496,46338,0,4577,342,0,0,879,90,25,3,17,2,6,1,4,0,42,1,416,5,1187,63,428,171,54,"sábado",3224,2073,1680,302,240,3140,-287,2005,53.5,125,2,"Hermosillo",947,"Hermosillo",118,1126,122,2944840,81.5,70.4,36.1
"44",2021-02-13,116386,94390,50362,44028,4834,65886,35346,30540,5704,2419,3285,55381,10505,22688,12288,453,59253,948,85,844,19,13207,3644,47086,0,4643,353,0,0,895,90,27,3,18,3,6,1,4,0,15,0,252,0,669,64,276,141,53.4,"sábado",2945,1212,917,227,205,2769,-109,1118,33.1,66,1.2,"Hermosillo",488,"Hermosillo",73,724,132,2944840,69.6,41.2,32.2
"45",2021-02-20,119070,96691,51112,45579,4994,66875,35840,31035,5872,2490,3382,56218,10657,23003,12454,464,60271,742,60,672,10,13475,3737,47662,0,4780,359,0,0,902,95,27,3,19,3,6,1,4,0,19,0,199,3,560,31,211,134,52.9,"sábado",2684,989,750,152,168,2301,160,1018,32.6,137,1.9,"Hermosillo",447,"Hermosillo",45,542,123,2944840,57,33.6,25.2
"46",2021-02-27,121706,99097,51600,47497,4995,67592,36219,31373,5986,2530,3456,56820,10772,23272,12600,468,61055,559,29,522,8,13692,3803,48073,0,4864,362,0,0,906,96,27,3,20,3,6,1,4,0,17,0,119,0,442,33,139,81,52.1,"sábado",2636,717,488,115,114,2406,1,784,20.3,84,2.4,"Hermosillo",246,"Hermosillo",26,471,88,2944840,38.7,24.3,19
"47",2021-03-06,124494,101713,52146,49567,4935,68378,36657,31721,6102,2582,3520,57518,10860,23505,12708,471,61726,558,30,520,8,13913,3866,48510,0,4987,364,0,0,910,96,27,3,20,3,7,1,4,0,25,0,163,0,434,43,164,73,51.3,"sábado",2788,786,546,88,116,2616,-60,671,20.9,123,3.2,"Hermosillo",311,"Hermosillo",38,475,78,2944840,39.4,26.7,18.9
"48",2021-03-13,127113,104184,52807,51377,4986,69125,37042,32083,6142,2599,3543,58175,10950,23703,12808,476,62222,770,46,715,9,14153,3891,48968,0,5029,365,0,0,914,96,29,4,21,3,7,1,4,0,20,0,203,1,387,9,137,30,50.7,"sábado",2619,747,661,90,40,2471,51,496,26.8,42,2.7,"Hermosillo",204,"Hermosillo",7,543,33,2944840,13.6,25.4,26.1
"49",2021-03-20,129325,105779,52998,52781,5574,69379,37187,32192,6180,2614,3566,58387,10992,23865,12868,469,62558,644,40,601,3,14006,3909,49299,0,5095,366,0,0,918,96,29,4,21,3,7,1,4,0,9,-1,79,-1,139,10,27,30,50.1,"sábado",2212,254,191,42,38,1595,588,336,12,66,3.5,"Hermosillo",-19,"Hermosillo",7,273,31,2944840,12.9,8.6,21.9
"50",2021-03-27,132167,108574,53660,54914,5503,70162,37613,32549,6222,2635,3587,58704,11458,24439,13340,471,63271,675,41,628,6,14274,3944,49653,0,5252,367,0,0,921,96,30,4,21,3,7,1,4,0,14,1,171,0,453,16,145,25,49.4,"sábado",2842,783,662,466,42,2795,-71,713,23.7,157,1.8,"Hermosillo",318,"Hermosillo",19,465,23,2944840,14.3,26.6,22.9
"51",2021-04-03,133968,110384,54090,56294,5418,70670,37895,32775,6297,2666,3631,59116,11554,24661,13444,477,63916,465,46,411,8,14505,3985,49862,0,5314,370,0,0,927,116,30,4,21,3,7,1,4,0,17,0,107,0,279,25,105,50,49,"sábado",1801,508,430,96,75,1810,-85,645,23.8,62,3.3,"Hermosillo",223,"Hermosillo",30,285,45,2944840,25.5,17.3,15.8
"52",2021-04-10,136734,113031,54745,58286,5460,71396,38276,33120,6372,2696,3676,59726,11670,24923,13578,485,64488,546,55,481,10,14776,4050,50270,0,5357,370,0,0,931,116,30,4,21,3,7,1,4,0,6,0,149,0,423,22,148,53,48.4,"sábado",2766,726,655,116,75,2647,42,572,24.7,43,0.8,"Hermosillo",252,"Hermosillo",18,474,57,2944840,25.5,24.7,18.5
"53",2021-04-17,139395,115551,55388,60163,5457,72183,38706,33477,6439,2729,3710,60403,11780,25174,13694,489,65133,618,47,564,7,15013,4103,50651,0,5520,370,0,0,937,117,30,4,21,3,7,1,4,0,22,0,189,0,440,21,136,46,47.9,"sábado",2661,787,643,110,67,2520,-3,645,25.5,163,2.8,"Hermosillo",321,"Hermosillo",11,466,56,2944840,22.8,26.7,21
"54",2021-04-24,142059,117997,55914,62083,5465,72920,39111,33809,6479,2753,3726,61064,11856,25362,13777,491,65822,624,50,569,5,15182,4129,51033,0,5700,373,0,0,943,117,30,4,21,3,7,1,4,0,20,0,160,0,422,9,135,31,47.4,"sábado",2664,737,526,76,40,2446,8,689,21.5,180,2.7,"Hermosillo",329,"Hermosillo",14,408,26,2944840,13.6,25,21.2
"55",2021-05-01,144307,120128,56318,63810,5471,73434,39395,34039,6522,2767,3755,61508,11926,25542,13858,496,66326,590,41,545,4,15329,4163,51314,0,5780,373,0,0,948,118,30,4,21,3,7,1,5,0,18,0,114,0,292,13,90,30,46.9,"sábado",2248,514,404,70,43,2131,6,504,19,80,3.5,"Hermosillo",239,"Hermosillo",18,275,25,2944840,14.6,17.5,20
"56",2021-05-08,146251,122044,56633,65411,5384,73866,39643,34223,6560,2781,3779,61900,11966,25660,13902,496,66824,484,24,458,2,15474,4189,51519,0,5861,373,0,0,949,124,30,4,21,3,7,1,5,0,10,0,104,0,258,14,60,24,46.4,"sábado",1944,432,315,40,38,1916,-87,498,16.4,81,2.3,"Hermosillo",193,"Hermosillo",14,239,24,2944840,12.9,14.7,16.4
"57",2021-05-15,148003,123751,56959,66792,5354,74269,39865,34404,6568,2781,3787,62264,12005,25758,13952,499,67280,421,25,396,0,15619,4190,51736,0,5900,373,0,0,951,124,30,4,21,3,7,1,5,0,12,1,90,0,264,3,37,4,46,"sábado",1752,403,326,39,8,1707,-30,456,19.1,39,3,"Hermosillo",179,"Hermosillo",4,224,4,2944840,2.7,13.7,14.3
"58",2021-05-22,149983,125461,57334,68127,5574,74685,40066,34619,6589,2790,3799,62607,12078,25900,14033,503,67639,462,31,426,5,15760,4204,51987,0,5921,373,0,0,954,124,30,4,21,3,7,1,5,0,17,0,101,0,245,6,53,15,45.7,"sábado",1980,416,375,73,21,1710,220,359,21.9,21,4.1,"Hermosillo",170,"Hermosillo",5,246,16,2944840,7.1,14.1,15.7
"59",2021-05-29,151862,127477,57787,69690,5390,75181,40335,34846,6627,2802,3825,62461,12720,26648,14666,503,68068,489,42,444,3,15936,4227,52273,0,5950,373,0,0,959,126,30,4,21,3,7,1,5,0,19,1,106,0,291,10,80,27,45.3,"sábado",1879,496,453,642,38,2016,-184,429,22.5,29,3.8,"Hermosillo",177,"Hermosillo",5,319,33,2944840,12.9,16.8,16.6
"60",2021-06-05,153988,129455,58359,71096,5489,75805,40670,35135,6673,2822,3851,63005,12800,26834,14759,507,68512,621,48,572,1,16201,4252,52601,0,5978,375,0,0,961,127,30,4,22,3,7,1,5,0,16,0,170,1,384,22,54,23,45.1,"sábado",2126,624,572,80,46,1978,99,444,28.9,28,2.6,"Hermosillo",179,"Hermosillo",11,445,35,2944840,15.6,21.2,21.1
"61",2021-06-12,156359,131594,59075,72519,5642,76596,41125,35471,6707,2836,3871,63704,12892,27026,14864,513,69051,843,53,785,5,16548,4277,52974,0,6042,375,0,0,966,128,32,5,22,3,7,1,5,0,25,0,233,-1,472,11,61,24,44.9,"sábado",2371,791,716,92,34,2139,153,539,33.5,64,3.2,"Hermosillo",304,"Hermosillo",12,487,22,2944840,11.5,26.9,28.6
"62",2021-06-19,159162,134284,60129,74155,5685,77722,41725,35997,6738,2851,3887,64746,12976,27221,14957,513,69805,1181,69,1110,2,16950,4300,53612,0,6121,378,0,0,972,128,32,5,23,3,7,1,5,0,50,0,323,1,666,13,87,17,44.8,"sábado",2803,1126,1054,84,31,2690,43,754,39.2,79,4.4,"Hermosillo",492,"Hermosillo",8,634,23,2944840,10.5,38.2,40.1
"63",2021-06-26,162715,137493,61352,76141,5948,79024,42414,36610,6764,2864,3900,65940,13084,27483,15075,516,70804,1460,78,1378,4,17468,4325,54309,0,6202,378,0,0,978,130,32,5,23,3,7,1,5,0,44,0,401,1,736,10,121,15,44.6,"sábado",3553,1302,1223,108,26,3209,263,999,38.1,81,3.4,"Hermosillo",552,"Hermosillo",19,750,7,2944840,8.8,44.2,49.6
"64",2021-07-03,165896,140751,62586,78165,5790,80339,43119,37220,6800,2876,3924,67134,13205,27743,15206,519,71947,1600,87,1505,8,17941,4350,55129,0,6216,380,0,0,985,130,33,5,23,3,7,1,5,0,52,-1,423,2,709,15,131,20,44.5,"sábado",3181,1315,1234,121,36,3258,-158,1143,37.9,14,4,"Hermosillo",489,"Hermosillo",18,826,18,2944840,12.2,44.7,54.3
"65",2021-07-10,169395,144142,63888,80254,5767,81771,43922,37849,6848,2905,3943,68414,13357,28048,15372,521,73375,1553,103,1445,5,18507,4390,55894,0,6306,382,0,0,991,131,34,5,26,3,8,1,5,0,75,0,456,3,761,18,140,27,44.3,"sábado",3499,1432,1302,152,48,3391,-23,1428,38.4,90,5.2,"Hermosillo",484,"Hermosillo",13,948,35,2944840,16.3,48.6,52.7
"66",2021-07-17,173653,148130,65646,82484,5939,83617,44916,38701,6888,2924,3964,70114,13503,28356,15529,524,74687,2049,114,1928,7,19261,4423,56963,0,6319,382,1,0,997,132,35,6,28,3,8,1,5,0,101,0,640,3,932,16,173,21,44.3,"sábado",4258,1846,1758,146,40,3988,172,1312,44.1,13,5.5,"Hermosillo",581,"Hermosillo",10,1265,30,2944840,13.6,62.7,69.6
"67",2021-07-24,178961,152886,67772,85114,6335,85897,46145,39752,6935,2942,3993,72210,13687,28720,15730,527,76553,2421,130,2279,12,20188,4455,58120,0,6489,385,1,0,1021,132,37,7,28,3,8,1,5,0,143,0,758,1,1151,24,228,22,44.3,"sábado",5308,2280,2126,184,47,4756,396,1866,44.7,170,6.3,"Hermosillo",777,"Hermosillo",10,1503,37,2944840,16,77.4,82.2
"68",2021-07-31,185492,159573,70375,89198,6002,88678,47599,41079,7027,2980,4047,74728,13950,29284,16030,537,78768,2899,187,2696,16,21384,4520,59525,0,6639,386,1,0,1049,136,38,7,29,3,8,1,5,0,177,0,867,3,1464,48,273,41,44.1,"sábado",6531,2781,2603,263,92,6687,-333,2215,38.9,150,6.4,"Hermosillo",894,"Hermosillo",31,1887,61,2944840,31.2,94.4,98.4
"69",2021-08-07,191539,165564,72928,92636,5913,91388,49013,42375,7122,3027,4095,77153,14235,29857,16350,542,81242,3045,204,2820,21,22724,4592,60852,0,6665,389,1,0,1065,138,38,7,30,3,8,1,5,0,140,1,902,2,1411,47,257,45,44,"sábado",6047,2710,2553,285,95,5991,-89,2474,42.6,26,5.2,"Hermosillo",806,"Hermosillo",25,1904,70,2944840,32.3,92,103.4
"70",2021-08-14,197852,171169,75388,95781,6394,94073,50457,43616,7243,3082,4161,79568,14505,30442,16653,549,83848,3008,175,2807,26,24134,4694,62065,0,6701,389,1,0,1088,144,39,7,31,3,8,1,6,0,187,1,811,2,1410,50,277,68,44,"sábado",6313,2685,2460,270,121,5605,481,2606,43.9,36,7,"Hermosillo",749,"Hermosillo",34,1936,87,2944840,41.1,91.2,102.1
"71",2021-08-21,204256,177510,78217,99293,6113,97233,52207,45026,7355,3129,4226,82404,14829,31084,17009,564,86880,3026,200,2798,28,25471,4782,63475,0,7076,389,1,0,1124,151,41,7,31,3,8,1,6,0,244,1,927,4,1628,44,361,63,44.1,"sábado",6404,3160,2829,324,112,6341,-281,3032,44.6,375,7.7,"Hermosillo",1231,"Hermosillo",26,1929,86,2944840,38,107.3,102.8
"72",2021-08-28,211410,184262,80849,103413,6244,100138,53767,46371,7477,3187,4290,84998,15140,31650,17346,570,89826,2869,212,2623,34,26689,4881,64789,0,7421,389,1,0,1149,154,42,7,32,3,9,2,6,0,229,2,709,9,1556,40,411,71,43.9,"sábado",7154,2905,2632,311,122,6752,131,2946,39,345,7.9,"Hermosillo",1011,"Hermosillo",28,1894,94,2944840,41.4,98.6,97.4
"73",2021-09-04,217098,189686,82946,106740,6247,102493,55063,47430,7655,3267,4388,87118,15375,32149,17601,577,92429,2434,167,2242,25,27645,4973,65887,0,7700,394,1,0,1169,156,43,7,33,3,9,2,6,0,180,0,539,2,1310,80,326,96,43.7,"sábado",5688,2355,2097,235,178,5424,3,2603,38.7,279,7.6,"Hermosillo",794,"Hermosillo",49,1561,129,2944840,60.4,80,82.7
"74",2021-09-11,221907,194340,84612,109728,6211,104334,56052,48282,7800,3330,4470,88725,15609,32636,17886,596,94569,1985,146,1819,20,28375,5052,66853,0,7825,415,1,0,1189,161,43,7,33,3,9,2,6,0,128,0,435,4,966,61,312,80,43.5,"sábado",4809,1841,1666,234,145,4654,-36,2140,35.8,125,7,"Hermosillo",533,"Hermosillo",54,1308,91,2944840,49.2,62.5,67.4
"75",2021-09-18,225310,197805,85999,111806,6045,105824,56813,49011,7926,3383,4543,90037,15787,33028,18083,604,96308,1605,125,1465,15,28908,5119,67646,0,7975,416,1,0,1203,161,43,7,33,3,9,2,6,0,129,0,350,6,762,52,249,68,43.5,"sábado",3403,1490,1387,178,126,3465,-166,1739,40,150,8.7,"Hermosillo",501,"Hermosillo",19,989,107,2944840,42.8,50.6,54.5
"76",2021-09-25,229242,201322,87250,114072,6230,107302,57599,49703,8112,3461,4651,91329,15973,33423,18339,650,97801,1401,106,1283,12,29404,5199,68413,0,8183,420,1,0,1209,166,43,7,34,3,9,2,6,0,129,0,361,2,739,58,249,126,43.3,"sábado",3932,1478,1251,186,186,3517,185,1493,35.6,208,8.7,"Hermosillo",521,"Hermosillo",88,957,98,2944840,63.2,50.2,47.6
"77",2021-10-02,232336,204245,88173,116072,6211,108411,58211,50200,8226,3510,4716,92269,16142,33736,18529,661,99090,1111,85,1010,16,29780,5265,68982,0,8339,422,1,0,1216,169,43,7,35,4,9,2,6,0,91,0,272,3,542,30,204,81,43.2,"sábado",3094,1109,923,169,114,2923,-19,1289,31.6,156,8.2,"Hermosillo",386,"Hermosillo",33,723,81,2944840,38.7,37.7,37.7
"78",2021-10-09,235262,207151,89017,118134,6073,109411,58740,50671,8298,3539,4759,93160,16251,33996,18653,669,100177,949,74,862,13,30167,5312,69468,0,8456,426,1,0,1225,169,44,7,35,4,9,2,6,0,79,1,207,2,551,23,163,46,43,"sábado",2926,1000,844,109,72,2906,-138,1087,29,117,7.9,"Hermosillo",306,"Hermosillo",26,694,46,2944840,24.4,34,32.2
"79",2021-10-16,237896,209689,89677,120012,6047,110178,59149,51029,8335,3555,4780,93834,16344,34201,18757,670,100998,855,64,781,10,30470,5338,69915,0,8463,426,1,0,1235,169,44,7,35,4,9,2,6,0,63,0,161,0,409,9,134,28,42.8,"sábado",2634,767,660,93,37,2538,-26,821,26,7,8.2,"Hermosillo",184,"Hermosillo",3,583,34,2944840,12.6,26,29
"80",2021-10-23,240598,212148,90390,121758,6113,111069,59644,51425,8389,3576,4813,94619,16450,34443,18868,675,101890,800,65,725,10,30809,5374,70377,0,8543,427,1,0,1243,170,45,7,36,4,9,2,6,0,89,0,186,0,447,14,169,40,42.6,"sábado",2702,891,713,106,54,2459,66,892,29,80,10,"Hermosillo",256,"Hermosillo",11,635,43,2944840,18.3,30.3,27.2
"81",2021-10-30,243229,214515,91091,123424,6130,111992,60136,51856,8450,3607,4843,95445,16547,34672,18975,683,102729,816,67,746,3,31133,5398,70820,0,8687,433,1,0,1255,170,45,7,36,4,9,2,6,0,85,0,195,1,473,15,170,45,42.5,"sábado",2631,923,701,97,61,2367,17,839,29.6,144,9.2,"Hermosillo",301,"Hermosillo",9,622,52,2944840,20.7,31.3,27.7
"82",2021-11-06,245955,217130,91960,125170,6059,113040,60708,52332,8529,3646,4883,96384,16656,34902,19097,686,103637,887,71,803,13,31587,5438,71247,0,8848,436,1,0,1261,173,45,7,36,4,9,2,6,0,79,0,216,1,575,33,178,45,42.4,"sábado",2726,1048,869,109,79,2615,-71,908,33.2,161,7.5,"Hermosillo",360,"Hermosillo",11,688,68,2944840,26.8,35.6,30.1
"83",2021-11-13,249425,220333,93045,127288,6156,114294,61413,52881,8585,3670,4915,97479,16815,35210,19267,692,104409,1305,82,1218,5,32098,5475,71826,0,9002,436,1,0,1271,173,45,7,36,4,9,2,6,0,88,0,285,0,683,12,198,44,42.2,"sábado",3470,1254,1085,159,56,3203,97,772,33.9,154,7,"Hermosillo",475,"Hermosillo",10,779,46,2944840,19,42.6,44.3
"84",2021-11-20,252526,223151,94119,129032,6269,115523,62125,53398,8641,3694,4947,98542,16981,35575,19449,697,105520,1375,114,1248,13,32584,5520,72396,0,9162,436,1,0,1284,175,45,7,36,4,9,2,6,0,78,0,272,1,646,13,233,42,42.2,"sábado",3101,1229,1074,166,56,2818,113,1111,38.1,160,6.3,"Hermosillo",494,"Hermosillo",12,735,44,2944840,19,41.7,46.7
"85",2021-11-27,256606,226917,95645,131272,6355,117277,63081,54196,8703,3716,4987,100138,17139,35925,19621,701,106695,1899,113,1766,20,33281,5570,73212,0,9382,438,1,0,1305,178,45,7,36,4,9,2,6,0,129,0,387,0,958,19,280,43,42.1,"sábado",4080,1754,1526,158,62,3766,86,1175,40.5,220,7.4,"Hermosillo",697,"Hermosillo",21,1057,41,2944840,21.1,59.6,64.5
"86",2021-12-04,260614,230503,97021,133482,6437,118987,64015,54972,8797,3755,5042,101659,17328,36324,19833,710,108430,1775,124,1636,15,33880,5610,74089,0,9600,438,1,0,1320,180,46,7,36,4,9,2,6,0,101,2,366,0,925,33,318,59,42.1,"sábado",4008,1710,1376,189,94,3586,82,1735,38.4,218,5.9,"Hermosillo",788,"Hermosillo",20,922,74,2944840,31.9,58.1,60.3
"87",2021-12-11,264409,234174,98337,135837,6462,120387,64761,55626,8888,3791,5097,102867,17520,36761,20041,714,109909,1614,131,1459,24,34442,5670,74801,0,9702,438,1,0,1344,182,46,7,36,4,9,2,6,0,79,-2,307,0,752,18,262,75,42,"sábado",3795,1400,1316,192,91,3671,25,1479,35.8,102,5.6,"Hermosillo",501,"Hermosillo",27,899,64,2944840,30.9,47.5,54.8
"88",2021-12-18,267769,237384,99541,137843,6558,121637,65450,56187,8987,3836,5151,103950,17687,37154,20235,723,111303,1361,124,1223,14,34933,5729,75402,0,9834,450,1,0,1370,188,46,7,36,4,9,2,6,0,71,0,274,0,668,33,237,66,41.9,"sábado",3360,1250,1204,167,99,3210,96,1394,37.5,132,5.7,"Hermosillo",413,"Hermosillo",50,837,49,2944840,33.6,42.4,46.2
"89",2021-12-25,270061,239539,100306,139233,6666,122402,65875,56527,9059,3869,5190,104567,17835,37481,20392,726,112432,924,83,828,13,35298,5789,75745,0,9871,450,1,0,1388,191,48,7,36,4,9,2,6,0,45,0,166,1,408,13,146,58,41.9,"sábado",2292,765,765,148,72,2155,108,1129,35.5,37,5.9,"Hermosillo",282,"Hermosillo",22,483,50,2944840,24.4,26,31.4
"90",2022-01-01,273205,242677,101476,141201,6605,123642,66580,57062,9169,3913,5256,105655,17987,37830,20565,740,113267,1223,87,1119,17,35785,5866,76355,0,9989,450,1,0,1412,196,49,7,36,4,9,2,6,0,63,1,297,2,692,28,188,79,41.8,"sábado",3144,1240,1170,152,110,3138,-61,835,37.3,118,5.1,"Hermosillo",487,"Hermosillo",53,753,57,2944840,37.4,42.1,41.5
"91",2022-01-08,279538,248623,104666,143957,6868,126953,68565,58388,9218,3930,5288,108828,18125,38167,20729,747,114181,3569,96,3458,15,37332,5900,77744,0,10291,451,1,0,1481,201,52,7,37,4,9,2,6,0,109,0,961,0,1953,15,288,34,42.1,"sábado",6333,3311,3190,138,49,5946,263,914,53.6,302,3.3,"Hermosillo",1340,"Hermosillo",27,1971,22,2944840,16.6,112.4,121.2
"92",2022-01-15,290301,259304,111015,148289,6801,133430,72425,61005,9290,3962,5328,115096,18334,38636,20954,757,116598,7557,179,7363,15,40684,5935,80352,0,10670,463,1,0,1614,207,53,7,38,4,12,2,6,0,155,1,1781,0,4044,19,497,52,42.8,"sábado",10763,6477,6349,209,72,10681,-67,2417,59.4,379,2.4,"Hermosillo",2316,"Hermosillo",30,4161,42,2944840,24.4,219.9,256.6
"93",2022-01-22,299433,268038,117431,150607,6838,140209,76562,63647,9380,4000,5380,121601,18608,39194,21246,760,122994,7866,236,7599,31,44107,5991,83108,0,11150,463,1,0,1729,215,58,7,38,4,12,2,6,0,216,1,1799,0,4188,25,576,64,43.8,"sábado",9132,6779,6416,274,90,8734,37,6396,73.5,480,3.2,"Hermosillo",2064,"Hermosillo",24,4715,66,2944840,30.6,230.2,267.1
"94",2022-01-29,307413,275641,123103,152538,6825,146266,80144,66122,9490,4049,5441,127337,18929,39804,21584,766,130157,6661,279,6340,42,47243,6084,85385,0,11691,463,1,0,1830,218,58,7,39,4,12,2,7,0,211,1,1440,0,3746,25,660,84,44.7,"sábado",7980,6057,5672,321,110,7603,-13,7163,74.6,541,3.5,"Hermosillo",1986,"Hermosillo",27,4071,83,2944840,37.4,205.7,226.2
"95",2022-02-05,314306,282298,128167,154131,6775,151576,83327,68249,9636,4114,5522,132348,19228,40388,21898,772,137151,4832,261,4528,43,50352,6185,86965,0,12223,463,1,0,1916,223,59,7,40,4,12,2,8,0,242,0,1227,2,3228,31,613,113,45.4,"sábado",6893,5310,5064,299,146,6657,-50,6994,76.1,532,4.6,"Hermosillo",2216,"Hermosillo",43,3094,103,2944840,49.6,180.3,164.1
"96",2022-02-12,319342,287147,131886,155261,6764,155491,85624,69867,9770,4172,5598,136063,19428,40793,22117,774,142530,3234,162,3029,43,53020,6287,87788,0,12534,463,1,0,2027,228,60,7,41,4,12,2,8,0,180,1,939,0,2358,20,438,113,45.9,"sábado",5036,3915,3719,200,134,4849,-11,5379,76.7,311,4.6,"Hermosillo",1651,"Hermosillo",45,2264,89,2944840,45.5,132.9,109.8
"97",2022-02-19,324192,291909,135083,156826,6748,158786,87582,71204,9861,4207,5654,139209,19577,41096,22278,777,146844,2111,116,1965,30,55246,6353,88366,0,12922,463,1,0,2122,232,67,8,41,4,13,2,8,0,147,0,772,3,2029,16,347,72,46.3,"sábado",4850,3295,3197,149,91,4762,-16,4314,67.1,388,4.5,"Hermosillo",1527,"Hermosillo",26,1768,65,2944840,30.9,111.9,71.7
"98",2022-02-26,327471,295107,137246,157861,6722,161050,88909,72141,9924,4232,5692,141382,19668,41307,22379,788,149806,1333,55,1265,13,56852,6390,88702,0,13152,463,1,0,2209,234,72,8,41,4,13,2,8,0,82,1,552,0,1392,6,238,56,46.5,"sábado",3279,2264,2163,91,63,3198,-26,2962,67.6,230,3.6,"Hermosillo",992,"Hermosillo",17,1272,46,2944840,21.4,76.9,45.3
"99",2022-03-05,329756,297321,138551,158770,6721,162414,89690,72724,9956,4246,5710,142689,19725,41462,22441,792,151682,780,31,745,4,57786,6415,88887,0,13344,463,1,0,2257,235,76,8,41,4,14,2,8,0,67,0,318,0,834,4,145,28,46.6,"sábado",2285,1364,1305,57,32,2214,-1,1876,58.9,192,4.9,"Hermosillo",565,"Hermosillo",13,799,19,2944840,10.9,46.3,26.5
"100",2022-03-12,331589,299089,139415,159674,6748,163312,90205,73107,10037,4268,5769,143562,19750,41595,22512,792,152694,583,21,560,2,58390,6441,89023,0,13487,494,1,0,2268,236,80,8,41,4,14,2,8,0,33,1,243,0,564,16,58,64,46.6,"sábado",1833,898,864,25,81,1768,27,1012,48.9,143,3.7,"Hermosillo",313,"Hermosillo",45,585,36,2944840,27.5,30.5,19.8
"101",2022-03-19,333110,300583,139802,160781,6751,163723,90469,73254,10053,4274,5779,143949,19774,41672,22543,792,153307,367,12,351,4,58653,6454,89083,0,13567,494,1,0,2276,236,80,8,41,4,14,2,8,0,20,0,115,0,237,6,39,10,46.5,"sábado",1521,411,387,24,16,1494,3,613,25.9,80,4.9,"Hermosillo",84,"Hermosillo",6,327,10,2944840,5.4,14,12.5
"102",2022-03-26,334802,302251,140450,161801,6766,164380,90865,73515,10076,4283,5793,144594,19786,41721,22561,795,154195,109,10,99,0,59247,6457,89114,0,13592,498,1,0,2282,236,81,8,41,4,14,2,8,0,17,0,198,1,415,6,27,16,46.5,"sábado",1692,657,648,12,23,1668,15,888,38.8,25,2.6,"Hermosillo",71,"Hermosillo",9,586,14,2944840,7.8,22.3,3.7
"103",2022-04-02,336364,303814,140953,162861,6744,164905,91166,73739,10083,4287,5796,145113,19792,41757,22569,795,154714,109,5,103,1,59689,6461,89159,0,13626,498,1,0,2285,237,82,8,41,4,14,2,8,0,9,0,160,0,325,1,31,6,46.4,"sábado",1562,525,503,6,7,1563,-22,519,32.2,34,1.7,"Hermosillo",41,"Hermosillo",2,484,5,2944840,2.4,17.8,3.7
"104",2022-04-09,337597,304999,141405,163594,6777,165372,91446,73926,10096,4289,5807,145568,19804,41804,22586,795,155185,91,4,87,0,60088,6463,89207,0,13638,498,1,0,2293,237,82,8,41,4,14,2,8,0,14,0,141,0,277,3,35,10,46.4,"sábado",1233,467,452,12,13,1185,33,471,38.1,12,3,"Hermosillo",19,"Hermosillo",0,448,13,2944840,4.4,15.9,3.1
"105",2022-04-16,337950,305361,141466,163895,6757,165444,91493,73951,10104,4293,5811,145635,19809,41826,22592,795,155294,46,4,42,0,60114,6465,89238,0,13653,498,1,0,2293,237,82,8,41,4,14,2,8,0,2,0,21,1,37,1,12,6,46.3,"sábado",353,72,61,5,8,362,-20,109,16.9,15,2.8,"Hermosillo",24,"Hermosillo",4,48,4,2944840,2.7,2.4,1.6
"106",2022-04-23,338675,306054,141528,164526,6763,165529,91552,73977,10112,4295,5817,145686,19843,41903,22634,794,155360,57,7,50,0,60155,6466,89263,0,13659,498,1,0,2306,237,82,8,41,4,14,2,8,0,11,0,26,0,38,3,10,5,46.2,"sábado",725,85,62,34,8,693,6,66,8.9,6,12.9,"Hermosillo",42,"Hermosillo",8,43,0,2944840,2.7,2.9,1.9
"107",2022-04-30,339194,306557,141589,164968,6770,165598,91596,74002,10118,4299,5819,145747,19851,41928,22645,795,155417,64,8,55,1,60174,6465,89285,0,13676,500,1,0,2317,237,82,8,41,4,14,2,8,0,2,-1,13,0,41,2,13,5,46.2,"sábado",519,69,61,8,6,503,7,57,12.1,17,2.9,"Hermosillo",26,"Hermosillo",1,43,5,2944840,2,2.3,2.2
"108",2022-05-07,339905,307040,141634,165406,6992,165647,91623,74024,10119,4299,5820,145794,19853,41951,22648,795,155483,45,4,41,0,60206,6466,89293,0,13680,500,1,0,2322,237,82,8,41,4,14,2,8,0,3,0,15,0,25,0,6,1,46.1,"sábado",711,49,45,2,1,483,222,66,9.3,4,6.1,"Hermosillo",17,"Hermosillo",0,32,1,2944840,0.3,1.7,1.5
"109",2022-05-14,340325,307446,141701,165745,7004,165714,91667,74047,10120,4299,5821,145859,19855,41975,22654,796,155538,57,1,55,1,60234,6467,89296,0,13685,500,1,0,2351,237,84,8,41,4,14,2,8,0,6,0,15,0,37,0,9,1,46.1,"sábado",420,67,67,2,1,406,12,55,16.5,5,9,"Hermosillo",16,"Hermosillo",1,51,0,2944840,0.3,2.3,1.9
"110",2022-05-21,340234,307382,141240,166142,7011,165219,91449,73770,10129,4307,5822,145384,19835,41945,22636,794,155022,68,3,65,0,60165,6469,88913,0,13636,500,1,0,2357,237,84,8,41,4,14,2,8,0,-3,0,-140,0,-285,3,-67,6,45.9,"sábado",-91,-495,-461,-20,9,-64,7,-516,720.3,-49,0.6,"Hermosillo",-186,"Hermosillo",0,-309,9,2944840,3.1,-16.8,2.3
"111",2022-05-28,340426,307583,140976,166607,7029,164926,91328,73598,10131,4308,5823,145107,19819,41924,22625,795,154688,107,3,104,0,60160,6470,88646,0,13594,500,1,0,2377,238,85,8,41,4,14,2,8,0,-1,0,-72,0,-201,1,-19,1,45.8,"sábado",192,-293,-264,-16,2,201,18,-334,-131.3,-42,0.3,"Hermosillo",-115,"Hermosillo",0,-178,2,2944840,0.7,-9.9,3.6
"112",2022-06-04,341215,308394,141342,167052,7050,165248,91552,73696,10138,4311,5827,145439,19809,41911,22616,795,154900,210,2,208,0,60744,6472,88381,0,13583,500,1,0,2381,241,95,8,41,4,14,2,8,0,10,0,106,0,221,1,-15,6,45.8,"sábado",789,322,366,-10,7,811,21,212,45.1,-11,3.1,"Hermosillo",486,"Hermosillo",2,-164,5,2944840,2.4,10.9,7.1
"113",2022-06-11,342602,309739,142085,167654,7067,166014,92040,73974,10149,4313,5836,146195,19819,41950,22633,795,155323,543,2,540,1,61222,6473,88488,0,13707,500,1,0,2430,242,102,8,41,4,15,2,8,0,41,0,188,0,461,0,76,11,45.9,"sábado",1387,766,743,10,11,1345,17,423,55.2,124,5.4,"Hermosillo",542,"Hermosillo",6,224,5,2944840,3.7,26,18.4
"114",2022-06-18,344826,311891,143395,168496,7087,167364,92844,74520,10156,4314,5842,147523,19841,42006,22659,796,156086,1122,11,1111,0,62009,6474,88756,0,13911,500,1,0,2509,242,114,8,41,4,15,2,8,0,75,0,350,0,805,5,120,2,46,"sábado",2224,1350,1310,22,7,2152,20,763,60.9,204,5.6,"Hermosillo",787,"Hermosillo",6,563,1,2944840,2.4,45.8,38.1
"115",2022-06-25,347870,314803,145277,169526,7155,169310,94057,75253,10165,4317,5848,149455,19855,42057,22679,799,156879,2266,14,2252,0,62979,6474,89232,0,14258,500,1,0,2652,242,124,8,41,4,15,2,8,0,141,0,486,0,1131,3,188,6,46.1,"sábado",3044,1946,1882,14,9,2912,68,793,64.6,347,7.2,"Hermosillo",917,"Hermosillo",1,1029,8,2944840,3.1,66.1,76.9
"116",2022-07-02,351901,318655,147795,170860,7251,171911,95700,76211,10170,4320,5850,152015,19896,42153,22726,800,158112,3630,36,3593,1,64185,6476,89948,0,14760,500,1,0,2814,243,138,8,42,4,15,2,8,0,183,0,666,1,1487,1,265,3,46.4,"sábado",4031,2601,2518,41,5,3852,96,1233,65.4,502,7,"Hermosillo",956,"Hermosillo",5,1645,0,2944840,1.7,88.3,123.3
"117",2022-07-09,356781,323364,151222,172142,7310,175447,97849,77598,10182,4326,5856,155488,19959,42302,22797,803,160544,4727,69,4652,6,66012,6481,90948,0,15334,500,1,0,2930,243,154,8,43,4,16,2,9,0,207,0,919,2,2111,0,299,10,46.8,"sábado",4880,3536,3427,63,12,4709,59,2432,72.8,574,5.9,"Hermosillo",1423,"Hermosillo",6,2113,6,2944840,4.1,120.1,160.5
"118",2022-07-16,362421,328748,155326,173422,7386,179730,100521,79209,10193,4326,5867,159701,20029,42460,22875,805,164117,5425,91,5329,5,68227,6489,92125,0,16065,500,1,0,3074,243,170,8,43,4,16,2,9,0,215,1,1122,0,2522,1,424,9,47.2,"sábado",5640,4283,4104,70,11,5384,76,3573,76.2,731,5,"Hermosillo",1541,"Hermosillo",5,2742,6,2944840,3.7,145.4,184.2
"119",2022-07-23,368321,334401,159738,174663,7513,184258,103319,80939,10215,4336,5879,164151,20107,42627,22960,809,169027,5031,96,4920,15,71034,6500,93168,0,16482,501,1,0,3315,243,188,8,44,4,17,2,9,0,232,0,1190,1,2645,5,461,16,47.8,"sábado",5900,4528,4412,78,22,5653,127,4910,78,417,5.1,"Hermosillo",1559,"Hermosillo",5,2969,17,2944840,7.5,153.8,170.8
